8.00,8.20,8.45,8.50,8.30,8.00,7.80,7.70,7.80,8.50,8.50,8.45,8.70,8.90,9.10,9.10,9.70,9.10,8.75,0.00,8.70,8.80,8.90,8.90,9.00,8.90,9.00,9.45,9.50,9.90,10.00,9.80,10.00,9.70,10.15,10.80,9.90,9.50,9.60,9.60,10.10,9.90,10.40,10.00,10.30,10.20,10.40,10.40,11.00,11.10,11.35,0.00,11.10,11.10,11.10,11.50,12.20,11.90,12.40,11.60,12.30,11.70,11.60,11.80,12.10,11.40,11.80,11.90,12.20,12.20,12.50,13.00,12.80,13.80,13.70,12.75,13.10,13.10,12.70,13.20,13.00,13.20,14.10,0.00,14.60,15.20,14.40,14.70,14.60,14.30,13.50,12.35,12.70,12.70,12.80,12.80,13.30,13.00,13.65,13.50,13.40,13.20,13.10,13.30,13.20,13.50,14.00,14.85,14.70,14.60,14.80,14.90,14.80,14.80,14.10,0.00,14.50,14.90,13.90,14.50,14.30,13.60,13.50,13.30,12.80,12.90,13.30,12.50,13.00,12.90,13.25,13.10,13.70,13.90,13.60,13.50,13.30,13.30,12.30,12.50,12.50,12.80,13.30,13.10,13.50,13.50,14.45,0.00,14.00,13.60,14.00,15.70,16.10,15.40,15.30,15.55,15.60,16.00,15.90,15.40,15.60,15.70,16.10,15.30,15.40,16.10,15.80,15.20,15.40,15.20,15.30,15.85,16.40,15.60,15.70,15.30,15.30,16.00,16.10,0.00,15.80,15.40,15.10,15.10,16.20,15.90,15.50,15.10,15.00,14.80,15.00,15.00,15.40,15.20,15.35,14.90,15.00,14.60,14.80,15.40,15.30,15.60,14.00,15.35,16.30,15.10,14.40,15.10,14.80,14.60,14.75,0.00,14.90,15.70,15.10,15.40,15.30,15.40,15.00,15.55,15.30,14.70,15.40,14.70,15.90,15.50,15.45,14.90,15.50,15.20,15.00,15.70,15.70,15.70,15.20,15.10,15.20,14.80,15.50,15.30,15.10,14.40,14.70,0.00,14.90,15.50,14.90,14.90,15.10,14.30,14.50,14.70,14.50,14.50,14.00,14.20,14.40,14.00,14.60,14.30,14.30,14.00,13.90,14.00,13.90,13.80,13.50,13.80,14.40,14.30,14.00,13.70,13.60,13.60,13.65,0.00,13.80,13.70,13.60,13.30,13.60,13.30,13.00,13.00,12.70,12.00,12.60,12.40,12.60,12.30,12.30,12.50,12.80,12.60,12.20,12.00,12.00,11.70,11.40,11.50,11.50,11.70,11.80,11.50,11.50,11.30,11.50,0.00,11.10,10.80,10.70,11.00,10.70,10.40,10.40,10.25,10.40,10.30,10.10,10.10,10.20,10.20,10.00,10.30,9.80,9.70,9.50,9.30,9.60,9.70,9.80,9.50,9.50,9.30,8.90,9.00,9.10,9.10,9.15,0.00,8.90,9.20,8.50,8.70,8.90,8.70,8.80,8.55,8.90,8.60,8.80,9.30,9.40,9.20,8.75,8.40,8.50,8.50,8.30,8.00,9.00,8.90,8.90,9.20,9.30
8.70,8.80,9.00,9.00,8.90,9.10,0.00,8.80,9.20,9.10,9.80,10.00,9.70,10.00,9.75,9.50,9.40,9.50,9.40,9.80,9.90,10.40,10.40,10.30,10.40,10.10,10.60,11.00,10.80,10.60,10.40,10.30,10.20,10.20,10.50,10.60,10.70,10.90,0.00,11.20,11.50,11.70,11.60,11.60,11.30,11.60,12.00,12.20,12.40,11.90,12.10,12.50,12.50,12.45,12.20,12.70,12.70,12.20,0.00,0.00,0.00,12.50,12.45,12.80,12.70,13.20,13.20,14.10,13.90,13.90,13.40,13.40,13.20,12.80,12.80,12.60,12.60,13.20,13.30,13.20,13.50,13.30,13.50,13.60,13.20,14.00,13.60,14.30,14.40,14.50,13.70,13.50,13.40,13.50,13.60,13.70,13.50,13.50,14.40,14.40,14.10,14.35,14.20,14.30,14.20,13.60,14.10,13.80,14.10,13.60,14.00,14.50,14.20,14.30,14.10,14.20,14.00,14.10,13.80,14.10,13.60,13.80,13.40,13.60,14.10,13.80,14.20,13.90,14.10,13.80,13.90,14.50,13.30,13.45,13.20,12.90,13.00,13.70,13.50,13.50,13.40,13.90,13.65,13.10,13.30,12.90,13.60,14.30,13.30,14.00,13.20,15.30,15.50,16.20,16.00,15.30,15.40,15.40,15.45,14.80,14.60,14.30,14.60,14.70,14.60,15.05,0.00,15.10,15.10,14.90,14.30,14.20,14.60,14.50,14.65,14.60,14.30,14.50,14.70,15.40,14.70,14.70,14.70,15.20,15.40,14.90,14.50,14.40,15.00,13.80,14.85,14.60,14.40,13.50,13.40,15.30,14.90,14.25,0.00,14.40,14.90,15.30,15.10,15.40,15.80,14.70,15.15,14.10,14.60,14.70,14.90,15.40,14.40,14.90,14.40,15.40,15.10,14.60,14.80,14.50,15.00,14.50,14.85,14.90,14.80,14.80,15.10,14.60,14.70,14.95,0.00,14.10,14.10,14.90,15.20,14.50,14.60,14.80,14.80,14.50,14.80,15.10,15.40,14.70,14.10,14.45,13.90,14.60,14.10,14.40,14.00,14.30,14.50,14.20,14.15,14.70,14.90,14.10,14.10,14.00,13.90,14.40,0.00,14.50,13.70,13.40,13.60,13.80,13.40,13.30,13.40,13.50,13.20,13.10,13.10,13.40,13.20,13.10,12.20,12.80,12.90,13.00,13.10,12.90,13.40,12.80,13.05,13.70,12.90,13.10,12.80,12.60,12.00,11.80,0.00,0.00,10.90,11.20,10.70,11.40,11.50,11.50,0.00,11.70,11.10,11.70,11.70,11.40,11.30,11.05,10.90,10.70,11.60,11.20,11.20,11.00,10.90,10.20,9.70,9.80,9.40,9.80,10.10,9.60,9.80,9.45,0.00,9.50,9.60,9.30,9.30,9.20,9.30,9.30,9.20,9.20,9.10,9.50,9.30,9.10,9.00,8.40,8.30,8.60,8.80,8.90,9.50,9.30,8.80,9.00,8.50,8.20,8.50,8.80,8.60,8.40,8.60,9.35,0.00,8.80,8.70,8.30,8.60,9.20,9.80
9.10,8.30,8.30,7.90,8.10,8.30,8.60,8.70,8.50,8.40,8.30,8.70,8.80,8.90,8.90,9.00,9.30,8.80,8.70,8.90,9.00,9.20,9.60,9.70,9.55,0.00,9.60,9.10,9.70,10.00,10.00,10.10,10.00,10.25,10.70,10.60,10.50,10.70,10.20,10.10,9.80,9.60,10.50,11.70,11.60,12.10,12.70,11.90,12.30,12.10,12.40,12.20,12.00,12.20,12.50,12.50,12.15,0.00,11.60,11.40,11.60,11.40,11.30,11.30,11.40,11.60,11.60,11.90,12.20,11.60,12.20,11.70,12.20,12.70,12.50,12.50,12.40,12.40,12.70,13.20,13.20,13.00,13.30,13.40,13.30,13.50,13.50,13.70,13.65,0.00,13.10,13.60,13.30,13.00,13.20,12.80,12.50,13.35,13.90,12.80,13.30,13.40,14.10,14.20,14.15,14.70,14.20,14.30,13.90,14.30,14.40,14.20,14.30,14.10,13.90,13.80,14.40,14.60,14.80,13.20,13.35,0.00,13.30,13.90,13.50,14.30,13.90,13.70,13.60,13.65,13.40,13.80,14.40,13.60,13.80,14.00,13.65,14.10,13.90,14.70,14.10,14.30,14.30,14.00,14.00,13.95,14.30,13.90,14.30,14.00,13.50,15.60,15.40,0.00,15.50,15.50,15.00,15.30,15.40,15.60,14.90,14.75,14.20,14.50,14.90,15.70,16.20,15.20,15.75,14.90,15.70,14.80,14.70,14.90,14.80,15.30,14.50,15.30,15.00,14.90,15.10,15.40,15.00,14.70,15.55,0.00,14.80,14.80,14.50,15.00,14.20,14.70,14.90,15.35,14.40,14.80,15.00,15.20,15.70,15.60,15.05,14.50,14.90,14.40,14.40,15.10,15.30,15.50,14.90,15.30,14.70,15.10,14.90,15.00,15.20,15.40,15.30,0.00,16.10,15.30,15.00,14.60,14.80,15.40,14.80,14.80,15.50,15.60,15.30,14.80,14.70,14.40,15.30,16.40,15.80,15.30,15.20,15.50,15.70,15.40,14.20,15.15,15.20,15.80,15.90,15.30,14.50,13.90,14.90,0.00,14.70,14.70,14.10,14.20,14.10,14.20,14.30,14.60,14.30,14.20,13.50,13.70,13.80,13.60,13.70,14.60,13.40,13.90,13.50,14.60,13.90,13.80,13.30,13.50,13.80,12.90,12.70,12.70,12.70,12.70,12.65,0.00,13.10,13.60,13.00,12.80,13.00,12.60,12.60,12.40,12.00,12.30,12.20,12.00,12.20,11.90,12.00,11.80,11.20,11.20,10.60,10.60,11.00,11.10,11.30,11.10,10.60,11.00,11.00,11.10,11.30,10.60,10.45,0.00,10.20,10.00,10.30,10.10,10.10,9.90,9.80,9.65,9.80,9.60,9.80,9.60,9.50,9.20,9.55,9.40,9.30,9.50,9.30,9.50,8.30,9.30,9.20,9.10,9.10,8.60,8.60,8.80,8.80,8.40,8.85,0.00,8.80,8.70,8.60,8.80,8.80,8.80,0.00,8.65,8.90,9.20,9.00,9.10,9.20,9.00,9.25,9.00,9.20,9.50,9.70
9.60,9.30,9.00,8.90,8.90,8.70,9.30,8.90,9.20,9.40,9.50,9.75,0.00,9.50,9.30,9.80,10.50,10.50,10.80,10.90,10.80,10.70,10.40,10.70,10.60,10.30,10.40,10.50,10.40,10.90,10.90,10.90,10.60,11.10,11.15,11.40,11.30,11.10,10.80,10.60,10.30,10.60,11.20,11.05,0.00,11.10,11.40,11.40,12.00,12.00,12.10,12.60,12.20,12.30,12.70,12.70,12.50,12.60,12.80,13.15,12.70,12.90,12.90,13.30,12.90,13.00,13.05,13.40,13.20,14.20,13.80,14.20,13.30,13.90,13.40,14.10,0.00,14.50,14.00,13.60,13.30,13.60,14.40,14.30,14.60,14.70,14.10,14.90,14.90,15.10,14.80,14.35,14.50,14.40,14.10,14.30,14.40,14.10,14.50,14.30,14.00,13.90,14.50,14.80,14.80,14.80,14.90,14.50,0.00,14.50,14.20,13.90,13.90,14.40,14.05,13.90,14.20,15.00,14.70,15.20,13.70,14.70,14.40,13.70,13.70,13.90,13.80,14.30,14.00,14.60,15.10,14.30,13.90,13.80,14.50,14.90,14.10,15.20,14.70,14.00,0.00,14.00,13.90,14.20,14.00,14.30,13.95,14.00,14.10,13.70,13.80,14.10,15.80,15.80,16.30,15.20,15.20,15.50,15.80,15.70,16.10,14.70,15.30,14.90,15.20,14.60,15.00,14.80,14.60,15.30,14.80,15.10,0.00,15.70,15.40,15.10,15.20,14.30,14.75,14.10,14.40,15.00,15.40,15.00,15.20,15.70,15.10,15.40,15.90,16.00,15.80,15.10,15.30,14.30,14.75,14.30,14.80,14.10,14.10,14.40,14.70,16.40,14.40,15.30,0.00,15.30,15.00,14.40,14.90,14.30,14.80,14.00,14.80,14.30,15.00,15.50,14.90,15.20,14.80,14.80,14.90,14.90,14.60,15.00,14.90,14.30,15.05,14.70,15.00,14.60,14.50,15.10,14.70,15.60,15.20,14.60,0.00,15.30,14.70,15.20,14.80,13.60,14.50,14.30,15.00,14.70,14.60,14.50,14.00,15.30,15.30,14.50,14.90,15.50,14.50,14.40,15.30,13.90,14.50,13.60,0.00,14.50,13.60,14.00,14.00,14.20,14.40,14.20,0.00,13.90,0.00,0.00,0.00,13.50,13.50,13.50,13.00,13.20,12.90,13.00,12.60,13.30,12.90,13.05,13.60,13.70,13.10,12.40,12.20,12.00,12.50,12.40,0.00,11.60,11.60,11.70,11.70,11.70,11.60,0.00,0.00,11.90,11.40,11.60,11.30,11.10,10.60,10.70,0.00,10.50,10.80,10.70,10.70,10.80,10.70,9.95,11.00,10.50,10.30,10.10,10.00,10.00,9.90,10.20,9.60,9.60,9.50,9.30,9.40,9.30,9.20,9.20,0.00,9.00,8.60,8.50,8.50,8.50,8.35,8.70,8.50,8.30,8.30,8.80,8.70,9.10,8.60,8.40,8.30,8.50,8.30,8.40,8.40,8.50,8.35,8.50,8.00,8.20,8.50,8.40,8.70,8.70,8.60,8.80,0.00
7.80,7.80,8.10,8.30,8.45,8.50,8.40,8.50,8.40,8.50,8.10,8.70,8.40,7.95,8.70,8.30,7.80,7.80,7.80,7.80,8.35,8.70,9.30,9.70,10.30,10.00,0.00,10.80,10.80,11.20,0.00,11.00,10.90,10.50,10.00,0.00,10.50,10.60,10.60,11.60,11.30,11.00,0.00,11.50,11.80,11.10,11.30,11.20,11.40,11.50,12.00,0.00,11.25,11.70,11.50,11.70,11.10,11.00,0.00,11.20,11.30,0.00,0.00,11.40,11.20,11.60,12.20,0.00,12.80,12.50,12.50,12.50,12.80,13.00,0.00,13.50,13.40,13.40,13.00,13.00,12.60,13.30,12.90,0.00,13.00,13.10,13.30,13.60,14.00,13.90,0.00,13.90,14.20,14.10,0.00,14.30,13.60,13.70,13.30,0.00,14.05,14.50,13.20,14.20,13.50,13.40,13.80,14.20,13.20,13.50,14.20,13.90,14.00,0.00,13.80,0.00,13.85,14.00,14.20,13.50,13.20,13.00,13.40,14.00,13.90,14.00,0.00,13.20,13.20,13.60,13.50,0.00,13.90,13.50,14.20,13.80,13.80,14.10,0.00,14.40,14.10,14.10,13.40,13.20,13.40,0.00,13.90,0.00,14.35,14.10,14.50,16.10,16.10,15.70,15.50,15.60,15.70,16.00,0.00,16.10,15.90,15.90,15.60,0.00,15.90,14.90,14.60,15.40,16.00,15.20,14.20,15.20,15.50,15.40,14.70,15.70,14.30,14.60,14.40,0.00,15.20,14.40,15.10,15.30,15.30,15.20,14.20,14.90,14.30,14.90,0.00,15.00,13.30,15.00,14.50,0.00,14.60,13.90,14.50,14.40,14.90,14.20,13.70,15.10,14.90,15.50,14.80,15.00,14.60,15.70,14.80,0.00,15.15,14.80,14.90,14.90,15.20,15.10,14.40,15.30,15.40,15.80,0.00,14.60,14.70,15.20,15.60,0.00,15.00,14.90,15.30,15.20,15.10,14.80,14.60,15.20,15.70,15.60,15.10,15.60,15.70,15.80,15.40,0.00,15.10,14.60,15.20,15.30,15.00,14.90,13.90,15.60,14.80,15.10,0.00,15.30,14.90,14.30,14.90,0.00,14.50,14.20,14.40,13.90,14.00,14.50,0.00,14.40,14.50,13.40,13.80,13.50,13.90,0.00,13.40,0.00,13.70,14.20,13.60,13.90,13.60,13.80,0.00,13.50,13.40,13.30,0.00,0.00,12.30,0.00,12.80,0.00,12.70,12.80,12.30,12.00,0.00,12.10,0.00,12.50,12.10,12.10,12.30,0.00,10.80,0.00,10.40,0.00,10.15,10.20,10.30,10.20,0.00,10.40,0.00,10.40,10.00,10.10,0.00,9.80,9.90,0.00,9.80,0.00,9.70,9.60,9.60,9.70,9.30,9.20,0.00,9.30,10.00,9.60,9.40,8.70,9.20,0.00,9.20,0.00,9.25,9.90,9.10,9.20,0.00,8.90,0.00,9.70,9.20,9.20,0.00,8.10,8.90,0.00,8.50,0.00,8.60,8.50,8.80,8.70,0.00,8.60,0.00,9.50,9.60
8.90,9.10,8.40,9.10,0.00,8.70,0.00,8.95,8.70,8.70,8.60,0.00,8.20,0.00,0.00,9.40,9.20,0.00,8.40,9.10,0.00,9.90,0.00,10.05,9.90,9.80,10.20,0.00,9.60,0.00,9.80,9.70,10.50,10.70,10.50,10.40,0.00,10.90,0.00,11.55,11.80,11.70,11.20,0.00,11.10,0.00,11.90,11.90,12.20,0.00,12.10,13.10,0.00,13.50,0.00,11.85,12.50,12.80,12.90,0.00,11.00,0.00,12.20,12.70,12.70,12.40,12.50,13.20,13.20,12.90,0.00,12.70,13.30,13.30,13.50,12.50,13.10,13.30,13.10,13.70,13.90,0.00,14.00,13.80,13.90,13.70,0.00,14.55,14.50,13.60,13.70,0.00,13.90,13.70,14.30,14.00,13.40,13.80,14.40,14.20,14.70,14.70,0.00,13.80,12.80,12.50,12.30,0.00,14.20,13.80,14.20,14.00,15.00,0.00,0.00,13.80,14.70,15.00,0.00,14.00,14.10,14.20,13.90,0.00,13.40,14.10,13.70,12.70,13.80,13.10,13.60,13.30,14.00,13.70,0.00,14.00,14.30,14.20,14.20,0.00,13.80,0.00,13.60,12.80,14.00,0.00,13.70,13.80,0.00,13.40,0.00,15.90,15.90,15.50,15.10,0.00,15.20,15.30,16.00,14.50,15.40,14.60,14.60,14.70,14.30,14.70,0.00,15.30,14.60,14.80,14.90,0.00,14.60,14.30,15.40,15.00,15.60,0.00,14.00,15.40,14.60,15.30,0.00,15.65,14.90,14.80,15.00,0.00,15.30,14.80,15.10,14.30,15.30,14.30,14.00,14.70,14.80,14.80,0.00,15.70,15.70,15.50,16.30,0.00,16.10,15.30,16.00,12.80,15.60,0.00,14.10,14.20,15.00,14.90,0.00,15.35,15.10,15.40,15.60,0.00,15.30,15.10,14.90,14.40,16.00,15.50,14.80,16.10,15.20,15.40,0.00,15.75,15.30,15.70,15.90,0.00,15.00,14.80,15.30,13.90,16.10,0.00,14.60,15.80,14.70,14.60,0.00,15.60,15.70,14.80,14.30,0.00,13.90,14.50,15.40,14.40,0.00,14.40,0.00,15.60,15.40,15.00,0.00,13.70,13.50,0.00,13.50,0.00,14.70,0.00,14.30,12.80,13.30,0.00,12.50,13.50,0.00,12.80,0.00,12.70,12.60,12.80,12.50,0.00,12.70,12.80,12.70,11.90,12.30,11.90,11.60,12.20,0.00,11.80,0.00,11.65,11.50,11.60,11.40,0.00,11.40,0.00,11.40,10.50,11.20,0.00,0.00,10.50,0.00,10.20,0.00,10.30,10.40,10.50,10.90,0.00,10.60,0.00,10.30,9.50,9.90,9.60,9.00,9.20,0.00,9.00,0.00,9.00,8.90,9.10,9.40,0.00,9.10,0.00,9.80,8.60,9.00,0.00,8.50,8.30,0.00,8.10,0.00,7.80,7.80,7.80,8.20,0.00,7.90,0.00,8.10,0.00,8.10,8.30,8.40,8.40,0.00,8.40,0.00,8.15,8.20,8.20,8.70,0.00,8.70
0.00,8.40,0.00,8.25,0.00,9.10,9.10,0.00,8.60,0.00,8.75,9.00,9.10,9.30,0.00,8.80,0.00,8.80,0.00,9.15,9.60,9.70,9.80,0.00,9.90,0.00,10.35,9.60,9.90,9.60,0.00,10.30,0.00,10.20,9.60,10.50,0.00,9.70,9.90,0.00,9.40,0.00,9.75,10.00,9.80,10.00,0.00,9.90,0.00,11.00,10.50,11.40,11.30,11.50,11.90,0.00,12.00,0.00,12.00,12.00,11.90,11.60,0.00,11.10,11.20,11.00,10.70,10.90,0.00,10.80,11.00,11.40,11.80,0.00,11.85,12.00,12.20,12.60,0.00,12.60,12.70,13.10,12.80,13.40,13.10,13.20,13.30,13.90,13.70,0.00,12.75,12.50,12.70,12.90,0.00,13.40,13.40,13.70,13.60,14.60,0.00,13.50,13.20,13.00,13.60,0.00,14.30,14.50,14.20,13.60,13.40,13.10,13.70,14.70,0.00,13.80,13.40,13.40,14.00,14.10,14.10,0.00,13.85,13.10,14.00,14.50,13.50,13.40,13.90,14.20,0.00,14.60,0.00,13.80,14.60,13.90,13.90,0.00,13.90,12.80,13.50,14.00,0.00,13.80,14.50,14.30,0.00,14.10,13.70,13.60,13.90,15.20,14.80,0.00,15.35,15.70,15.30,15.10,0.00,15.80,15.00,15.50,0.00,15.50,0.00,14.60,15.30,15.80,15.70,0.00,15.90,16.40,16.00,15.80,15.00,15.50,15.10,15.60,0.00,16.40,16.50,16.00,15.60,0.00,15.00,0.00,15.55,15.20,16.10,15.50,15.00,15.90,0.00,16.50,0.00,15.50,0.00,16.30,15.90,0.00,15.70,0.00,15.35,14.70,15.30,14.90,14.70,15.10,0.00,15.70,0.00,15.30,15.40,14.20,15.80,15.30,15.10,0.00,15.35,15.20,15.40,15.30,14.40,14.90,0.00,15.20,0.00,15.70,0.00,14.40,15.10,0.00,15.10,0.00,15.05,14.30,14.70,15.50,14.40,14.60,0.00,15.80,0.00,15.90,15.60,15.20,15.20,0.00,14.60,0.00,15.30,14.70,14.50,14.40,13.60,14.50,0.00,14.60,0.00,14.40,0.00,13.40,13.90,0.00,14.40,0.00,14.00,14.00,13.70,13.50,13.30,13.40,0.00,14.00,0.00,13.90,13.00,13.10,13.30,0.00,12.90,0.00,13.40,13.60,13.00,12.90,12.80,12.50,0.00,12.60,0.00,12.20,0.00,12.40,11.70,11.30,11.10,0.00,11.25,10.90,0.00,10.80,11.10,11.00,0.00,10.90,0.00,0.00,10.50,10.10,10.40,9.70,9.90,0.00,10.05,10.30,9.90,10.00,10.00,9.90,0.00,9.90,0.00,9.50,0.00,9.60,9.60,9.40,9.10,0.00,9.40,9.30,9.30,9.30,9.10,8.80,0.00,8.40,0.00,8.50,7.70,8.40,8.20,8.20,8.30,0.00,8.55,8.80,8.40,8.70,8.40,8.50,8.40,8.50,0.00,8.50,0.00,8.60,8.30,8.50,8.30,0.00,8.25,8.20,8.20
8.00,7.70,7.80,7.90,8.10,0.00,8.30,8.30,8.80,8.90,8.40,8.40,0.00,8.95,9.70,9.30,9.10,9.20,9.10,9.40,9.70,0.00,9.70,0.00,9.80,9.60,9.30,9.70,0.00,10.00,10.10,10.00,9.60,9.80,9.90,9.70,9.60,0.00,10.00,10.50,11.20,11.30,11.20,11.30,0.00,11.50,12.10,11.70,11.90,12.10,12.20,11.90,12.30,0.00,12.20,0.00,12.60,12.60,12.00,12.40,0.00,12.05,11.90,12.10,12.30,11.70,11.90,12.30,12.70,0.00,12.70,13.00,12.90,12.50,12.00,12.00,0.00,13.20,12.60,12.30,12.20,12.40,12.40,12.30,12.20,0.00,12.70,0.00,13.40,13.50,13.40,13.40,0.00,12.55,13.10,13.00,13.80,13.40,13.90,13.30,13.60,0.00,13.30,12.10,13.30,13.60,13.50,13.10,0.00,13.20,13.10,13.00,13.60,12.90,12.90,13.10,13.30,0.00,13.70,0.00,13.40,13.10,12.90,12.60,0.00,13.30,13.10,13.40,13.80,13.40,14.10,13.20,14.00,0.00,14.00,14.10,13.80,14.10,13.20,13.40,0.00,13.25,13.40,13.60,14.30,13.90,13.50,13.50,13.10,0.00,13.00,0.00,15.00,15.10,15.50,15.00,0.00,14.90,14.60,15.20,14.80,15.00,14.80,15.10,14.90,0.00,15.30,15.80,14.50,14.70,14.90,15.50,0.00,15.40,15.00,14.70,14.50,14.50,15.30,15.30,15.20,0.00,14.90,0.00,14.60,14.80,14.10,14.20,0.00,14.55,14.60,14.20,14.20,13.80,13.50,13.50,14.80,0.00,15.10,13.20,14.20,14.80,13.80,14.10,0.00,14.75,12.80,14.20,14.10,14.20,14.20,13.70,14.60,0.00,14.80,0.00,14.30,14.50,14.10,14.00,0.00,15.90,15.00,15.30,15.70,15.30,15.30,14.90,14.80,0.00,15.80,15.50,15.50,15.30,14.40,15.20,0.00,14.90,14.20,14.90,14.20,14.40,14.70,14.70,15.10,13.70,14.70,0.00,14.40,14.30,14.40,13.90,0.00,14.15,13.30,14.30,13.70,14.00,14.00,13.00,14.40,0.00,14.30,13.90,14.20,13.50,13.90,14.60,0.00,13.95,12.90,13.50,13.40,13.60,13.60,0.00,13.60,0.00,13.60,0.00,13.30,13.30,13.50,13.40,0.00,13.30,12.90,13.10,12.50,12.60,12.70,0.00,13.30,0.00,12.80,12.00,12.00,11.70,11.90,11.70,0.00,11.40,11.70,10.80,10.70,11.20,11.50,0.00,11.80,0.00,11.50,0.00,11.30,10.80,10.70,10.10,0.00,10.50,10.10,10.20,10.10,10.00,9.80,9.90,9.80,0.00,9.70,9.60,9.70,9.80,9.70,9.30,0.00,9.20,9.20,9.00,9.10,8.90,9.00,0.00,9.00,0.00,9.20,0.00,9.50,9.30,9.30,9.40,0.00,9.20,9.10,9.10,9.30,9.40,9.20,0.00,9.30,0.00,9.30,9.00,9.20,9.30,9.20,9.00,0.00
9.20,9.20,9.10,8.80,8.50,0.00,8.80,0.00,8.50,0.00,9.00,9.10,9.40,9.50,0.00,9.95,10.00,10.10,10.10,10.20,10.70,0.00,10.60,0.00,10.60,10.40,10.60,10.60,10.80,11.10,0.00,10.70,11.20,10.40,10.60,10.30,10.30,9.90,10.70,0.00,11.35,0.00,12.70,12.60,12.30,12.40,0.00,12.05,12.20,12.10,12.60,12.60,12.50,12.50,12.90,0.00,12.50,12.90,12.90,13.00,12.30,11.70,0.00,12.85,11.90,13.10,13.80,13.90,14.40,13.40,13.50,0.00,13.20,0.00,13.40,13.90,14.00,14.30,0.00,14.25,13.60,14.80,14.80,14.70,14.90,15.50,15.30,14.20,15.80,15.80,15.70,15.00,14.60,14.10,0.00,14.40,14.50,14.60,15.00,14.60,14.80,14.80,15.00,13.90,14.30,0.00,14.00,14.20,14.30,14.60,0.00,14.65,14.20,15.10,15.10,15.40,15.20,15.80,15.20,13.50,14.00,13.00,14.40,14.10,13.60,13.60,0.00,14.70,14.30,14.70,13.90,14.00,14.90,14.00,14.30,13.10,14.50,0.00,13.80,14.10,13.80,13.80,0.00,14.20,13.80,13.70,14.00,13.70,13.70,14.10,12.80,13.70,15.10,14.50,15.30,15.50,15.50,15.30,0.00,15.10,14.80,15.10,14.50,14.00,15.60,14.90,15.10,13.40,14.70,0.00,15.80,15.00,15.10,15.40,0.00,14.90,14.00,13.80,13.70,14.20,14.90,15.10,15.10,13.40,15.70,14.20,16.00,15.00,14.70,14.40,0.00,14.15,14.10,14.50,13.90,13.60,13.50,14.30,14.20,12.90,14.80,0.00,14.80,13.90,14.30,13.80,0.00,13.95,13.30,14.10,14.20,14.40,14.20,14.20,14.20,13.30,14.30,14.40,13.90,14.10,13.60,14.90,0.00,15.15,14.00,14.40,13.90,14.90,14.50,14.30,14.30,13.60,14.90,0.00,15.10,14.40,14.70,15.50,0.00,15.05,14.00,14.80,14.20,14.40,14.90,14.20,15.20,14.10,15.10,14.60,15.00,15.10,14.10,14.20,0.00,15.15,15.70,14.80,15.20,14.40,14.30,14.10,14.20,12.80,14.20,0.00,13.60,14.20,14.30,13.60,0.00,13.25,12.80,12.80,12.20,12.90,12.60,12.40,12.90,12.10,13.10,12.80,13.30,12.80,12.40,12.40,0.00,12.40,12.40,11.90,12.50,12.10,12.20,0.00,12.10,11.50,11.70,0.00,11.80,12.10,11.70,11.60,0.00,11.20,10.80,11.40,11.50,10.90,11.00,0.00,10.90,10.00,10.40,10.00,10.20,10.20,9.80,9.70,0.00,9.55,9.50,9.80,9.60,9.30,9.60,0.00,9.70,9.00,9.50,0.00,8.90,8.80,8.90,8.90,0.00,9.10,8.90,8.80,8.90,9.00,9.00,0.00,9.20,8.60,9.10,8.90,9.20,8.80,8.55,8.43,0.00,8.79,8.63,9.04,8.92,8.82,9.02,0.00,9.21,0.00,8.82,0.00,8.63,8.63,8.55
8.20,0.00,7.81,7.92,7.98,8.29,8.01,7.92,0.00,8.01,0.00,8.66,8.57,8.94,8.66,8.17,8.20,0.00,8.32,8.29,8.36,8.48,9.03,8.48,0.00,9.13,8.13,9.13,0.00,9.03,9.22,9.00,9.23,0.00,9.53,9.78,9.74,9.96,10.15,10.15,0.00,10.70,10.18,10.33,10.15,10.33,10.52,10.79,10.61,0.00,11.55,11.53,11.39,11.99,11.90,12.09,0.00,11.62,10.92,11.48,0.00,12.37,12.64,12.10,11.57,0.00,11.79,12.55,12.65,12.55,12.64,12.46,0.00,12.73,13.17,13.18,13.27,13.72,13.38,13.65,13.09,0.00,13.55,13.72,14.01,13.90,13.45,13.45,13.29,13.81,12.62,13.41,0.00,13.67,13.81,13.24,13.32,0.00,13.00,13.15,13.12,13.50,13.41,13.76,12.94,13.67,12.88,14.28,14.02,13.94,13.41,13.76,0.00,0.00,14.13,13.94,13.90,13.94,13.85,14.46,14.18,14.00,12.80,13.83,0.00,14.42,14.34,14.09,13.49,0.00,13.62,14.00,13.75,13.24,13.07,13.07,13.32,13.58,12.54,13.74,12.90,13.49,13.49,13.24,13.32,0.00,13.41,13.41,13.75,13.66,13.07,15.03,0.00,15.61,14.10,15.32,0.00,15.61,16.38,15.32,15.61,0.00,15.60,15.42,15.49,15.13,15.03,15.13,0.00,15.13,0.00,15.71,14.74,15.42,15.13,15.03,15.51,0.00,15.31,14.16,15.29,15.14,14.86,14.57,13.57,15.05,13.58,15.05,0.00,15.24,14.28,12.08,14.28,0.00,14.36,14.86,15.12,15.53,14.66,14.38,0.00,14.57,13.20,14.86,14.28,15.05,14.74,14.28,13.80,0.00,14.70,14.19,14.20,14.40,0.00,14.40,0.00,14.98,14.09,15.76,0.00,14.79,14.89,14.11,14.21,0.00,14.93,14.40,14.58,14.79,15.27,14.50,0.00,15.56,14.28,15.47,13.63,14.69,15.08,14.79,14.79,0.00,14.59,13.23,14.87,15.36,14.78,14.20,0.00,14.39,13.72,14.97,0.00,14.49,14.68,14.49,14.39,0.00,14.82,14.78,14.29,14.29,13.81,14.01,0.00,14.29,13.34,13.71,13.52,13.33,13.43,0.00,12.94,0.00,13.07,12.91,13.32,13.49,12.84,12.81,0.00,12.33,11.22,12.91,0.00,12.42,11.84,0.00,12.71,0.00,12.43,12.13,12.15,12.13,11.86,11.74,0.00,11.74,10.35,11.06,10.68,10.97,11.28,0.00,10.79,0.00,11.24,11.47,10.90,10.79,10.51,10.50,0.00,10.11,0.00,10.11,0.00,9.72,9.72,0.00,9.63,0.00,9.48,9.63,9.44,9.92,9.54,10.02,0.00,9.63,8.99,9.63,9.43,9.14,8.72,8.65,8.72,0.00,8.74,8.82,8.65,8.72,8.75,8.92,0.00,9.21,8.56,8.82,0.00,8.63,8.63,0.00,8.53,0.00,8.45,8.53,8.26,8.63,8.36,8.53,0.00,8.34,0.00,8.43,8.14
7.73,8.17,7.82,8.48,0.00,8.84,8.75,8.64,8.48,8.36,8.38,0.00,9.22,0.00,9.03,0.00,8.85,8.64,0.00,9.13,0.00,9.21,9.69,9.30,9.69,9.68,9.41,0.00,9.31,8.96,9.69,9.87,10.06,10.24,0.00,10.06,0.00,8.70,9.32,9.19,9.50,9.32,9.96,0.00,0.00,0.00,11.35,0.00,11.53,10.84,0.00,11.35,0.00,11.37,11.26,11.11,11.44,11.72,11.44,0.00,11.21,0.00,11.39,11.39,11.84,11.30,0.00,11.66,0.00,11.21,10.58,11.66,11.74,12.29,12.64,0.00,12.91,0.00,13.18,0.00,13.18,14.01,13.54,13.27,0.00,13.19,12.55,12.65,12.73,12.82,12.80,0.00,12.80,0.00,12.45,12.28,13.15,13.15,12.72,12.98,0.00,13.70,12.89,13.46,13.85,14.28,14.46,0.00,14.20,13.50,13.94,0.00,14.63,13.76,14.20,14.02,0.00,14.09,14.02,13.46,13.66,13.49,13.41,12.27,14.09,0.00,14.34,14.25,13.83,14.25,13.75,14.00,0.00,13.45,13.41,13.32,13.49,13.41,13.41,12.27,13.41,12.37,13.74,0.00,13.91,12.98,13.06,13.07,0.00,13.24,12.81,14.52,14.84,14.94,15.13,0.00,15.90,13.71,14.84,14.84,15.32,15.03,0.00,15.03,0.00,14.73,14.55,14.43,14.55,14.65,14.36,0.00,14.55,13.42,14.16,0.00,14.94,14.36,15.01,14.84,0.00,14.65,14.28,14.06,14.28,13.52,14.28,0.00,14.28,12.53,14.66,14.95,15.24,14.28,13.97,13.71,0.00,13.84,15.14,14.26,13.90,14.28,14.76,0.00,14.95,13.87,14.57,0.00,14.19,14.57,0.00,14.28,0.00,14.20,0.00,14.39,14.02,13.63,14.50,0.00,14.69,13.22,14.69,13.92,15.08,14.69,14.78,14.69,0.00,14.83,14.21,14.49,14.50,14.68,14.40,0.00,14.89,13.22,14.69,0.00,14.40,14.49,13.73,14.20,0.00,14.53,13.81,14.38,14.29,14.59,13.91,0.00,14.49,13.14,14.68,13.71,14.39,14.10,14.58,14.20,0.00,14.15,12.85,13.42,13.62,14.01,13.81,0.00,14.20,12.56,14.10,0.00,14.01,12.64,13.78,13.20,0.00,13.55,13.10,12.64,12.52,12.33,12.52,0.00,12.62,0.00,12.81,12.52,12.42,12.52,0.00,12.03,0.00,12.19,12.52,12.35,12.42,11.96,12.13,0.00,11.94,0.00,11.65,0.00,11.18,11.28,0.00,11.08,0.00,10.85,10.89,10.71,10.31,9.93,9.92,0.00,10.40,0.00,10.60,10.21,10.40,10.21,0.00,9.24,0.00,0.00,9.04,8.86,9.14,8.95,9.04,0.00,8.95,0.00,9.02,0.00,8.92,8.43,0.00,8.72,0.00,9.03,8.92,8.36,8.43,8.55,8.92,0.00,8.72,0.00,8.92,9.11,8.82,8.65,8.07,8.82,0.00,8.06,8.34,8.36,9.11,9.04,8.82,0.00,8.34
0.00,8.20,0.00,8.66,8.55,0.00,8.57,0.00,9.35,8.94,8.74,9.13,9.39,9.03,0.00,9.22,0.00,8.75,9.22,9.59,8.85,0.00,8.85,0.00,10.01,9.69,9.96,10.52,10.33,10.62,0.00,11.07,0.00,11.16,0.00,11.35,11.16,0.00,10.61,0.00,10.26,10.15,10.01,10.33,10.56,10.33,0.00,10.52,0.00,11.72,11.16,11.16,11.26,0.00,11.62,0.00,12.47,12.46,11.94,11.90,0.00,12.91,0.00,12.91,0.00,12.37,0.00,12.20,13.11,0.00,11.93,0.00,13.41,13.54,13.74,13.81,13.38,13.63,0.00,13.81,13.36,13.81,14.17,14.35,14.26,0.00,14.61,0.00,15.03,15.60,15.64,15.42,15.50,16.02,0.00,14.89,14.29,14.63,0.00,15.07,14.81,14.63,15.24,0.00,14.96,15.07,14.59,14.37,13.76,13.76,0.00,14.11,14.22,14.63,13.76,14.81,15.12,15.24,15.50,0.00,14.96,14.76,14.78,14.59,14.00,14.42,0.00,14.25,14.64,14.34,0.00,14.59,14.78,13.83,13.66,0.00,14.52,13.66,15.13,14.85,14.17,14.00,0.00,14.34,14.34,14.51,14.17,14.42,13.92,0.00,0.00,0.00,0.00,0.00,0.00,0.00,0.00,0.00,0.00,0.00,0.00,0.00,0.00,0.00,0.00,14.84,15.13,0.00,15.16,14.36,14.43,16.09,15.32,14.45,0.00,15.71,15.32,15.42,15.13,14.74,14.14,14.07,14.95,0.00,15.52,14.19,14.93,14.47,14.66,14.47,0.00,15.53,15.62,15.72,0.00,15.43,15.31,14.38,14.76,0.00,14.75,14.19,15.41,15.43,14.47,14.86,0.00,14.95,15.43,15.72,14.76,15.53,14.83,14.21,14.69,0.00,15.22,15.18,16.32,15.27,14.69,15.27,0.00,15.18,14.89,15.56,0.00,14.89,15.74,15.27,14.89,0.00,14.64,14.60,15.16,14.89,14.40,14.50,0.00,14.98,14.11,14.98,14.31,13.41,14.67,14.29,15.07,0.00,14.92,14.01,14.97,15.16,14.01,13.52,0.00,14.29,14.10,14.10,0.00,15.07,14.87,14.10,14.29,0.00,14.24,14.59,14.19,13.71,13.33,13.91,0.00,14.29,14.01,13.91,13.78,13.88,13.42,12.52,13.01,0.00,13.16,13.30,13.71,12.33,12.42,12.62,0.00,12.81,11.94,12.52,0.00,12.42,11.47,11.26,11.84,0.00,12.43,11.94,11.77,11.16,10.48,10.68,0.00,10.97,11.06,11.47,11.18,11.28,11.00,10.50,11.08,0.00,10.60,10.79,10.61,11.08,10.60,10.50,8.95,10.11,8.46,9.92,0.00,9.63,9.44,0.00,9.43,0.00,9.14,9.14,9.44,9.33,9.25,9.24,0.00,9.31,9.04,9.60,9.79,9.69,9.31,8.65,9.11,0.00,8.88,8.63,8.65,9.21,9.33,9.40,0.00,9.02,0.00,9.02,0.00,9.11,8.85,0.00,8.43,0.00,8.54,8.72,8.75,8.72,8.55
0.00,8.75,11.18,8.57,8.29,7.73,7.82,7.45,8.29,0.00,8.65,8.85,9.30,9.50,0.00,9.13,0.00,9.22,0.00,9.31,0.00,9.41,9.30,0.00,9.22,0.00,9.54,9.87,10.14,10.06,10.05,9.87,0.00,10.15,0.00,10.06,10.61,10.20,10.29,0.00,10.33,0.00,10.63,10.89,11.02,11.44,0.00,10.43,0.00,11.44,0.00,11.35,0.00,10.47,11.35,0.00,11.90,0.00,12.70,12.91,12.84,12.91,0.00,13.27,0.00,12.91,0.00,12.46,12.64,11.71,0.00,0.00,0.00,0.00,0.00,12.10,13.11,13.00,0.00,12.73,0.00,13.18,0.00,13.00,0.00,12.93,13.54,13.63,0.00,0.00,13.24,13.41,13.38,13.41,13.50,14.20,0.00,13.50,13.96,13.59,12.80,13.24,13.67,13.76,13.76,0.00,13.18,12.11,12.86,12.98,12.37,13.06,0.00,13.85,14.57,13.94,0.00,15.24,14.51,14.11,14.09,0.00,14.26,12.47,13.49,13.91,13.24,13.83,0.00,13.24,13.88,13.74,13.32,13.24,13.58,13.49,13.74,0.00,13.88,13.49,13.84,13.49,13.41,13.49,0.00,13.32,12.98,13.66,0.00,13.91,14.17,16.09,15.80,0.00,15.88,15.42,16.06,15.71,15.97,16.00,0.00,15.42,14.19,16.00,14.84,15.22,15.10,0.00,14.65,0.00,14.92,15.13,15.77,15.42,14.91,15.51,0.00,15.22,14.00,15.61,0.00,15.24,15.12,0.00,14.19,0.00,14.75,13.99,15.51,14.95,14.76,14.95,0.00,15.05,14.38,14.57,13.52,14.19,14.93,14.57,15.14,0.00,14.94,14.28,15.60,14.76,14.86,15.43,0.00,14.57,14.28,14.95,0.00,14.89,14.10,14.60,14.98,0.00,15.12,15.37,16.52,16.34,14.69,15.27,0.00,14.98,14.79,15.18,14.98,15.66,15.16,14.89,15.18,0.00,14.78,14.69,15.26,15.37,15.08,15.56,0.00,14.98,15.95,15.94,0.00,15.74,15.06,14.97,15.55,0.00,15.21,14.68,14.77,14.78,14.49,14.87,0.00,14.78,14.68,14.97,14.78,14.01,14.96,14.01,14.10,0.00,14.05,13.52,13.80,14.29,14.20,14.78,0.00,13.97,13.68,13.49,0.00,13.39,12.74,12.64,13.20,0.00,12.25,12.13,12.35,12.23,11.65,11.94,0.00,12.23,11.41,12.23,11.55,11.74,11.77,0.00,11.45,0.00,11.12,10.87,10.79,11.16,10.89,11.36,0.00,10.79,10.05,10.89,0.00,10.60,10.40,0.00,10.21,0.00,10.75,10.40,10.22,10.21,9.64,9.43,0.00,9.63,9.28,9.82,9.24,8.95,8.46,0.00,8.75,0.00,8.90,9.14,9.25,9.43,8.75,8.63,0.00,8.43,8.17,8.63,0.00,8.72,8.63,0.00,8.63,0.00,8.35,8.43,8.36,8.43,8.26,8.05,0.00,8.34,7.60,8.14,8.05,8.43,8.05,0.00,8.24,0.00,8.11,7.95,7.97
7.54,8.17,8.10,0.00,8.29,7.58,8.10,0.00,8.29,7.92,0.00,7.73,0.00,8.14,7.92,7.98,8.57,8.55,8.94,0.00,9.22,8.59,9.03,9.13,9.22,9.50,0.00,9.41,0.00,9.82,10.06,9.83,9.59,9.74,9.59,0.00,9.87,10.18,10.79,0.00,11.26,10.89,0.00,11.07,0.00,10.95,11.16,10.65,11.07,0.00,11.99,0.00,11.44,0.00,11.62,11.26,11.30,11.72,0.00,11.30,0.00,11.34,11.66,11.93,11.66,11.48,12.01,0.00,12.64,0.00,12.55,0.00,11.26,13.20,0.00,12.82,0.00,12.92,12.55,13.02,12.64,0.00,12.91,0.00,12.82,0.00,12.55,13.18,12.07,13.74,0.00,12.98,0.00,13.53,12.89,13.29,12.28,0.00,12.98,0.00,13.41,13.67,13.67,0.00,13.67,13.46,13.55,13.50,0.00,13.22,13.32,13.64,14.28,13.94,13.41,0.00,13.59,13.67,13.67,14.28,14.17,14.01,14.09,13.66,0.00,13.49,13.58,13.66,12.47,12.56,13.32,0.00,13.41,13.49,13.83,0.00,14.09,14.01,14.09,13.74,0.00,14.09,13.66,13.92,13.74,13.74,13.58,0.00,13.32,13.41,13.15,15.03,14.65,14.91,14.91,15.03,0.00,15.36,15.22,15.49,15.03,15.42,15.90,0.00,16.29,15.42,15.32,0.00,14.84,15.20,14.72,14.65,0.00,14.01,13.97,14.52,14.84,14.33,14.74,0.00,14.55,13.42,14.19,13.90,13.80,13.68,13.68,13.90,0.00,13.93,13.80,13.68,14.38,14.76,15.14,0.00,14.47,14.47,14.47,0.00,14.66,14.54,14.54,14.57,0.00,14.56,13.52,14.83,14.38,14.76,14.38,0.00,14.79,13.92,14.89,13.34,15.37,15.36,14.78,14.21,0.00,15.17,14.21,14.58,14.11,14.11,14.79,0.00,14.79,14.02,14.69,0.00,15.08,15.16,14.49,13.92,0.00,14.16,13.92,14.58,14.69,14.31,14.31,0.00,14.49,13.62,14.87,13.91,14.39,14.19,13.90,13.71,0.00,14.44,13.52,14.48,14.49,14.01,14.39,0.00,14.29,13.81,14.10,0.00,14.49,13.51,13.51,13.52,0.00,13.81,12.65,13.22,13.43,13.39,13.39,0.00,13.30,13.10,13.30,12.62,12.71,12.84,13.22,13.01,0.00,12.73,12.71,12.74,13.39,13.13,13.68,0.00,13.30,12.28,13.01,0.00,12.52,11.86,0.00,12.03,0.00,11.80,11.55,11.57,12.06,11.88,11.77,13.34,11.47,10.73,11.18,10.99,11.18,10.71,0.00,10.89,0.00,10.55,10.02,10.03,9.92,10.22,9.92,0.00,10.02,9.47,9.92,0.00,10.02,9.54,0.00,10.02,0.00,9.68,9.50,9.53,9.40,9.33,9.31,0.00,9.69,9.14,9.40,9.11,9.02,9.53,0.00,9.21,0.00,9.22,9.79,9.53,8.82,8.85,9.02,0.00,9.31,9.14,9.50,0.00,10.08,9.72,0.00,9.02,0.00
8.98,9.41,9.49,9.69,9.86,9.59,0.00,10.06,9.52,9.69,9.41,9.69,9.39,8.57,10.06,0.00,10.57,10.24,10.43,10.15,10.14,9.87,0.00,10.06,10.07,10.24,0.00,10.06,9.77,0.00,10.06,0.00,10.06,10.06,10.20,10.61,10.65,10.89,0.00,11.62,11.10,11.62,11.72,11.39,11.30,0.00,11.26,0.00,11.92,12.55,12.58,12.82,0.00,13.47,0.00,13.65,12.40,12.82,0.00,11.09,12.11,0.00,12.91,0.00,13.00,12.19,13.38,13.36,0.00,14.26,0.00,14.26,0.00,14.53,14.61,13.56,13.81,0.00,13.54,0.00,14.63,14.61,14.64,14.61,14.17,14.26,0.00,13.45,13.81,13.90,0.00,13.85,13.94,13.81,14.63,0.00,14.74,14.54,13.99,14.28,14.81,15.07,0.00,15.07,15.07,15.33,14.37,15.59,14.07,13.90,14.02,0.00,14.79,15.15,14.59,14.28,14.63,14.89,0.00,14.63,14.34,13.74,0.00,14.09,14.01,13.58,13.83,0.00,14.47,13.74,14.44,14.34,14.17,14.17,0.00,15.36,15.27,14.17,13.24,13.74,13.66,13.92,13.66,0.00,13.71,13.49,14.01,13.83,13.91,13.83,16.33,16.57,15.51,16.29,0.00,16.57,16.35,0.00,15.71,0.00,15.40,14.84,14.81,14.55,15.51,14.84,0.00,14.84,14.74,15.51,14.65,15.03,15.10,15.10,15.13,0.00,15.11,15.03,15.29,14.07,14.36,14.86,0.00,15.14,13.99,14.47,0.00,14.09,14.93,14.83,14.47,0.00,14.89,13.99,14.83,14.28,14.66,15.05,0.00,14.86,14.86,15.82,14.57,14.95,14.45,14.64,14.19,0.00,14.99,14.09,14.64,14.38,14.79,14.50,0.00,15.47,14.69,14.98,0.00,14.98,15.07,14.58,14.40,0.00,15.07,14.31,14.78,14.69,14.69,14.69,0.00,15.37,14.89,15.27,14.79,16.43,14.97,14.68,14.60,0.00,15.07,14.50,14.68,14.59,14.49,14.68,0.00,15.36,15.16,15.26,0.00,15.26,14.29,14.19,13.91,0.00,14.48,14.20,14.19,14.01,14.68,14.29,0.00,14.87,14.20,14.87,14.10,14.97,13.32,13.71,13.71,0.00,13.81,12.81,13.52,13.01,13.13,13.39,0.00,13.30,13.01,13.39,0.00,12.81,12.74,12.54,12.52,0.00,12.63,11.94,12.54,12.42,12.15,12.13,0.00,11.84,11.26,11.36,11.55,11.84,11.28,0.00,11.36,0.00,11.14,10.21,10.80,10.70,11.29,10.60,0.00,10.70,11.08,10.89,0.00,11.28,10.99,0.00,10.70,0.00,10.21,9.72,9.73,10.11,9.73,9.53,0.00,9.53,9.43,9.53,9.24,9.63,9.63,0.00,9.11,0.00,8.88,9.02,8.65,8.72,8.85,8.43,0.00,8.82,8.37,8.82,8.34,8.34,8.14,0.00,8.43,0.00,8.30,9.02,8.55,8.43,8.36,8.14,0.00,8.53,0.00,8.24,8.63,8.24,8.05
