Date,Hour,AOD 340,AOD 500
170110,8,0.189,0.1131
170110,9,0.1943,0.1145
170110,10,0.1966,0.1128
170110,11,0.1963,0.1121
170110,12,0.2223,0.1239
170110,13,0.4361,0.2297
170110,14,0.5109,0.2676
170110,15,0.5927,0.308
170111,12,0.5186,0.2838
170111,13,0.5366,0.2914
170111,14,0.7644,0.4259
170111,15,0.8428,0.4551
170112,9,0.3222,0.1799
170112,10,0.3175,0.1762
170112,11,0.2748,0.1524
170112,12,0.2445,0.1361
170112,13,0.3821,0.2074
170112,14,0.5867,0.3096
170112,15,0.5945,0.318
170113,8,0.1784,0.111
170113,9,0.1847,0.1138
170113,10,0.2289,0.136
170113,11,0.2726,0.1587
170113,12,0.2219,0.1277
170113,13,0.2397,0.143
170113,14,0.3706,0.2045
170113,15,0.4443,0.2402
170114,10,0.4852,0.2889
170114,11,0.4844,0.2886
170114,12,0.5971,0.351
170114,13,0.5851,0.3473
170114,14,0.82,0.4866
170114,15,0.902,0.5342
170114,16,1.1454,0.6843
170114,17,1.0963,0.6397
170115,7,0.2199,0.1341
170115,8,0.2144,0.1303
170115,9,0.2318,0.1387
170115,10,0.2373,0.1421
170115,11,0.2473,0.1469
170115,12,0.417,0.2402
170115,13,0.5692,0.3176
170115,14,0.636,0.3498
170115,15,0.7005,0.3836
170116,11,0.2336,0.1378
170116,12,0.2062,0.1216
170116,13,0.1981,0.115
170116,14,0.4857,0.2706
170116,15,0.6619,0.3699
170117,7,0.2575,0.1529
170117,8,0.2653,0.1576
170117,10,0.2682,0.1679
170117,17,0.7367,0.4959
170118,8,0.4067,0.2524
170118,9,0.3695,0.2288
170118,10,0.4219,0.2631
170118,11,0.5452,0.3396
170118,12,0.7781,0.4921
170118,13,0.7832,0.5021
170118,14,0.7305,0.4693
170118,15,0.7821,0.4993
170120,7,0,0.032
170120,8,0,0.0377
170120,9,0,0.0512
170120,10,0,0.0527
170120,11,0,0.0526
170120,12,0,0.073
170120,13,0,0.0638
170120,14,0,0.0453
170121,9,0.0328,0.0285
170121,10,0.0475,0.0398
170121,11,0.0472,0.0401
170121,12,0.0599,0.0488
170121,13,0.0754,0.0559
170121,14,0.1202,0.0788
170121,15,0.2193,0.1325
170122,7,0.044,0.0305
170122,8,0.056,0.0383
170122,9,0.066,0.0444
170122,10,0.1463,0.0882
170122,11,0.1796,0.1062
170122,12,0.1994,0.1118
170122,13,0.3481,0.182
170122,14,0.408,0.2193
170122,15,0.4497,0.2452
170122,16,0.4346,0.2379
170123,7,0.0719,0.0483
170123,8,0.071,0.0483
170123,9,0.0785,0.0523
170123,10,0.0854,0.0551
170123,11,0.1428,0.0819
170123,12,0.2297,0.1229
170123,13,0.2847,0.1437
170123,14,0.3946,0.1959
170123,15,0.4211,0.2127
170124,9,0.1256,0.0783
170124,10,0.1621,0.0991
170124,11,0.2454,0.1448
170124,12,0.3028,0.1774
170124,13,0.3939,0.2308
170124,14,0.388,0.2309
170124,15,0.3815,0.226
170126,9,0.3103,0.1812
170126,10,0.3176,0.1859
170126,11,0.3957,0.2302
170126,12,0.5496,0.3198
170126,13,0.5989,0.3532
170126,14,0.6991,0.4182
170126,15,0.7701,0.4636
170127,12,0.3551,0.2035
170127,13,0.492,0.2831
170127,14,0.5443,0.3152
170128,7,0.2448,0.1511
170128,8,0.221,0.1382
170128,9,0.1759,0.1141
170128,10,0.1554,0.1009
170128,11,0.3011,0.1814
170128,12,0.4054,0.2359
170128,13,0.6024,0.3417
170128,14,0.8262,0.4572
170128,15,0.9274,0.5171
170129,12,1.0826,0.8523
170129,13,1.3372,1.0749
170129,14,1.2994,1.0107
170129,16,1.1673,0.8641
170129,17,1.0731,0.755
170130,8,0.634,0.3962
170130,9,0.6455,0.4007
170130,10,0.6511,0.3989
170130,11,0.8612,0.5265
170130,12,1.1674,0.7185
170130,13,1.2215,0.75
170130,14,1.5918,0.9954
170130,15,1.5777,0.9839
170131,8,0.518,0.3063
170131,9,0.5195,0.3053
170131,10,0.5471,0.3202
170131,11,0.7672,0.447
170131,12,0.9881,0.5796
170131,13,1.2502,0.7433
170131,14,1.3486,0.8076
170201,7,0.3523,0.2132
170201,8,0.3295,0.1974
170201,9,0.3433,0.2026
170201,10,0.5138,0.3009
170201,11,0.8544,0.5002
170201,12,0.9016,0.5342
170201,13,1.0536,0.6283
170201,14,1.0465,0.622
170202,7,0.4031,0.2362
170202,8,0.4307,0.2498
170202,9,0.4178,0.234
170202,10,0.549,0.3087
170202,11,0.6641,0.3755
170202,13,1.0328,0.594
170203,14,0.9886,0.5737
170203,15,0.7177,0.4288
170203,16,0.7649,0.4585
170203,17,0.9965,0.639
170204,8,0.8116,0.5901
170204,9,0.7734,0.5427
170204,10,0.8059,0.5557
170204,11,0.7535,0.5073
170204,12,0.6543,0.4303
170204,13,0.8038,0.5271
170205,14,0.8378,0.5419
170205,15,0.835,0.5179
170205,16,0.8919,0.5509
170205,17,0.9707,0.5972
170206,7,0.4624,0.2823
170206,8,0.4833,0.2927
170206,11,0.5538,0.3326
170207,8,0.3623,0.2184
170207,10,0.4107,0.2492
170207,11,0.3116,0.1905
170207,12,0.3794,0.2342
170207,13,0.5439,0.3363
170208,14,0.6555,0.3977
170208,15,0.7627,0.452
170209,7,0.0578,0.0409
170209,8,0.0628,0.0459
170209,9,0.0536,0.0421
170209,10,0.072,0.0555
170209,11,0.1043,0.0872
170209,12,0.1335,0.118
170215,7,0.096,0.0621
170215,8,0.1013,0.0673
170215,9,0.1284,0.0832
170215,10,0.1935,0.1191
170215,11,0.207,0.1286
170215,12,0.1864,0.1281
170216,13,0.2448,0.1656
170216,14,0.2291,0.1494
170216,15,0.2181,0.1359
170216,16,0.2143,0.131
170217,7,0.0739,0.0448
170217,8,0.0658,0.0421
170217,9,0.0886,0.0582
170217,10,0.0535,0.0427
170217,11,0.0543,0.0443
170217,12,0.0842,0.0623
170217,13,0.1209,0.095
170217,14,0.1025,0.0881
170217,15,0.1312,0.1068
170221,10,0.923,0.6176
170221,12,1.3402,0.9228
170221,13,1.5283,1.0682
170221,14,1.4451,0.9911
170221,15,1.3887,0.948
170221,16,1.4055,0.9657
170222,8,0.1936,0.1166
170222,9,0.1994,0.1188
170222,10,0.2525,0.143
170222,11,0.3739,0.2027
170222,12,0.3825,0.2089
170222,13,0.5013,0.2676
170222,14,0.6488,0.3452
170222,15,0.7334,0.3909
170222,16,0.9861,0.5258
170222,17,1.0956,0.5856
170223,9,0.2488,0.1436
170223,10,0.3199,0.1823
170223,11,0.346,0.1988
170223,12,0.3214,0.1848
170223,13,0.4131,0.237
170223,14,0.4594,0.2662
170224,10,0.1342,0.081
170224,11,0.1695,0.098
170224,12,0.2634,0.1471
170224,13,0.3391,0.1873
170224,14,0.5143,0.2797
170224,15,0.6216,0.3328
170225,10,0.5536,0.3015
170225,11,0.6999,0.3762
170225,12,0.7154,0.3814
170225,13,0.9866,0.5259
170225,14,1.1332,0.6099
170225,15,1.2467,0.6766
170226,7,0.2423,0.1362
170226,8,0.2368,0.1331
170226,9,0.2424,0.1368
170226,10,0.2462,0.1388
170226,11,0.1858,0.1068
170226,12,0.1956,0.112
170226,13,0.2289,0.1311
170226,14,0.2826,0.1586
170226,15,0.3323,0.1834
170227,11,0.4137,0.2245
170227,12,0.4029,0.2178
170227,13,0.5955,0.3181
170227,14,0.6737,0.3626
170227,15,0.8087,0.4381
170228,9,0.3743,0.2137
170228,10,0.3425,0.1949
170228,11,0.3545,0.2002
170228,12,0.3323,0.1874
170228,13,0.498,0.279
170228,14,0.6391,0.3536
170228,15,0.7073,0.3914
170301,8,0.2999,0.1741
170301,9,0.3114,0.1796
170301,10,0.3708,0.2149
170301,11,0.4583,0.2549
170301,12,0.5851,0.3299
170301,13,0.5853,0.3249
170301,14,0.6021,0.3227
170301,15,0.6342,0.3404
170302,12,0.37,0.2455
170302,13,0.3911,0.2507
170302,14,0.4021,0.2527
170302,15,0.4838,0.2992
170303,9,0.309,0.2145
170303,10,0.335,0.2243
170303,11,0.3314,0.2246
170303,12,0.4107,0.2669
170303,13,0.7282,0.4434
170304,8,0.468,0.3407
170304,9,0.5459,0.3906
170304,10,0.5284,0.3671
170304,11,0.5387,0.3774
170304,12,0.5264,0.3646
170305,11,0.7792,0.5892
170305,12,0.6027,0.4629
170305,13,0.647,0.4869
170305,14,0.7708,0.5653
170305,16,1.0758,0.7145
170305,17,1.0884,0.7272
170306,11,0.7245,0.5022
170306,12,0.7304,0.4648
170307,9,0.5777,0.3492
170307,10,0.5163,0.3047
170307,11,0.4828,0.2814
170308,7,0.7972,0.563
170308,9,0.7488,0.4822
170308,10,0.8175,0.5283
170308,11,0.7492,0.469
170308,12,0.8086,0.5141
170309,7,0.5062,0.3448
170309,8,0.5422,0.3757
170309,9,0.5934,0.3829
170309,10,0.6647,0.4294
170309,11,0.7089,0.4572
170309,12,1.0658,0.6901
170309,15,1.3527,0.8755
170310,11,0.6805,0.4138
170310,12,1.1178,0.7661
170311,11,0.8298,0.5091
170311,12,0.7963,0.4885
170311,13,0.647,0.3868
170311,16,0.4161,0.2363
170311,17,0.2766,0.1566
170312,7,0.5275,0.3512
170312,8,0.493,0.3227
170312,11,0.8674,0.5416
170312,12,0.8477,0.5223
170312,17,0.2756,0.1546
170313,11,1.1559,0
170314,12,0.6766,0.3876
170314,13,0.6827,0.4054
170316,12,0.9063,0.5294
170316,14,1.1442,0.684
170316,15,1.239,0.7323
170317,11,0.4628,0.2608
170317,12,0.6403,0.3619
170320,8,0.2112,0.1273
170320,9,0.1747,0.1033
170320,10,0.1557,0.0914
170320,11,0.2107,0.1221
170320,12,0.1843,0.1095
170320,13,0.2457,0.1457
170320,14,0.2744,0.1574
170320,15,0.3242,0.1732
170320,16,0.4072,0.2178
170320,17,0.1929,0.1101
170321,-6,0.2155,0.1203
170321,7,0.1682,0.1016
170321,8,0.1578,0.0952
170321,9,0.1364,0.0819
170321,10,0.1654,0.0979
170321,11,0.2603,0.1458
170321,12,0.1451,0.0866
170321,13,0.2005,0.1264
170321,14,0.1779,0.1066
170321,15,0.2231,0.1268
170321,17,0.2678,0.1557
170322,-6,0.2627,0.155
170322,7,0.1033,0.0625
170322,8,0.1136,0.0697
170322,9,0.1671,0.0985
170322,10,0.2783,0.1586
170322,11,0.2342,0.1378
170322,12,0.1868,0.1075
170322,13,0.1945,0.1198
170322,14,0.2274,0.142
170322,15,0.1978,0.1237
170323,-6,0.2046,0.1267
170323,7,0.1057,0.0692
170323,8,0.1032,0.0667
170323,9,0.1174,0.0742
170323,10,0.1016,0.0635
170323,11,0.1834,0.109
170323,12,0.1803,0.1001
170323,13,0.362,0.2134
170323,14,0.51,0.2934
170323,15,0.2685,0.1564
170324,-6,0.3564,0.1942
170324,8,0.3796,0.2211
170324,9,0.3699,0.2172
170324,10,0.4015,0.2379
170324,11,0.4755,0.2865
170324,12,0.5999,0.3579
170324,13,0.5626,0.3264
170325,7,0.3246,0.1863
170325,8,0.3546,0.2095
170325,9,0.3572,0.2116
170325,10,0.2235,0.1342
170325,11,0.2848,0.1708
170325,12,0.4991,0.2963
170325,13,0.4145,0.2443
170325,14,0.3381,0.1888
170325,15,0.3065,0.1687
170326,10,0.3838,0.216
170326,11,0.3752,0.2099
170326,12,0.6289,0.3573
170326,13,0.7478,0.429
170327,7,0.2231,0.1309
170327,8,0.2236,0.1312
170327,9,0.2214,0.1305
170327,10,0.2195,0.13
170327,11,0.2606,0.1597
170327,12,0.3392,0.2105
170327,13,0.5792,0.3612
170327,14,0.6228,0.3766
170327,15,0.5999,0.3556
170328,7,0.2562,0.15
170328,8,0.2458,0.1436
170328,9,0.2712,0.1601
170328,10,0.3504,0.2095
170328,11,0.5829,0.3594
170328,12,0.4445,0.27
170328,15,0.5968,0.3546
170329,-6,0.2259,0.1353
170329,7,0.1178,0.07
170329,8,0.1167,0.0689
170329,9,0.1254,0.0733
170329,10,0.1466,0.0848
170329,11,0.2355,0.1349
170329,12,0.3661,0.2076
170329,13,0.3502,0.2017
170329,14,0.2656,0.1577
170330,-6,0.159,0.0976
170330,7,0.0727,0.0446
170330,8,0.085,0.0519
170330,9,0.0821,0.0484
170330,10,0.1565,0.0898
170330,11,0.3097,0.1738
170330,12,0.4433,0.2453
170330,13,0.4192,0.2341
170331,9,0.3302,0.1908
170401,-6,0.269,0.1568
170401,7,0.0902,0.0545
170401,8,0.109,0.0656
170401,9,0.1549,0.0917
170401,10,0.2262,0.1325
170401,11,0.2095,0.1303
170401,12,0.0812,0.0566
170401,13,0.2058,0.1389
170401,14,0.2833,0.1757
170401,15,0.2937,0.175
170401,17,0.201,0.1153
170402,-6,0.1866,0.1076
170402,7,0.1293,0.0732
170402,8,0.1403,0.0821
170402,9,0.1786,0.1017
170402,10,0.138,0.0807
170402,11,0.1429,0.0871
170402,12,0.2148,0.1261
170402,13,0.3127,0.1851
170402,14,0.3874,0.2321
170402,15,0.3692,0.2154
170402,17,0.2985,0.1628
170403,-6,0.2945,0.1652
170403,7,0.1152,0.0692
170403,8,0.1307,0.0767
170403,9,0.1028,0.0617
170403,14,0.6919,0.4176
170403,15,0.7349,0.4125
170404,7,0.14,0.0797
170404,8,0.1194,0.0689
170404,9,0.1672,0.0981
170404,10,0.1474,0.0864
170404,11,0.1984,0.1158
170404,12,0.3237,0.1851
170404,13,0.5989,0.3373
170404,14,0.9208,0.5091
170404,15,0.6872,0.3942
170405,-6,0.5041,0.2903
170405,8,0.462,0.2533
170405,9,0.4963,0.2685
170405,10,0.502,0.2671
170405,11,0.7928,0.4335
170405,12,0.7357,0.4033
170405,13,0.4929,0.2666
170405,14,0.9767,0.5336
170405,15,1.347,0.7421
170406,7,1.0686,0.7131
170406,8,1.1492,0.8007
170406,9,1.2671,0.8514
170406,10,1.2914,0.8258
170406,11,1.6738,1.0963
170406,12,1.5063,0.953
170406,13,1.6127,1.0223
170407,9,0.715,0.426
170407,10,0.6934,0.4091
170407,11,0.6428,0.3742
170407,12,0.7461,0.4407
170407,13,0.9225,0.56
170408,10,0.6453,0.3707
170408,12,1.1622,0.6782
170410,7,0,0.4634
170410,10,0.5738,0.3231
170410,11,0.5767,0.3306
170410,12,0.9794,0.606
170410,16,1.0962,0.6383
170410,17,1.0472,0.5932
170411,8,0.6737,0.386
170411,9,0.6711,0.3848
170411,10,0.976,0.5773
170411,11,0.9494,0.5642
170411,12,0.8869,0.5251
170411,13,0.7799,0.4375
170411,14,1.1419,0.6453
170412,7,0.2458,0.1493
170412,8,0.2621,0.1582
170412,9,0.2747,0.1633
170412,10,0.2814,0.1644
170412,11,0.3178,0.1867
170412,12,0.3818,0.2211
170412,13,0.5682,0.3309
170412,14,0.6585,0.3716
170412,15,0.6674,0.3751
170415,12,0.4288,0.2538
170416,7,0.3774,0.2191
170416,8,0.4377,0.2503
170416,9,0.4475,0.2565
170416,10,0.426,0.2373
170416,11,0.4656,0.2588
170416,12,0.363,0.2017
170417,11,0.5892,0.345
170418,12,0.8854,0.5428
170419,11,0.7186,0.4338
170419,15,0.5761,0.2983
170419,16,0.554,0.2965
170420,6,0.5411,0.3632
170420,7,0.5281,0.3548
170420,8,0.4514,0.2938
170420,9,0.3154,0.2019
170420,10,0.2999,0.1914
170420,11,0.3427,0.2121
170420,12,0.3139,0.1883
170420,13,0.3056,0.183
170420,14,0.3418,0.201
170420,15,0.3886,0.2191
170420,16,0.4602,0.2332
170421,6,0.6171,0.3692
170421,7,0.5979,0.3522
170421,8,0.5847,0.3399
170421,9,0.5393,0.3177
170421,10,0.5954,0.3546
170421,11,0.6994,0.4212
170421,13,0.9674,0.5495
170421,14,0.7037,0.3844
170422,6,0.441,0.2595
170422,7,0.4002,0.2328
170422,8,0.4216,0.2454
170422,9,0.4181,0.245
170422,10,0.3862,0.2316
170422,11,0.4668,0.2726
170422,12,0.4103,0.2426
170422,13,0.3303,0.1922
170422,14,0.3614,0.1978
170422,15,0.3601,0.1971
170423,6,0.49,0.3046
170423,7,0.5868,0.3721
170423,8,0.5605,0.3592
170423,9,0.4949,0.3054
170423,10,0.6566,0.4081
170423,11,0.6549,0.4024
170423,12,0.5838,0.3434
170423,13,0.7755,0.4482
170424,7,0.5953,0.3373
170424,10,0.6291,0.3716
170424,11,0.6148,0.3582
170425,6,0.5799,0.3354
170425,7,0.5892,0.3372
170425,8,0.6244,0.3598
170425,9,0.7076,0.4123
170425,10,0.8708,0.5135
170426,11,0.1155,0.0643
170426,12,0.2143,0.1203
170426,13,0.2793,0.1571
170426,14,0.3868,0.2205
170426,15,0.4255,0.2448
170427,9,0.7091,0.4121
170428,8,0.3043,0.184
170430,6,0.2605,0.1384
170430,7,0.2469,0.1303
170430,8,0.2194,0.1161
170430,9,0.1967,0.1029
170430,10,0.2522,0.1306
170430,11,0.388,0.2046
170501,6,0.7746,0.4354
170501,7,0.7693,0.4307
170501,9,0.8762,0.5121
170501,10,0.8874,0.5129
170501,11,0.8195,0.4567
170501,12,0.7943,0.4357
170502,6,0,0.575
170502,7,0.9862,0.5637
170502,8,0.9826,0.5605
170502,9,0.9402,0.5369
170502,10,0.9481,0.5413
170502,11,1.2097,0.7066
170502,16,1.3528,0.7743
170503,6,0,0.7095
170503,7,1.1478,0.6774
170503,8,1.2312,0.7265
170503,9,1.2565,0.7418
170503,10,1.1824,0.6947
170503,11,1.1098,0.6503
170504,7,1.5056,0.9643
170504,8,1.5761,0.9846
170504,9,1.4235,0.8928
170504,10,1.4148,0.867
170506,6,0.6652,0.4417
170506,7,0.6023,0.3579
170506,8,0.6036,0.3577
170506,9,0.5636,0.3374
170506,10,0.5401,0.3308
170506,12,0.7188,0.4305
170506,15,1.0736,0.6209
170507,9,0.7206,0.4318
170507,10,0.761,0.4547
170507,11,0.9712,0.5521
170507,12,1.0036,0.5656
170507,13,0.9938,0.5649
170507,17,2.031,1.376
170508,9,1.0324,0.6502
170508,10,0.9586,0.5885
170508,11,1.0979,0.6706
170508,12,1.2318,0.7528
170510,6,0.7374,0.4611
170510,9,0.7796,0.4886
170510,13,1.6668,1.1184
170511,7,0.7062,0.4434
170511,8,0.6487,0.4052
170511,9,0.6634,0.4073
170511,10,0.6219,0.3748
170511,11,0.6962,0.4271
170515,6,0.7104,0.4563
170515,7,0.7142,0.4529
170515,8,0.7458,0.4724
170515,9,0.78,0.4979
170515,10,0.8632,0.559
170515,11,0.9459,0.6173
170516,6,0,0.6772
170516,7,1.1056,0.7488
170516,9,1.214,0.8049
170516,10,1.1905,0.7813
170516,11,1.2401,0.8073
170516,12,1.6535,1.1088
170516,13,2.1316,1.4982
170516,14,2.0341,1.4089
170516,15,1.8628,1.2094
170516,16,1.8764,1.2348
170517,6,0.9287,0.5818
170517,7,0.9691,0.6046
170517,8,0.9742,0.6044
170517,9,1.0075,0.6263
170517,10,1.1212,0.7068
170517,11,1.2206,0.7751
170517,12,1.7102,1.1387
170517,13,1.4823,0.9512
170517,14,1.3454,0.846
170517,15,1.5103,0.9571
170518,10,1.2342,0.8157
170518,11,1.0235,0.6749
170518,12,1.1561,0.7723
170518,13,1.9766,1.4358
170519,6,0.7339,0.4601
170519,7,0.7457,0.4678
170519,8,0.7103,0.4402
170519,9,0.766,0.4738
170519,10,0.8217,0.5107
170519,11,0.9394,0.5834
170519,12,0.8817,0.5386
170519,13,0.9633,0.5899
170519,14,0.9052,0.5569
170520,8,0.5719,0.3519
170520,9,0.5827,0.3551
170520,10,0.6564,0.3904
170520,11,0.6673,0.3995
170520,12,0.8889,0.5461
170520,13,1.2969,0.8199
170520,14,1.8197,1.2111
170520,15,2.101,1.368
170521,6,0,0.6668
170521,7,1.0759,0.723
170521,8,1.2388,0.852
170521,9,1.1323,0.7531
170521,10,1.0472,0.6873
170521,11,0.8609,0.5354
170521,13,1.5661,1.0245
170521,14,0.9838,0.6242
170521,15,1.2248,0.7873
170522,9,0.8895,0.5902
170522,10,0.9752,0.602
170522,11,0.8021,0.4907
170522,12,0.6854,0.4094
170522,13,0.7334,0.4569
170522,14,0.7863,0.51
170523,6,0,0.6225
170523,7,1.0484,0.6912
170523,9,0.9386,0.5824
170523,10,0.8218,0.4819
170523,11,0.7703,0.4519
170523,14,0.9504,0.5468
170523,15,1.1071,0.646
170524,11,1.2178,0.8377
170526,13,0.6235,0.3823
170526,14,0.6077,0.3649
170526,15,0.8603,0.5473
170527,9,1.0604,0.7785
170527,10,0.7991,0.5081
170527,12,0.631,0.384
170527,13,0.8521,0.5234
170528,7,0.6771,0.4734
170528,8,0.6835,0.4671
170528,11,0.7669,0.5412
170528,12,0.629,0.436
170528,15,0.5864,0.3549
170528,16,0.5137,0.2981
170529,8,0.5231,0.356
170529,13,0.8699,0.5419
170529,14,0.8602,0.5439
170530,9,0.6294,0.4054
170530,13,0.85,0.5079
170602,10,0.3416,0.2297
170602,11,0.4924,0.3339
170602,13,0.5077,0.2941
170602,14,0.3575,0.1893
170602,15,0.5086,0.2563
170603,10,0.635,0.3841
170603,11,0.703,0.4286
170603,12,0.5558,0.3267
170603,13,0.6281,0.3541
170603,14,0.5312,0.2717
170603,16,0.7239,0.3655
170603,17,0.7003,0.3534
170604,11,0.694,0.4155
170604,12,0.615,0.3613
170604,13,0.5478,0.3121
170604,14,0.7011,0.3995
170604,15,0.8377,0.4686
170605,11,0.804,0.4842
170605,12,0.8222,0.4884
170605,13,0.6249,0.3586
170605,14,0.8426,0.4918
170605,15,0.9188,0.543
170605,17,0.7515,0.4366
170606,-6,0.7568,0.4447
170606,6,0,0.4925
170606,10,0.8308,0.5158
170606,15,0.7139,0.3884
170606,16,0.501,0.28
170606,17,0.5523,0.3072
170607,11,0.4995,0.3166
170607,12,0.4151,0.2493
170607,16,1.3788,0.8357
170608,13,0.5285,0.3139
170608,14,0.56,0.3287
170608,15,0.7014,0.404
170608,16,0.3967,0.2119
170609,7,0.6808,0.4609
170609,8,0.7414,0.5164
170609,9,0.7722,0.5354
170609,10,0.705,0.4787
170609,11,0.7294,0.4855
170610,17,0.5833,0.3318
170611,7,0.4947,0.3116
170611,8,0.3979,0.238
170611,9,0.3528,0.2035
170611,10,0.367,0.2122
170611,11,0.3348,0.1919
170611,12,0.3765,0.2211
170611,13,0.4954,0.3103
170611,14,0.5963,0.3505
170611,15,0.6352,0.3616
170611,16,0.8082,0.4629
170612,10,0.3562,0.224
170612,11,0.412,0.2582
170612,12,0.5504,0.3444
170612,13,0.3219,0.2221
170612,14,0.3943,0.2541
170612,15,0.4336,0.2813
170612,17,0.3407,0.2199
170613,7,0.4913,0.372
170613,8,0.3702,0.2673
170613,9,0.3243,0.228
170613,10,0.4824,0.3445
170613,11,0.4618,0.3235
170613,12,0.5508,0.3802
170613,13,0.5775,0.3921
170613,14,0.4854,0.3213
170614,6,0.1079,0.0785
170614,10,0.2164,0.13
170614,13,0.3353,0.1762
170615,6,0.153,0.116
170615,10,0.3291,0.2108
170615,11,0.2741,0.1763
170615,12,0.2739,0.178
170615,13,0.3461,0.2063
170615,14,0.3933,0.229
170615,15,0.525,0.2948
170616,7,0.2465,0.1676
170616,8,0.2558,0.1716
170616,9,0.2219,0.1459
170616,10,0.2673,0.1724
170616,11,0.3808,0.2386
170616,13,0.4561,0.2762
170616,14,0.3691,0.2175
170617,6,0.1954,0.1243
170617,7,0.1715,0.1077
170617,8,0.3141,0.1978
170617,9,0.2991,0.1836
170617,10,0.3719,0.2268
170617,11,0.2978,0.1738
170617,12,0.4396,0.2522
170617,13,0.3226,0.1752
170617,14,0.2512,0.1244
170617,15,0.3438,0.1634
170621,7,0.1168,0.0699
170621,8,0.2112,0.1258
170621,9,0.2557,0.1524
170621,10,0.2637,0.1561
170621,11,0.2416,0.14
170621,12,0.5025,0.2879
170621,14,0.4515,0.2482
170621,15,0.4167,0.2289
170622,6,0.3842,0.2306
170622,7,0.3781,0.2231
170622,8,0.4364,0.2603
170622,9,0.5231,0.3114
170622,10,0.6931,0.4144
170622,11,0.8541,0.5189
170622,12,1.0472,0.6421
170623,-6,0,0.4265
170623,6,0.1091,0.0666
170623,7,0.146,0.0884
170623,8,0.2121,0.1282
170623,9,0.3708,0.2256
170623,10,0.2095,0.124
170623,11,0.3045,0.1733
170623,12,0.4626,0.2654
170623,13,0.1863,0.1038
170623,14,0.329,0.1783
170623,15,0.4887,0.2443
170624,10,0.8829,0.6179
170624,13,0.9029,0.521
170627,14,1.9046,1.5441
170628,12,0.4893,0.332
170628,13,0.5066,0.3235
170701,14,0.5383,0.3511
170702,12,0.4922,0.3352
170702,13,0.4965,0.3265
170702,14,0.7206,0.4629
170705,10,0.8509,0.5456
170706,12,0.9803,0.6605
170706,15,0.6194,0.3629
170706,16,0.5298,0.2872
170707,12,0.6938,0.4513
170713,9,0.7911,0.645
170713,10,0.893,0.7313
170713,12,0.7507,0.566
170713,13,1.1655,0.8952
170713,14,0.7418,0.5313
170713,15,0.6957,0.4673
170714,6,0.3137,0.2474
170714,7,0.3804,0.3127
170714,8,0.3686,0.2784
170714,11,0.4652,0.325
170714,12,0.5291,0.3492
170714,13,0.463,0.3008
170715,8,0.3562,0.258
170715,9,0.4077,0.2423
170715,10,0.2866,0.1617
170715,11,0.5133,0.3008
170715,13,0.3253,0.1966
170715,14,0.5117,0.2896
170715,16,0.2759,0.146
170716,9,0.6095,0.4396
170716,10,0.4837,0.3182
170716,11,0.3086,0.1899
170716,12,0.6346,0.3987
170716,13,0.9883,0.657
170716,14,0.9227,0.5362
170716,15,0.8433,0.4456
170717,6,0.4609,0.3344
170717,8,0.6378,0.3708
170717,9,0.6175,0.39
170717,10,0.6265,0.3972
170717,11,0.6484,0.4185
170717,12,0.6227,0.4003
170717,14,1.2171,0.7642
170718,6,0.3954,0.242
170718,8,0.4044,0.2457
170718,9,0.441,0.2665
170720,8,0.3479,0.2695
170720,9,0.3228,0.2322
170720,10,0.2798,0.1814
170720,11,0.418,0.2727
170720,12,0.8034,0.5161
170720,15,1.0069,0.6634
170721,12,0.7719,0.5559
170721,15,0.8529,0.5383
170722,12,0.9039,0.5855
170726,10,0.5849,0.3975
170726,11,0.6389,0.4063
170726,13,1.1724,0.7165
170727,9,0.5756,0.4113
170727,10,0.6456,0.4588
170727,11,0.7076,0.497
170728,15,0.9665,0.6218
170728,16,0.8083,0.4912
170729,6,0.289,0.1789
170729,7,0.2797,0.1757
170729,8,0.3111,0.1928
170729,9,0.4166,0.248
170729,10,0.351,0.206
170729,11,0.3339,0.1967
170729,12,0.3631,0.217
170729,13,0.5225,0.296
170729,17,0.7544,0.38
170730,6,0.3533,0.2213
170730,7,0.2937,0.1786
170730,8,0.2752,0.1688
170730,9,0.3403,0.216
170730,10,0.413,0.261
170730,11,0.4802,0.2963
170730,12,0.6445,0.3938
170730,13,0.509,0.2961
170730,14,0.5627,0.3188
170730,15,0.4954,0.2729
170730,16,0.2483,0.1371
170730,17,0.2618,0.1472
170731,9,0.2484,0.1612
170731,10,0.3476,0.218
170731,12,0.338,0.2198
170731,13,0.35,0.2152
170731,14,0.2941,0.1762
170731,15,0.2462,0.1534
170801,-6,0.238,0.1526
170801,9,0.5634,0.3866
170801,10,0.5819,0.4031
170801,11,0.4796,0.3258
170801,12,0.8531,0.5844
170801,13,1.0089,0.6584
170801,14,0.9559,0.6175
170801,15,0.9111,0.5993
170803,13,0.4179,0.2611
170804,14,0.8975,0.5306
170805,7,0.6693,0.5821
170805,8,0.6197,0.519
170805,13,0.9333,0
170806,6,0.1613,0.1053
170806,7,0.1729,0.1168
170806,10,0.1652,0.1312
170806,11,0.1512,0.1056
170806,12,0.2061,0.1455
170806,13,0.2749,0.1592
170806,15,0.3393,0.1908
170806,16,0.1821,0.1028
170806,17,0.1813,0.1016
170807,-6,0.2387,0.1325
170807,7,0.2963,0.1931
170807,9,0.3758,0.2656
170807,11,0.626,0
170807,13,0.5309,0.3336
170808,9,0.7398,0
170808,10,0.5287,0
170808,11,0.4088,0
170808,12,0.3388,0
170808,13,0.2807,0
170808,14,0.3091,0
170808,15,0.2055,0
170809,6,0.357,0.2771
170809,9,0.2787,0.2002
170811,6,0.2083,0.1352
170812,7,0.3049,0.2267
170812,8,0.3602,0.2806
170812,9,0.2958,0.2266
170812,10,0.3071,0.2327
170812,11,0.5405,0
170812,12,0.7155,0
170813,6,0.2267,0.1549
170813,7,0.208,0.1343
170813,8,0.1667,0.1073
170813,9,0.1543,0.0986
170813,10,0.123,0.0767
170813,11,0.172,0
170813,13,0.2016,0
170813,17,0.3452,0.1894
170814,-6,0.3625,0.1963
170814,6,0.1151,0.0717
170814,7,0.1489,0.0948
170814,8,0.2015,0.1261
170814,9,0.2324,0.1465
170814,10,0.2268,0.1666
170814,11,0.165,0
170814,12,0.2333,0
170814,13,0.1967,0
170814,17,0.3571,0.1937
170815,6,0.4191,0.2602
170815,7,0.389,0.2393
170815,8,0.39,0.2407
170815,9,0.4771,0.3017
170815,10,0.7275,0.4538
170815,11,1.2596,0
170815,12,1.1546,0
170815,13,1.3435,0
170815,14,0.8414,0.514
170815,16,0.8529,0.5022
170817,7,0.1854,0.1291
170818,8,0.2382,0.1687
170818,9,0.3997,0.2667
170818,10,0.5085,0.3648
170818,11,0.4637,0
170818,14,0.5306,0
170818,15,1.0306,0.655
170819,8,0.4555,0.3506
170819,9,0.4047,0.2997
170819,10,0.512,0.3714
170819,11,0.5693,0
170819,13,0.7172,0
170819,15,0.6912,0.4297
170819,17,0.601,0.33
170820,9,0.4889,0
170820,10,0.5149,0
170820,11,0.5029,0
170820,12,0.5817,0
170820,13,0.4171,0
170820,14,0.4884,0
170821,8,0.2677,0.1898
170821,10,0.3767,0
170821,15,0.4624,0.24
170821,16,0.3297,0.1797
170822,14,0.6468,0
170822,15,0.695,0.3792
170823,8,0.282,0
170823,10,0.7958,0
170823,11,0.6224,0
170823,12,0.5675,0
170823,13,0.4524,0
170824,7,0.2771,0.1984
170824,8,0.283,0.2009
170824,14,0.5705,0
170824,15,0.53,0.2943
170824,16,0.4075,0.2184
170824,17,0.3726,0.1926
170825,9,0.3941,0.2669
170826,13,0.9798,0
170826,14,0.9335,0
170827,7,0.6862,0.5632
170828,12,0.5194,0
170911,7,0.1769,0.128
170911,8,0.242,0.162
170911,9,0.2398,0.1555
170911,10,0.2441,0.1672
170911,11,0.2172,0
170911,12,0.4178,0
170911,13,0.5785,0
170911,14,0.7134,0.4571
170911,16,0.8171,0.4843
170912,7,0.2938,0.2003
170912,8,0.2702,0.1799
170912,9,0.3601,0.227
170912,10,0.4288,0.2649
170912,11,0.4228,0
170912,12,0.4547,0
170912,13,0.2649,0
170912,14,0.4018,0.2384
170912,15,0.4788,0.2602
170912,16,0.4103,0.2227
170912,17,0.324,0.1849
170913,-6,0.3028,0.1767
170913,7,0.3238,0.203
170917,12,0.2267,0
170917,13,0.4586,0
170917,14,0.2804,0.1393
170917,15,0.2739,0.1543
170917,16,0.2549,0.1443
170917,17,0.2614,0.1538
170918,12,0.6801,0
170918,13,0.5191,0
170918,14,0.4914,0
170918,17,0.3029,0
170919,8,0.5354,0
170919,9,0.4842,0
170919,10,0.5412,0
170919,11,0.5223,0
170919,12,0.4868,0
170919,13,0.5359,0
170919,14,0.4706,0
170919,17,0.5056,0
170925,11,0.5851,0
170926,10,1.2705,0.9826
170926,11,1.3904,0
170926,12,1.6365,0
170926,13,1.7485,1.2822
170926,14,2.1494,1.4366
170926,16,1.949,1.3174
170927,12,0.8436,0
171005,11,0.2006,0
171005,13,0.1329,0.0704
171006,10,0.1281,0.0666
171006,13,0.0758,0.0371
171006,14,0.1007,0.0579
171006,15,0.1212,0.0714
171006,16,0.112,0.0712
171006,17,0.0765,0.0509
171007,9,0.1228,0.0698
171007,10,0.1684,0.0975
171007,11,0.207,0.1122
171007,12,0.2916,0
171007,13,0.3328,0.1599
171007,14,0.3437,0.1803
171007,15,0.3455,0.1793
171007,16,0.5795,0.3394
171008,9,0.2335,0.1301
171008,10,0.3682,0.2071
171009,11,0.4938,0.3126
171009,13,0.9096,0.5931
171009,14,1.219,0.8486
171010,10,0.4756,0.3223
171010,14,0.4368,0.2959
171013,13,0.4241,0.2317
171013,15,0.5115,0.2716
171013,16,0.3142,0.1848
171014,9,0.1648,0.0997
171014,10,0.2449,0.1418
171014,11,0.3077,0.181
171014,12,0.3477,0
171017,13,0.5167,0.3076
171017,15,0.6284,0.3797
171017,16,0.4204,0.248
171018,10,0.6621,0.5125
171018,12,0.6968,0.5472
171018,14,0.6929,0.4921
171018,15,0.7343,0.5199
171019,9,0.5307,0.2971
171019,10,0.5693,0.3174
171019,11,0.6644,0.3795
171019,12,0.7152,0.4157
171019,13,0.7704,0.447
171020,9,0.6218,0.3462
171020,10,0.6088,0.3374
171020,11,0.587,0.3286
171020,12,0.6496,0.3646
171020,13,0.7443,0.4158
171020,14,0.8664,0.4859
171021,8,0.3739,0.1998
171021,9,0.3791,0.2042
171021,10,0.4646,0.2566
171021,11,0.6184,0.3492
171021,12,0.6326,0.3527
171021,13,0.7421,0.4154
171021,14,1.0568,0.6034
171021,16,0.6818,0.3783
171022,11,0.2205,0.1235
171025,12,0.4233,0.2387
171025,13,0.3788,0.2047
171025,14,0.4152,0.2326
171026,8,0.2698,0.1655
171026,9,0.2566,0.1494
171026,10,0.2511,0.1432
171026,11,0.3487,0.1998
171026,12,0.5962,0.3523
171026,13,0.8071,0.5126
171026,14,1.0447,0.6515
171026,15,1.2516,0.7976
171026,16,1.5437,0.9667
171026,17,0,1.0583
171027,7,0.3305,0.1982
171027,8,0.2105,0.1142
171027,9,0.1904,0.1011
171027,10,0.1799,0.0971
171027,11,0.4553,0.2515
171027,12,0.5774,0.3241
171027,13,0.4956,0.2665
171027,14,0.5778,0.3079
171027,16,0.6785,0.3666
171028,8,0.3591,0.2071
171028,9,0.5095,0.2925
171028,10,0.5487,0.3094
171028,11,0.5661,0.3199
171028,12,0.7311,0.4418
171028,13,0.9222,0.5415
171028,15,1.0424,0.5992
171029,7,0,0.3943
171029,8,0.5859,0.3405
171029,9,0.6202,0.3592
171029,10,0.7003,0.4113
171029,13,0.9752,0.6148
171030,7,0.8013,0.5191
171030,8,0.7608,0.4838
171030,9,0.7685,0.4866
171030,10,0.8127,0.5108
171030,11,1.0441,0.6783
171030,13,1.9051,1.3648
171030,14,1.5767,1.0719
171031,7,0.7667,0.5304
171031,8,0.6891,0.442
171031,9,0.6898,0.4415
171031,10,0.705,0.4561
171031,11,0.7352,0.484
171102,7,0.8433,0.5786
171102,8,0.8406,0.5582
171102,9,0.8653,0.581
171102,10,1.0652,0.7398
171102,11,0.7814,0.5096
171102,12,1.3585,0.9382
171102,14,0.7969,0.5072
171102,16,1.1272,0.7037
171103,10,0.2213,0.1554
171103,11,0.2068,0.1363
171103,12,0.2372,0.1457
171103,13,0.4264,0.2636
171103,14,0.3267,0.1936
171103,16,0.2433,0.1403
171103,17,0.1928,0.1206
171104,9,0.0925,0.0509
171104,10,0.1784,0.1005
171104,11,0.2319,0.125
171104,12,0.183,0.0956
171104,13,0.2012,0.1075
171104,14,0.1847,0.099
171104,15,0.2921,0.1458
171104,16,0.2578,0.1366
171104,17,0.2234,0.1326
171105,8,0.1854,0.1052
171105,9,0.1933,0.1081
171105,10,0.2138,0.1246
171105,11,0.2593,0.1552
171105,12,0.2349,0.1503
171105,13,0.3209,0.2066
171105,14,0.3411,0.2069
171105,15,0.4173,0.2327
171105,16,0.5233,0.3057
171105,17,0.411,0.2502
171106,8,0.1554,0.0883
171106,9,0.1739,0.0982
171106,10,0.2159,0.1199
171106,11,0.3276,0.1788
171106,12,0.3936,0.216
171106,13,0.4422,0.2447
171106,14,0.5692,0.3129
171106,15,0.5338,0.2939
171106,16,0.667,0.3632
171106,17,0.4175,0.2343
171107,8,0.1271,0.0788
171107,9,0.1396,0.0885
171107,10,0.1552,0.0979
171107,11,0.0856,0.0644
171107,12,0.2001,0.1164
171107,13,0.2208,0.1235
171107,14,0.1385,0.087
171108,8,0.049,0.0303
171108,9,0.0835,0.0497
171108,10,0.171,0.1013
171108,11,0.1731,0.0988
171108,12,0.2717,0.1476
171108,13,0.4715,0.2568
171108,14,0.3069,0.1672
171108,15,0.3184,0.1756
171108,16,0.28,0.1564
171109,10,0.7278,0.6189
171109,11,0.7372,0.5657
171109,12,0.5617,0.424
171109,13,0.5603,0.3921
171109,14,0.6056,0.4167
171109,15,0.6389,0.4314
171109,16,0.8216,0.5254
171109,17,0.4932,0.3158
171110,8,0.7092,0.5424
171110,10,0.5406,0.4141
171110,11,0.4754,0.3734
171110,12,0.6905,0.5381
171110,13,0.4417,0.3224
171110,14,0.4776,0.3544
171110,15,0.5701,0.4078
171110,16,0.6134,0.4145
171111,9,0.4533,0.3564
171111,10,0.4762,0.3647
171111,11,0.5793,0.4114
171111,12,0.7601,0.5479
171111,13,1.1058,0.8209
171111,14,0.7541,0.5173
171111,16,0.6468,0.4224
171111,17,0.6224,0.3892
171112,10,0.4545,0.3177
171112,11,0.3948,0.266
171112,12,0.3968,0.2489
171112,13,0.2641,0.1558
171112,14,0.2674,0.159
171113,7,0.0559,0.0372
171113,8,0.0743,0.0461
171113,9,0.1145,0.0701
171113,10,0.0741,0.0456
171113,11,0.052,0.0331
171113,12,0.0559,0.039
171113,13,0.0813,0.0646
171114,8,0.1026,0.0578
171114,9,0.1104,0.0624
171114,10,0.1012,0.0593
171114,11,0.2064,0.1186
171114,12,0.2765,0.1569
171114,13,0.2776,0.1555
171114,14,0.3218,0.1739
171114,15,0.2837,0.152
171114,16,0.313,0.1738
171114,17,0.3189,0.1807
171115,7,0.346,0.2445
171115,8,0.2773,0.1827
171115,9,0.2701,0.1766
171115,10,0.3607,0.2262
171115,11,0.3547,0.2148
171115,12,0.3667,0.2163
171115,13,0.3519,0.213
171115,14,0.3058,0.1878
171116,8,0.0592,0.0325
171116,9,0.0612,0.0318
171116,10,0.0965,0.0494
171116,11,0.2099,0.111
171116,12,0.2562,0.1337
171116,13,0.3655,0.1915
171116,14,0.5029,0.2654
171117,9,0.4405,0.3352
171117,10,0.3676,0.2707
171117,11,0.3623,0.2762
171117,12,0.2847,0.2007
171117,13,0.3765,0.246
171117,14,0.4826,0.3086
171117,15,0.5137,0.3387
171117,16,0.5489,0.3632
171117,17,0.5394,0.3547
171118,7,0.1062,0.072
171118,8,0.092,0.0552
171118,9,0.0903,0.0497
171118,10,0.0903,0.0474
171118,11,0.1028,0.0622
171118,12,0.1949,0.1057
171118,13,0.2639,0.1404
171118,14,0.1994,0.1115
171119,15,0.4255,0.2406
171119,16,0.4735,0.2725
171120,9,0.3136,0.231
171120,10,0.2504,0.1831
171120,11,0.2341,0.1681
171120,12,0.3183,0.2159
171120,13,0.5534,0.3816
171120,14,0.8907,0.61
171121,7,0.2826,0.1588
171121,8,0.2587,0.1466
171121,9,0.2451,0.1371
171121,10,0.2233,0.1233
171121,11,0.2112,0.1171
171121,12,0.2786,0.1552
171121,13,0.5252,0.2936
171121,14,0.7279,0.413
171121,16,0.803,0.4719
171122,8,0.3911,0.2657
171122,9,0.2499,0.1543
171122,10,0.2495,0.1474
171122,11,0.2639,0.1527
171122,12,0.3886,0.2212
171122,13,0.5946,0.3403
171122,14,0.5545,0.3252
171122,15,0.6727,0.4055
171123,7,0.2633,0.1576
171123,8,0.2579,0.156
171123,9,0.2281,0.1288
171123,10,0.2322,0.1305
171123,11,0.2973,0.1657
171123,12,0.4488,0.2585
171123,13,0.5998,0.3445
171123,14,0.8324,0.4787
171124,7,0.2918,0.1726
171124,8,0.2962,0.1751
171124,9,0.2413,0.1411
171124,10,0.2667,0.1486
171124,11,0.4508,0.2466
171124,12,0.6547,0.3619
171124,13,0.7755,0.4369
171124,14,0.8906,0.4909
171124,15,1.0191,0.5493
171124,17,0,0.629
171125,7,0.2239,0.1311
171125,8,0.2134,0.1235
171125,9,0.2082,0.1184
171125,10,0.1688,0.0966
171125,11,0.2155,0.1236
171125,12,0.364,0.2067
171125,13,0.4552,0.2537
171125,14,0.5325,0.2947
171125,16,0.5254,0.3011
171125,17,0.5688,0.3282
171126,7,0.0339,0.0285
171126,8,0.0281,0.0176
171126,9,0.0453,0.0238
171126,10,0.0326,0.0166
171126,11,0.0683,0.0359
171126,12,0.0979,0.0532
171126,13,0.1033,0.0555
171126,14,0.1146,0.0643
171127,7,0.2107,0.1329
171127,8,0.1452,0.088
171127,9,0.1336,0.0762
171127,10,0.1471,0.0851
171127,11,0.1568,0.092
171127,12,0.1603,0.0921
171127,13,0.2325,0.132
171127,14,0.3626,0.2014
171127,15,0.4846,0.271
171128,7,0.2689,0.168
171128,8,0.2459,0.1486
171128,9,0.2602,0.15
171128,10,0.2409,0.1357
171128,11,0.2891,0.1628
171128,12,0.4342,0.2453
171128,13,0.5479,0.319
171128,14,0.6011,0.3533
171128,15,0.4716,0.2723
171129,7,0.119,0.0757
171129,8,0.1033,0.0626
171129,9,0.1968,0.1113
171129,10,0.2676,0.1493
171129,11,0.3679,0.1993
171129,12,0.2756,0.148
171129,13,0.2633,0.1437
171129,14,0.3511,0.1861
171130,9,0.667,0.5434
171130,10,0.6293,0.4983
171130,11,0.5117,0.3828
171130,12,0.3714,0.2548
171130,13,0.2876,0.1843
171130,14,0.4382,0.2835
171201,10,0.4953,0.3873
171201,11,0.3698,0.2953
171201,12,0.3491,0.2753
171201,13,0.4759,0.3374
171201,14,0.4916,0.3382
171201,15,0.7154,0.4757
171201,16,0.5332,0.3326
171201,17,0.51,0.3227
171202,7,0.529,0.358
171202,8,0.5056,0.3102
171202,10,0.6385,0.4335
171202,14,0.6873,0.4594
171202,16,0.8935,0.5703
171202,17,0,0.6336
171203,8,0.656,0.4762
171203,9,0.5369,0.3665
171203,10,0.4562,0.3033
171203,11,0.4558,0.3207
171203,12,0.4626,0.3587
171203,13,0.6807,0.49
171203,14,0.8465,0.5544
171203,15,0.8713,0.5619
171203,16,0.837,0.5355
171203,17,0.8661,0.593
171204,7,0.3375,0.2237
171204,8,0.4171,0.2697
171204,10,0.3272,0.1984
171204,11,0.3268,0.1981
171204,13,0.489,0.3121
171204,14,0.6463,0.4067
171204,15,0.7015,0.4354
171204,16,0.7256,0.4468
171204,17,0,0.5091
171205,7,0.3111,0.1798
171205,8,0.3351,0.1956
171205,10,0.2953,0.1758
171205,11,0.2376,0.1357
171205,12,0.407,0.2289
171205,13,0.5383,0.2981
171206,7,0.1955,0.1174
171206,8,0.1983,0.1172
171206,9,0.2022,0.1159
171206,10,0.222,0.1242
171206,11,0.2946,0.1628
171206,12,0.3926,0.2129
171206,13,0.506,0.2714
171206,14,0.5462,0.2922
171206,15,0.657,0.3461
171207,7,0.3119,0.1882
171207,8,0.4004,0.2365
171207,9,0.3641,0.2139
171207,10,0.3235,0.1929
171207,11,0.3199,0.1918
171207,12,0.4305,0.2611
171207,13,0.4968,0.3011
171210,7,0.2088,0.1188
171210,8,0.1477,0.0829
171210,9,0.1048,0.0579
171210,10,0.102,0.05
171210,11,0.0993,0.0502
171210,12,0.0979,0.0496
171210,13,0.2081,0.1032
171210,14,0.229,0.112
171210,15,0.3015,0.1445
171211,7,0.2349,0.1391
171211,8,0.2737,0.1491
171211,9,0.2632,0.1415
171211,10,0.2447,0.1358
171211,11,0.3255,0.1842
171211,12,0.3822,0.2009
171211,13,0.5403,0.2687
171211,14,0.6614,0.3222
171211,15,0.7027,0.3362
171212,7,0.2239,0.1262
171212,8,0.202,0.1123
171212,9,0.223,0.122
171212,10,0.262,0.1405
171212,11,0.1997,0.1062
171212,12,0.1701,0.0932
171212,13,0.1956,0.1054
171212,14,0.248,0.1337
171212,15,0.2841,0.1529
171213,7,0.2681,0.15
171213,9,0.2815,0.1545
171213,10,0.2673,0.1424
171213,11,0.2773,0.1475
171213,12,0.3725,0.1983
171213,13,0.4818,0.2549
171213,14,0.5116,0.2709
171213,15,0.5437,0.2871
171214,7,0.3267,0.1936
171214,12,0.3974,0.243
171214,13,0.6881,0.4368
171215,9,0.1547,0.0922
171215,10,0.1693,0.1007
171215,11,0.2587,0.1546
171215,12,0.3562,0.215
171215,13,0.3277,0.2024
171215,14,0.3144,0.1898
171215,17,0.1481,0.0845
171216,13,0.035,0.0316
171216,14,0.0406,0.0293
171216,15,0.0452,0.0294
171216,16,0.0668,0.0417
171216,17,0.1035,0.0762
171217,8,0.6507,0.5811
171217,16,0.7895,0.4921
171217,17,0.905,0.6019
171218,10,0.4223,0.2535
171218,11,0.6286,0.3631
171218,12,0.6298,0.3635
171218,13,0.8726,0.528
171218,14,0.7448,0.4486
171218,15,0.4572,0.2906
171219,10,0.3159,0.1938
171219,11,0.3776,0.225
171219,12,0.7275,0.4152
171219,13,0.6934,0.3966
171219,14,1.0737,0.6269
171219,16,1.166,0.6961
171219,17,0,0.7754
171220,7,0.2719,0.1614
171220,9,0.2526,0.1561
171220,10,0.2903,0.1693
171220,11,0.4789,0.2831
171220,13,0.6738,0.4348
171220,14,0.5051,0.3272
171220,15,0.3552,0.2307
171221,7,0.3251,0.1947
171221,9,0.3938,0.2395
171221,10,0.3623,0.2194
171221,11,0.3578,0.2186
171221,12,0.3548,0.2168
171221,13,0.5911,0.3513
171221,14,0.6779,0.4011
171221,15,0.7184,0.4241
171221,17,0,0.5026
171222,7,0.1129,0.0691
171222,8,0.1089,0.0661
171222,10,0.1175,0.0696
171222,11,0.1998,0.1234
171222,17,0,0.5209
171223,7,0.4037,0.2378
171223,8,0.4236,0.2474
171223,9,0.387,0.2305
171223,10,0.2993,0.1819
171223,11,0.3078,0.1836
171223,12,0.7175,0.4283
171223,13,0.7125,0.442
171223,14,0.7181,0.4382
171223,17,0,0.6012
171224,7,0.4959,0.322
171224,8,0.4576,0.289
171224,10,0.3727,0.2331
171224,12,0.3791,0.2307
171224,13,0.3392,0.2013
171224,14,0.5247,0.305
171224,15,0.5497,0.3186
171224,17,0.4882,0.2911
171225,9,0.5406,0.3449
171225,10,0.4809,0.3073
171225,12,0.3732,0.2547
171225,13,0.325,0.2031
171225,14,0.4659,0.2866
171225,15,0.5819,0.3481
171225,16,0.639,0.3811
171225,17,0.6595,0.4007
171226,7,0.2501,0.1524
171226,8,0.2413,0.1443
171226,9,0.2249,0.1333
171226,11,0.3407,0.2204
171226,12,0.5105,0.3148
171226,13,0.4179,0.241
171226,14,0.3895,0.2207
171226,15,0.4373,0.2483
171226,17,0,0.3486
171227,7,0.288,0.1705
171227,9,0.2557,0.1462
171227,10,0.249,0.1424
171227,11,0.2826,0.1622
171227,12,0.3316,0.1884
171227,13,0.361,0.2019
171227,14,0.4514,0.2514
171227,15,0.5034,0.2804
171228,10,0.4141,0.2481
171228,11,0.4128,0.2449
171228,12,0.3621,0.2081
171228,13,0.3254,0.1857
171228,14,0.4134,0.2362
171228,15,0.5178,0.2986
171228,17,0,0.3468
171229,13,0.416,0.3081
171229,14,0.4247,0.2997
171229,15,0.5589,0.3915
171229,16,0.6907,0.4857
171229,17,0.7073,0.4871
171230,10,0.2753,0.1566
171230,11,0.2095,0.1168
171230,12,0.2142,0.1206
171230,13,0.3754,0.2085
171230,14,0.4301,0.2384
171230,15,0.5686,0.3148
171231,7,0.5288,0.3065
171231,9,0.6078,0.3481
171231,10,0.5864,0.3312
180101,7,-999.0,0.6679
180101,8,1.2421,0.6964
180101,9,1.1567,0.6551
180101,10,0.9613,0.5312
180101,11,1.0959,0.6092
180101,12,1.2315,0.7084
180101,13,1.4974,0.8493
180101,14,1.4787,0.8487
180101,15,1.2152,0.7053
180101,16,1.4989,0.8684
180101,17,0,0.8383
180102,7,0,0.4798
180102,8,0.7641,0.4613
180102,9,0.6927,0.4155
180102,10,0.7506,0.4455
180102,11,0.7462,0.438
180102,12,0.7271,0.426
180103,7,0.6227,0.3814
180103,8,0.6251,0.3769
180103,9,0.6096,0.3647
180103,10,0.549,0.3259
180103,11,0.5334,0.3178
180103,12,0.8894,0.5627
180103,13,1.011,0.6387
180103,14,1.121,0.7003
180103,15,1.0846,0.68
180103,16,1.2057,0.7885
180104,7,0,0.5206
180104,8,0.7366,0.4593
180104,9,0.7199,0.4507
180104,10,0.6706,0.4144
180104,11,0.6674,0.4125
180104,12,1.1283,0.7454
180104,13,1.2217,0.8029
180104,14,1.3576,0.9075
180104,15,1.4481,0.9564
180104,16,1.6422,1.2307
180105,7,0,0.4179
180105,8,0.5731,0.3684
180105,9,0.5989,0.3803
180105,10,0.5958,0.3842
180105,11,0.8079,0.5333
180105,12,0.9609,0.6467
180105,13,1.0966,0.7561
180105,14,1.2327,0.8578
180105,15,1.0987,0.7564
180105,16,1.3732,0.9732
180106,7,0.5426,0.3472
180106,8,0.5267,0.3284
180106,9,0.5602,0.3468
180106,10,0.5387,0.3323
180106,11,0.4409,0.2701
180106,12,0.6949,0.4363
180106,13,0.7944,0.505
180106,14,0.7219,0.4577
180106,15,0.6551,0.4161
180107,7,0.2464,0.1442
180107,8,0.2387,0.1384
180107,9,0.2263,0.1283
180107,10,0.1854,0.1063
180107,11,0.1804,0.1029
180107,12,0.2261,0.1262
180107,13,0.221,0.1169
180107,14,0.4349,0.2367
180107,15,0.5159,0.2765
180108,7,0.2158,0.1285
180108,10,0.4547,0.2949
180108,11,0.4806,0.3084
180108,12,0.3409,0.2155
180108,13,0.4089,0.2452
180109,8,0.1775,0.116
180109,9,0.1907,0.116
180109,10,0.1727,0.1028
180109,11,0.1261,0.076
180109,12,0.2241,0.1319
180109,13,0.2196,0.137
180109,14,0.2042,0.1369
180110,9,0.2134,0.1345
180110,10,0.2086,0.1355
180110,11,0.2172,0.1307
180110,12,0.2736,0.1552
180110,13,0.5501,0.2999
180110,14,0.7592,0.4061
180110,15,0.8078,0.4258
180111,7,0.3482,0.2078
180111,9,0.4289,0.2563
180111,10,0.6019,0.3735
180111,11,0.6075,0.3674
180111,12,0.7882,0.4883
180111,13,1.0301,0.6756
180111,14,0.9578,0.6471
180111,15,0.8926,0.6308
180112,9,0.3178,0.22
180112,10,0.33,0.2232
180112,11,0.3621,0.2483
180112,12,0.4095,0.2789
180112,13,0.3694,0.2439
180112,14,0.3333,0.2329
180112,15,0.4001,0.2656
180112,16,0.5611,0.3615
180113,7,0.1633,0.1004
180113,8,0.1238,0.0805
180113,9,0.1299,0.0796
180113,10,0.1493,0.0878
180113,11,0.2467,0.14
180113,12,0.244,0.1384
180113,13,0.3613,0.194
180113,14,0.5093,0.2679
180113,15,0.4683,0.251
180114,7,0.4292,0.3218
180114,8,0.5121,0.3593
180114,9,0.5297,0.3663
180114,10,0.3772,0.2563
180114,11,0.3295,0.218
180114,12,0.2746,0.1825
180114,13,0.2036,0.1336
180114,14,0.2563,0.1618
180114,15,0.3053,0.1947
180115,7,0.2699,0.1477
180115,8,0.2472,0.1368
180115,9,0.2687,0.1435
180115,10,0.261,0.1355
180115,11,0.2731,0.1433
180115,12,0.2819,0.1467
180115,13,0.3255,0.1686
180115,14,0.5281,0.2694
180115,15,0.6203,0.3159
180116,10,0.3439,0.2001
180116,11,0.3311,0.1921
180116,12,0.3755,0.208
180116,13,0.7183,0.3888
180116,14,0.8435,0.4578
180116,15,1.1116,0.6032
180117,7,0.2994,0.1825
180117,8,0.316,0.1919
180117,9,0.3869,0.2296
180117,10,0.4031,0.2348
180117,15,1.1989,0.6995
180117,17,1.2796,0.6939
180118,11,0.5989,0.3524
180118,12,0.5923,0.3459
180118,15,1.6443,1.0258
180118,16,1.2231,0.7256
180119,8,0.3872,0.2385
180119,9,0.3591,0.2159
180119,10,0.3427,0.2038
180119,11,0.4886,0.2992
180120,7,0.1447,0.0884
180120,8,0.1554,0.0951
180120,9,0.2437,0.1459
180120,10,0.2366,0.1429
180120,11,0.2858,0.1653
180120,12,0.4183,0.2465
180120,13,0.5124,0.3019
180120,14,0.501,0.2941
180121,7,0.1044,0.0625
180121,9,0.156,0.0885
180121,10,0.1531,0.0866
180121,11,0.1932,0.1101
180121,12,0.3356,0.1949
180121,13,0.2534,0.1532
180122,10,0.2234,0.1428
180122,11,0.2693,0.1638
180122,12,0.5597,0.3554
180122,14,0.5582,0.3336
180122,15,0.5903,0.3461
180123,8,0.7893,0.5905
180123,9,0.828,0.5747
180123,10,0.7806,0.5056
180123,11,0.8409,0.5374
180123,12,1.096,0.703
180123,13,1.123,0.7081
180123,14,0.8133,0.5052
180123,15,0.6658,0.4053
180124,9,0.6433,0.4004
180124,10,0.726,0.4406
180124,11,0.8423,0.5124
180124,14,1.4682,0.996
180124,16,0,1.6542
180125,17,1.0458,0.628
180126,14,1.399,0.966
180127,8,0.5982,0.3785
180127,9,0.5219,0.3192
180127,10,0.5199,0.3121
180127,11,0.4901,0.2922
180127,12,0.6505,0.3916
180130,10,0.15,0.0894
180201,8,0.4054,0.3673
180201,10,0.1969,0.1584
180201,11,0.1957,0.1399
180201,12,0.2497,0.1484
180201,13,0.445,0.3417
180202,9,0.1791,0.1026
180202,10,0.2067,0.1148
180202,11,0.2607,0.1442
180202,12,0.3829,0.2087
180202,13,0.4332,0.2431
180202,14,0.4409,0.248
180202,15,0.4737,0.2773
180203,8,0.7032,0.5149
180203,9,0.4886,0.3097
180203,10,0.4547,0.2846
180204,7,0.2572,0.1442
180204,8,0.2553,0.1442
180204,9,0.2559,0.1428
180204,10,0.2419,0.1335
180205,8,0.4004,0.2249
180205,9,0.3725,0.2065
180205,10,0.3996,0.2215
180205,11,0.4161,0.2267
180205,12,0.4003,0.2144
180205,13,0.6166,0.3338
180205,14,0.7245,0.3951
180206,12,0.535,0.3071
180206,13,0.5628,0.3221
180206,14,0.6996,0.4117
180206,16,0.9304,0.5303
180207,9,0.3097,0.1792
180208,11,0.5443,0.36
180211,9,0.1046,0.0608
180211,10,0.1331,0.0794
180211,11,0.132,0.0759
180212,9,0.3673,0.2116
180212,10,0.4993,0.286
180212,11,0.7344,0.4152
180212,12,0.834,0.4749
180212,13,1.1022,0.6346
180213,7,0.5565,0.3703
180213,8,0.4905,0.3162
180213,9,0.4357,0.2651
180213,11,0.9219,0.6549
180213,12,1.0214,0.722
180213,13,1.0156,0.6862
180213,14,1.0362,0.702
180214,8,0.3971,0.3301
180214,9,0.4729,0.4027
180214,11,0.6452,0.4457
180214,12,0.7275,0.4854
180214,13,0.8311,0.5957
180214,14,0.7102,0.5067
180214,15,0.6589,0.4439
180214,17,0,0.6464
180215,7,0.3751,0.2344
180215,8,0.3797,0.2375
180215,9,0.4331,0.2706
180215,10,0.3963,0.2388
180215,11,0.4701,0.2817
180215,12,0.432,0.2563
180215,13,0.3046,0.1822
180215,14,0.4112,0.2409
180215,15,0.4936,0.2853
180216,8,0.1406,0.0883
180216,9,0.1459,0.0909
180216,10,0.1321,0.0828
180216,11,0.3356,0.1867
180216,12,0.4946,0.267
180216,13,0.4996,0.2656
180216,14,0.5168,0.2843
180216,15,0.4953,0.2753
180217,11,0.3135,0.1741
180217,12,0.4469,0.2427
180217,13,0.4096,0.2182
180217,14,0.4769,0.2488
180217,15,0.5782,0.3005
180218,8,0.3873,0.2247
180218,9,0.4128,0.2365
180218,10,0.4729,0.2658
180218,11,0.4558,0.2505
180218,12,0.4165,0.229
180218,13,0.4916,0.2682
180218,14,0.6777,0.3671
180219,8,0.8052,0.4998
180219,9,0.7498,0.4549
180219,10,0.7222,0.4299
180219,11,0.6587,0.3818
180219,15,1.0715,0.6223
180220,9,0.8075,0.5468
180220,10,0.7399,0.4623
180220,11,0.7228,0.4347
180220,12,0.7448,0.4451
180221,9,0.609,0.3565
180221,10,0.6318,0.3595
180221,11,0.6674,0.3774
180221,12,1.0415,0.6068
180221,13,1.3007,0.7716
180222,7,0.5745,0.3469
180222,8,0.5331,0.3174
180222,9,0.4895,0.2848
180222,10,0.4364,0.2515
180222,11,0.4591,0.2676
180222,12,0.5927,0.3558
180222,13,1.0121,0.6333
180222,14,1.0445,0.6553
180223,7,0.72,0.4546
180223,8,0.661,0.4136
180223,9,0.6168,0.3768
180223,10,0.5563,0.3317
180223,11,0.5831,0.3507
180223,12,0.6391,0.3877
180223,13,0.7656,0.4678
180223,14,0.9487,0.5843
180224,7,0.578,0.3488
180224,8,0.69,0.4236
180224,9,0.7251,0.4578
180224,10,0.7453,0.4491
180224,11,0.8169,0.482
180224,12,0.6536,0.3819
180224,13,0.865,0.5157
180224,14,1.5172,0.9563
180224,15,1.4722,0.9065
180225,7,0.4811,0.285
180225,8,0.487,0.2888
180225,9,0.4882,0.2869
180225,10,0.5402,0.3171
180225,11,0.604,0.3511
180225,12,0.6637,0.3881
180225,13,0.7417,0.439
180226,9,0.632,0.3714
180226,10,0.6058,0.3507
180226,11,0.5817,0.3335
180226,12,0.6167,0.3543
180226,13,0.8238,0.4903
180226,14,0.8471,0.4959
180227,7,0.7267,0.4689
180227,8,0.7344,0.4749
180227,9,0.863,0.5634
180227,10,0.8581,0.5517
180227,11,0.7614,0.4805
180227,12,0.6854,0.4282
180227,13,0.5059,0.3104
180227,14,0.8473,0.5528
180228,7,0.6619,0.4568
180228,8,0.7007,0.4815
180228,9,0.6988,0.4642
180228,10,0.5799,0.371
180228,11,0.5228,0.3277
180228,12,0.465,0.2897
180228,13,0.749,0.4711
180228,14,1.0623,0.6796
180228,15,1.1829,0.7547
180228,17,1.3518,0.8964
180301,7,0.8164,0.5324
180301,8,0.8134,0.5288
180301,9,0.702,0.434
180301,10,0.6473,0.3872
180301,11,0.6782,0.4014
180301,12,0.9177,0.5388
180301,13,0.739,0.4284
180301,14,0.8462,0.4893
180301,15,0.9228,0.5396
180301,16,0.9976,0.5835
180302,9,0.5088,0.3722
180302,10,0.5653,0.4078
180302,11,0.6565,0.4682
180302,12,0.9874,0.721
180302,13,1.0301,0.7416
180302,14,1.0052,0.708
180302,15,1.0988,0.7594
180303,7,0.4499,0.2886
180303,10,0.4294,0.2665
180303,11,0.3816,0.2322
180303,12,0.3787,0.2282
180303,13,0.3993,0.2375
180303,14,0.452,0.2692
180303,15,0.5492,0.3269
180304,8,0.3644,0.2084
180304,9,0.3229,0.1834
180304,10,0.2975,0.1678
180304,11,0.2601,0.1455
180304,12,0.2602,0.1502
180304,13,0.3243,0.178
180304,14,0.425,0.2371
180304,15,0.5772,0.319
180305,8,0.3143,0.1819
180305,9,0.312,0.1792
180305,10,0.4943,0.2848
180305,11,0.5939,0.3408
180305,12,0.433,0.2493
180305,13,0.5896,0.3412
180305,14,0.7981,0.4596
180306,7,0.7856,0.5149
180306,8,0.6977,0.4409
180306,10,0.6101,0.3679
180306,11,0.6082,0.3595
180306,12,0.6602,0.3865
180306,13,0.8441,0.5022
180307,7,1.2164,0.8548
180307,8,1.2279,0.9629
180307,11,1.1843,0.8467
180307,12,1.3186,0.9397
180307,13,1.254,0.8682
180307,14,1.33,0.9008
180308,7,0.5993,0.3745
180308,8,0.5949,0.3684
180308,9,0.5755,0.352
180308,10,0.6514,0.3967
180308,11,0.7226,0.4367
180308,14,1.1256,0.7215
180308,15,1.0665,0.6785
180308,17,1.0327,0.6441
180309,7,0.4531,0.2679
180309,8,0.4466,0.2628
180309,9,0.4865,0.2894
180309,10,0.6554,0.3947
180309,11,0.7165,0.4382
180309,13,0.399,0.2309
180309,14,0.5919,0.3465
180309,17,0.6308,0.3795
180310,-6,0.6096,0.3662
180310,7,0.25,0.1485
180310,8,0.2502,0.1474
180310,9,0.2314,0.1361
180310,10,0.188,0.1092
180310,11,0.3091,0.1829
180310,12,0.4273,0.2567
180310,13,0.6704,0.4181
180310,14,0.9264,0.5778
180310,15,1.2094,0.7669
180310,17,1.1376,0.6811
180311,8,0.2732,0.1586
180311,9,0.2513,0.144
180311,10,0.1951,0.1108
180311,11,0.1744,0.0968
180311,12,0.2036,0.1102
180311,13,0.2686,0.1566
180311,14,0.3722,0.2089
180311,15,0.392,0.2196
180312,7,0.5042,0.3064
180312,8,0.5306,0.3225
180312,9,0.6522,0.402
180312,10,0.6854,0.4173
180312,11,0.7823,0.4837
180312,12,0.8442,0.5235
180312,14,1.0629,0.6655
180313,8,0.4129,0.2397
180313,9,0.4485,0.2605
180313,10,0.4154,0.2392
180313,11,0.4244,0.2447
180313,12,0.4814,0.2787
180313,13,0.5685,0.3225
180313,14,0.3931,0.2196
180313,15,0.3829,0.2153
180313,17,0.6276,0.3783
180314,-6,0.5864,0.3458
180314,8,0.5937,0.3426
180314,9,0.5714,0.3296
180314,10,0.5939,0.3433
180314,11,0.7211,0.4247
180314,13,1.3799,0.8508
180314,17,0.6095,0.3588
180315,-6,0.5162,0.307
180315,8,0.3724,0.2147
180315,9,0.3912,0.2278
180315,10,0.4211,0.2457
180315,11,0.5994,0.3563
180315,12,0.6736,0.3987
180315,13,0.77,0.4611
180316,7,0.328,0.1892
180316,8,0.3149,0.1817
180316,9,0.3649,0.2106
180316,10,0.4324,0.251
180316,11,0.6068,0.3574
180316,12,0.7137,0.4287
180316,17,0.6073,0.3568
180317,-6,0.542,0.3195
180317,7,0.3466,0.2
180317,8,0.3621,0.2081
180317,9,0.3527,0.2002
180317,10,0.4743,0.2687
180317,11,0.7775,0.4419
180317,12,0.9751,0.5633
180317,13,1.3474,0.8136
180317,17,0.5861,0.3444
180318,-6,0.5962,0.3513
180318,7,0.344,0.2222
180318,10,0.297,0.165
180318,11,0.3806,0.2144
180319,-6,0,0.4729
180319,9,0.1576,0.0865
180319,10,0.1163,0.0645
180319,11,0.0931,0.0494
180319,12,0.1568,0.0854
180319,13,0.3459,0.1894
180319,14,0.46,0.2517
180319,15,0.5943,0.3201
180320,-6,0,0.5068
180320,8,0.3935,0.219
180320,9,0.384,0.2107
180320,10,0.38,0.2055
180320,11,0.4464,0.2375
180320,12,0.6893,0.3573
180320,13,0.9513,0.4949
180320,14,1.3227,0.7003
180320,15,1.4063,0.7491
180321,7,0.707,0.4353
180321,8,0.6908,0.4201
180321,9,0.8257,0.5041
180321,10,0.709,0.435
180321,11,0.5955,0.3544
180321,13,0.9816,0
180322,7,0.3905,0.2289
180322,12,0.4253,0
180322,13,0.6028,0
180322,14,0.552,0.3265
180322,15,0.6247,0.3523
180323,-6,0.4138,0.2551
180323,8,0.671,0.6119
180323,9,0.4992,0.4054
180323,10,0.3543,0.2655
180323,11,0.328,0.2383
180323,12,0.1995,0.1344
180323,13,0.0819,0.0567
180323,14,0.1955,0.1307
180323,15,0.2094,0.1403
180323,16,0.1838,0.1287
180323,17,0.2136,0.149
180324,-6,0.2236,0.1522
180324,7,0.098,0.062
180324,8,0.0804,0.0578
180324,9,0.09,0.0667
180324,10,0.0727,0.0591
180324,11,0.1262,0
180324,12,0.1487,0
180324,13,0.2052,0
180324,14,0.2151,0
180324,17,0.1604,0.1178
180325,-6,0.1605,0.1158
180325,7,0.0746,0.0482
180325,8,0.0863,0.0616
180325,9,0.0899,0.0671
180325,10,0.149,0.0933
180325,11,0.205,0.1161
180325,12,0.2275,0.1165
180325,13,0.2976,0.1639
180325,14,0.3035,0.169
180325,15,0.4625,0.2473
180325,17,0.4906,0.2576
180326,-6,0.4562,0.2417
180326,8,0.424,0.253
180326,9,0.4233,0.2549
180326,10,0.5106,0.304
180326,11,0.4596,0.2633
180326,12,0.4273,0.2425
180326,13,0.6057,0.3601
180326,16,1.1531,0.6806
180326,17,1.1996,0.7373
180327,-6,0,0.6928
180327,9,0.4647,0.2861
180327,10,0.556,0.3401
180327,11,0.581,0.3564
180327,12,0.6638,0.4068
180327,13,0.7145,0.48
180327,17,0.9353,0.5748
180328,-6,0,0.5691
180328,7,0.3172,0.1837
180328,8,0.304,0.1848
180328,9,0.296,0.1894
180328,10,0.3239,0.2031
180328,11,0.2557,0.1734
180328,12,0.3646,0.2455
180329,-6,0.4876,0.3143
180329,7,0.3758,0.2154
180329,8,0.4006,0.2417
180329,9,0.406,0.2457
180329,10,0.3789,0.231
180329,11,0.5434,0
180329,12,0.6595,0
180329,13,0.7497,0
180329,14,0.645,0.4111
180329,15,0.814,0.4878
180330,-6,0,0.4553
180330,7,0.8287,0.5865
180330,11,0.9659,0
180331,7,0.5321,0.3423
180331,8,0.5285,0.3521
180331,9,0.4389,0.2932
180331,10,0.4213,0.2803
180331,11,0.3553,0
180331,12,0.4198,0
180331,16,0.8065,0.4629
180401,7,0.1878,0.1145
180401,8,0.1953,0.1268
180401,9,0.2121,0.1422
180401,10,0.1902,0.1427
180401,11,0.2099,0
180401,12,0.3754,0
180401,13,0.388,0
180401,14,0.3176,0.1803
180401,15,0.2629,0.1514
180402,8,0.3849,0
180402,9,0.3715,0
180402,10,0.3515,0
180402,11,0.3977,0
180402,12,0.5692,0
180402,13,0.8781,0
180402,17,1.156,0
180403,7,0.8988,0
180403,8,0.7208,0
180403,9,0.7216,0
180403,10,0.8179,0
180403,11,0.9511,0
180403,12,0.8316,0
180403,14,0.9158,0
180403,15,0.8422,0
180404,8,0.548,0
180404,9,0.5969,0
180404,10,0.6852,0
180404,11,0.835,0
180404,12,1.2451,0
180404,13,1.1215,0
180404,14,1.2742,0
180405,7,0.8225,0
180405,8,0.7873,0
180405,10,0.6463,0
180405,11,0.7415,0
180405,12,0.8619,0
180405,13,1.3195,0
180406,7,0.847,0
180406,8,0.8473,0
180406,9,0.9311,0
180406,10,0.9679,0
180407,15,0.676,0
180408,8,0.3651,0
180408,9,0.3661,0
180408,10,0.4399,0
180408,11,0.5946,0
180408,12,0.7089,0
180408,17,1.1334,0
180409,9,0.6775,0
180409,10,0.7315,0
180409,11,0.7034,0
180409,12,0.718,0
180410,7,0.9758,0.5668
180410,8,0.9349,0.5443
180410,9,0.9516,0.582
180410,10,0.9533,0.5912
180410,11,1.1581,0
180410,12,1.0417,0
180411,14,1.2438,0.7866
180412,7,0.5691,0.3484
180412,8,0.5761,0.3479
180412,9,0.5108,0.3037
180412,10,0.6507,0.3971
180412,11,0.657,0
180413,7,0.4165,0.2404
180413,8,0.3619,0.2112
180413,9,0.3018,0.1692
180413,10,0.4233,0.2369
180414,7,0.2331,0.1297
180414,8,0.2263,0.1201
180414,9,0.2324,0.1242
180414,10,0.2681,0.1373
180414,11,0.3658,0
180414,12,0.4347,0
180414,14,0.5141,0
180414,17,0.3934,0.2278
180415,-6,0.4141,0.2404
180415,6,0.4731,0.279
180415,7,0.4984,0.2975
180415,8,0.6395,0.4036
180415,9,0.4694,0.2791
180415,10,0.4322,0.2712
180415,11,0.4533,0
180415,12,0.7205,0
180416,6,0,0.342
180416,7,0.5653,0.3179
180416,8,0.5487,0.3199
180416,9,0.5515,0.3124
180416,10,0.6539,0.3523
180416,11,0.6644,0
180416,12,0.7273,0
180417,6,0,0.4128
180417,7,0.6936,0.403
180417,8,0.6826,0.3984
180417,9,0.6625,0.382
180417,10,0.6229,0.3497
180417,11,0.6449,0
180417,12,1.0631,0
180417,13,1.1287,0
180417,14,1.1718,0.5935
180417,15,1.0533,0.5843
180417,16,1.154,0.6506
180418,6,0.5654,0.3202
180418,7,0.5802,0.3297
180418,8,0.5688,0.3297
180418,9,0.5574,0.3083
180418,10,0.6588,0.3835
180418,11,0.6394,0
180418,12,0.6521,0
180418,13,0.6826,0
180418,14,0.6296,0.3551
180419,6,0.322,0.1762
180419,7,0.3067,0.1679
180419,8,0.297,0.1637
180419,9,0.3157,0.1798
180419,10,0.326,0.1782
180419,12,0.3087,0
180419,13,0.3073,0
180419,14,0.3617,0
180419,17,0.5664,0.3782
180420,-6,0.5291,0.3472
180420,6,0.3953,0.2595
180420,7,0.3765,0.2431
180420,8,0.3766,0.2577
180420,9,0.4454,0.2987
180420,10,0.4805,0.3115
180420,11,0.4127,0
180420,12,0.4467,0
180420,13,0.4919,0
180420,14,0.6153,0.4536
180420,15,0.6173,0.3688
180420,16,0.5302,0.3139
180421,6,0.3636,0.2124
180421,7,0.3694,0.2165
180421,8,0.3956,0.241
180421,9,0.4656,0.2892
180421,10,0.4721,0.2751
180421,11,0.5844,0
180421,12,0.7024,0
180421,13,1.0066,0
180421,14,0.8994,0.5046
180422,6,0.5975,0.3557
180422,7,0.5189,0.3001
180422,8,0.5435,0.3306
180422,9,0.6275,0.3995
180422,10,0.7072,0.4331
180422,11,0.5628,0
180422,12,0.6564,0
180422,13,0.784,0
180422,14,0.7984,0.5107
180425,6,0,0.6743
180425,7,1.2875,0.7852
180425,8,1.1046,0.7461
180425,9,0.8702,0.5645
180425,10,0.6645,0.4456
180425,11,0.6081,0
180426,6,0,0.7968
180426,7,1.0092,0.6657
180426,8,0.9538,0.6164
180426,9,1.3271,0.9834
180426,10,1.0668,0
180426,11,1.0229,0
180426,14,1.401,0.8152
180426,15,1.4253,0.8594
180426,16,1.2757,0.7607
180427,6,0.7111,0.4053
180427,7,0.6517,0.3672
180427,8,0.6149,0.3527
180427,9,0.5819,0.3363
180427,10,0.6282,0.3365
180427,11,0.8039,0
180427,12,1.0495,0
180427,13,1.322,0
180428,6,0,0.6308
180428,7,0.8545,0.5077
180428,8,0.8341,0.4951
180428,9,0.8146,0.5001
180428,10,0.9081,0.5089
180428,11,1.2,0
180428,16,1.1001,0.6745
180428,17,0.9949,0.6079
180429,-6,0,0.526
180429,10,1.2242,0.8305
180429,11,0.8908,0
180429,13,1.4685,0
180430,-6,0,0.4977
180430,6,0,0.6464
180430,8,0.8202,0.4855
180430,9,0.8524,0.5031
180501,7,0.3599,0.2043
180501,8,0.3729,0.2132
180501,9,0.4016,0.2331
180501,10,0.4351,0.2559
180501,11,0.4674,0
180501,12,0.5019,0
180503,7,0.2577,0
180503,11,0.8614,0
180503,12,0.9401,0
180503,13,0.7384,0
180504,7,0.9755,0.7096
180504,9,0.8225,0.5403
180504,10,0.7472,0.5116
180504,11,0.8606,0
180504,12,0.9713,0
180504,13,0.8185,0
180510,6,0.3331,0.2004
180510,7,0.3476,0.2116
180510,11,0.3634,0
180510,12,0.4536,0
180510,13,0.5438,0
180511,6,0.617,0.372
180511,7,0.5842,0.3455
180511,8,0.532,0.3098
180511,9,0.5325,0.3081
180511,10,0.6569,0.4554
180511,11,0.4849,0
180511,12,0.7277,0
180511,13,1.1016,0
180511,14,1.1717,0
180512,10,0.5764,0
180512,12,0.7805,0
180512,13,1.0253,0
180512,14,1.292,0
180512,15,1.1273,0
180513,12,0.6076,0
180513,13,0.6885,0
180513,14,1.0396,0
180513,15,1.0386,0
180514,6,0.6913,0
180514,7,0.6364,0
180514,8,0.7374,0
180514,9,0.7431,0
180514,10,1.015,0
180514,11,0.9476,0
180514,12,0.5608,0
180514,13,0.5249,0
180514,14,0.516,0
180514,15,0.6287,0
180515,6,0.4021,0
180515,7,0.4044,0
180515,8,0.5928,0
180515,9,0.5355,0
180515,10,0.3595,0
180515,11,0.2437,0
180515,12,0.3033,0
180515,13,0.5026,0
180515,14,0.298,0
180515,15,0.2987,0
180519,7,0.3371,0
180519,8,0.3084,0
180519,9,0.331,0
180519,10,0.3555,0
180519,11,0.4688,0
180519,12,0.5336,0
180519,13,0.7501,0
180519,14,0.8237,0
180519,15,0.774,0
180520,13,0.6232,0
180520,14,0.4929,0
180520,15,0.602,0
180522,10,0.6544,0
180528,15,0.208,0.1207
180528,16,0.2526,0.1513
180529,-6,0.2344,0.1439
180529,6,0.1707,0.0935
180529,7,0.1885,0.1062
180529,8,0.2079,0.1159
180529,9,0.243,0.1382
180529,10,0.2663,0.1304
180529,11,0.2036,0
180529,12,0.2309,0
180529,13,0.2196,0
180530,10,0.4228,0
180530,11,0.6925,0
180530,12,0.3758,0
180530,13,0.3837,0
180531,6,0.1533,0.0882
180531,7,0.1404,0.0838
180531,8,0.1478,0.0928
180531,9,0.1897,0.1331
180531,10,0.1482,0.1181
180531,11,0.1954,0
180531,12,0.1513,0
180531,13,0.2074,0
180531,14,0.2702,0
180531,15,0.2409,0.1764
180601,6,0.3478,0.1978
180601,7,0.3455,0.1982
180601,8,0.3539,0.205
180601,9,0.2754,0.1563
180601,10,0.279,0.1381
180601,11,0.4331,0
180601,12,0.5134,0
180601,13,0.447,0
180601,14,0.2837,0.2091
180601,15,0.4178,0.2745
180602,6,0.3118,0
180602,7,0.3012,0
180602,9,0.3912,0
180602,10,0.3838,0
180602,11,0.3918,0
180602,12,0.3388,0
180602,13,0.4039,0
180602,14,0.3732,0
180602,15,0.3664,0
180603,9,0.2251,0
180603,10,0.2177,0
180603,11,0.1799,0
180603,12,0.1213,0
180604,6,0.1677,0
180604,7,0.1287,0
180604,8,0.0976,0
180604,9,0.1188,0
180604,10,0.1961,0
180604,11,0.1656,0
180604,12,0.1777,0
180604,13,0.2055,0
180604,14,0.1976,0
180604,15,0.2071,0
180605,8,0.3268,0
180605,9,0.3563,0
180605,10,0.38,0
180605,11,0.4376,0
180605,12,0.3737,0
180605,13,0.5101,0
180605,14,0.5328,0
180606,15,0.778,0
180607,10,0.9869,0
180607,12,0.9166,0
180607,13,0.9063,0
180607,14,1.8076,0
180607,15,0.9231,0
180607,16,0.6987,0
180608,8,0.4971,0
180608,9,0.4564,0
180608,10,0.9987,0
180608,11,0.9811,0
180608,12,0.6225,0
180608,13,0.6611,0
180608,14,0.7574,0
180608,15,0.7142,0
180609,7,0.5226,0
180609,8,0.5888,0
180609,9,0.9026,0
180609,11,0.8708,0
180609,13,1.4661,0
180610,14,0.6532,0
180610,15,0.6909,0
180611,11,0.7047,0
180611,12,0.4626,0
180612,9,1.4323,1.195
180628,10,0.3871,0
180628,11,0.4206,0
180628,12,0.4327,0
180628,13,0.7522,0
180628,15,0.3481,0
180629,6,0.4044,0
180629,7,0.5726,0
180629,9,0.3875,0
180629,10,0.4145,0
180629,11,0.6007,0
180629,15,0.2822,0
180629,17,0.4771,0
180630,8,0.4029,0
180630,9,0.4597,0
180630,10,0.4887,0
180630,11,0.6435,0
180630,12,0.6907,0
180630,13,1.0048,0
180701,6,0.2228,0
180701,7,0.214,0
180701,8,0.2942,0
180701,9,0.302,0
180701,10,0.2807,0
180701,11,0.3112,0
180701,14,0.3927,0
180702,10,0.858,0
180702,11,1.1051,0
180702,12,1.0006,0
180702,13,0.9823,0
180703,9,0.5117,0
180703,10,0.4335,0
180704,7,0.9905,0
180704,9,0.8858,0
180704,11,0.5666,0
180704,12,0.5806,0
180705,8,0.2862,0
180705,9,0.216,0
180705,10,0.3082,0
180705,11,0.4102,0
180705,12,0.2112,0
180705,13,0.1596,0
180705,14,0.196,0
180706,6,0.3151,0
180706,15,0.4261,0
180707,12,0.2728,0
180707,13,0.343,0
180708,11,0.7319,0
180708,12,0.5663,0
180709,7,0.6643,0
180709,12,0.5342,0
180709,13,0.7383,0
180709,14,0.8551,0
180710,7,0.2053,0
180710,8,0.2773,0
180710,9,0.345,0
180710,11,0.5299,0
180710,12,0.5387,0
180710,13,0.6756,0
180711,9,0.6741,0
180711,10,0.8131,0
180711,11,1.4312,0
180712,6,0.3546,0
180712,7,0.3696,0
180712,9,0.4144,0
180712,13,0.7498,0
180712,14,0.6297,0
180713,7,0.4172,0
180713,12,0.9289,0
180715,13,0.9565,0
180715,14,1.1135,0
180716,7,0.6241,0
180716,8,0.6032,0
180716,9,0.5915,0
180716,10,1.0775,0
180716,11,1.065,0
180716,12,1.1372,0
180716,13,1.4499,0
180717,6,0.6843,0
180717,7,0.6599,0
180717,8,0.536,0
180717,9,0.5248,0
180717,11,0.3574,0
180717,12,0.4543,0
180717,13,0.7121,0
180717,14,0.6055,0
180718,12,0.78,0
180718,13,0.7568,0
180718,14,0.444,0
180718,15,0.5437,0
180719,14,0.8416,0.4764
180719,15,0.6144,0.3413
180720,8,0.3253,0.2322
180720,9,0.2837,0.197
180720,10,0.3318,0.2202
180720,11,0.3936,0
180721,6,0.254,0.1904
180722,7,0.2911,0.2127
180722,8,0.3015,0.2155
180722,9,0.2651,0.1793
180722,10,0.2457,0.1661
180722,13,0.5295,0
180724,6,0.1919,0.1305
180724,7,0.2207,0.1474
180724,8,0.267,0.1751
180724,9,0.422,0.2694
180724,10,0.3682,0.3153
180724,11,0.46,0
180724,12,0.38,0
180724,13,0.3388,0
