Hour,01-01,01-02,01-03,01-04,01-05,01-06,01-07,01-08,01-09,01-10,01-11,01-12,01-13,01-14,01-15,01-16,01-17,01-18,01-19,01-20,01-21,01-22,01-23,01-24,01-25,01-26,01-27,01-28,01-29,01-30,01-31,02-01,02-02,02-03,02-04,02-05,02-06,02-07,02-08,02-09,02-10,02-11,02-12,02-13,02-14,02-15,02-16,02-17,02-18,02-19,02-20,02-21,02-22,02-23,02-24,02-25,02-26,02-27,02-28,03-01,03-02,03-03,03-04,03-05,03-06,03-07,03-08,03-09,03-10,03-11,03-12,03-13,03-14,03-15,03-16,03-17,03-18,03-19,03-20,03-21,03-22,03-23,03-24,03-25,03-26,03-27,03-28,03-29,03-30,03-31,04-01,04-02,04-03,04-04,04-05,04-06,04-07,04-08,04-09,04-10,04-11,04-12,04-13,04-14,04-15,04-16,04-17,04-18,04-19,04-20,04-21,04-22,04-23,04-24,04-25,04-26,04-27,04-28,04-29,04-30,05-01,05-02,05-03,05-04,05-05,05-06,05-07,05-08,05-09,05-10,05-11,05-12,05-13,05-14,05-15,05-16,05-17,05-18,05-19,05-20,05-21,05-22,05-23,05-24,05-25,05-26,05-27,05-28,05-29,05-30,05-31,06-01,06-02,06-03,06-04,06-05,06-06,06-07,06-08,06-09,06-10,06-11,06-12,06-13,06-14,06-15,06-16,06-17,06-18,06-19,06-20,06-21,06-22,06-23,06-24,06-25,06-26,06-27,06-28,06-29,06-30,07-01,07-02,07-03,07-04,07-05,07-06,07-07,07-08,07-09,07-10,07-11,07-12,07-13,07-14,07-15,07-16,07-17,07-18,07-19,07-20,07-21,07-22,07-23,07-24,07-25,07-26,07-27,07-28,07-29,07-30,07-31,08-01,08-02,08-03,08-04,08-05,08-06,08-07,08-08,08-09,08-10,08-11,08-12,08-13,08-14,08-15,08-16,08-17,08-18,08-19,08-20,08-21,08-22,08-23,08-24,08-25,08-26,08-27,08-28,08-29,08-30,08-31,09-01,09-02,09-03,09-04,09-05,09-06,09-07,09-08,09-09,09-10,09-11,09-12,09-13,09-14,09-15,09-16,09-17,09-18,09-19,09-20,09-21,09-22,09-23,09-24,09-25,09-26,09-27,09-28,09-29,09-30,10-01,10-02,10-03,10-04,10-05,10-06,10-07,10-08,10-09,10-10,10-11,10-12,10-13,10-14,10-15,10-16,10-17,10-18,10-19,10-20,10-21,10-22,10-23,10-24,10-25,10-26,10-27,10-28,10-29,10-30,10-31,11-01,11-02,11-03,11-04,11-05,11-06,11-07,11-08,11-09,11-10,11-11,11-12,11-13,11-14,11-15,11-16,11-17,11-18,11-19,11-20,11-21,11-22,11-23,11-24,11-25,11-26,11-27,11-28,11-29,11-30,12-01,12-02,12-03,12-04,12-05,12-06,12-07,12-08,12-09,12-10,12-11,12-12,12-13,12-14,12-15,12-16,12-17,12-18,12-19,12-20,12-21,12-22,12-23,12-24,12-25,12-26,12-27,12-28,12-29,12-30,12-31
0,0.0000,0.0000,0.0000,0.0000,0.0000,0.0000,0.0000,0.0000,0.0000,0.0000,0.0000,0.0000,0.0000,0.0000,0.0000,0.0000,0.0000,0.0000,0.0000,0.0000,0.0000,0.0000,0.0000,0.0000,0.0000,0.0000,0.0000,0.0000,0.0000,0.0000,0.0000,0.0000,0.0000,0.0000,0.0000,0.0000,0.0000,0.0000,0.0000,0.0000,0.0000,0.0000,0.0000,0.0000,0.0000,0.0000,0.0000,0.0000,0.0000,0.0000,0.0000,0.0000,0.0000,0.0000,0.0000,0.0000,0.0000,0.0000,0.0000,0.0000,0.0000,0.0000,0.0000,0.0000,0.0000,0.0000,0.0000,0.0000,0.0000,0.0000,0.0000,0.0000,0.0000,0.0000,0.0000,0.0000,0.0000,0.0000,0.0000,0.0000,0.0000,0.0000,0.0000,0.0000,0.0000,0.0000,0.0000,0.0000,0.0000,0.0000,0.0000,0.0000,0.0000,0.0000,0.0000,0.0000,0.0000,0.0000,0.0000,0.0000,0.0000,0.0000,0.0000,0.0000,0.0000,0.0000,0.0000,0.0000,0.0000,0.0000,0.0000,0.0000,0.0000,0.0000,0.0000,0.0000,0.0000,0.0000,0.0000,0.0000,0.0000,0.0000,0.0000,0.0000,0.0000,0.0000,0.0000,0.0000,0.0000,0.0000,0.0000,0.0000,0.0000,0.0000,0.0000,0.0000,0.0000,0.0000,0.0000,0.0000,0.0000,0.0000,0.0000,0.0000,0.0000,0.0000,0.0000,0.0000,0.0000,0.0000,0.0000,0.0000,0.0000,0.0000,0.0000,0.0000,0.0000,0.0000,0.0000,0.0000,0.0000,0.0000,0.0000,0.0000,0.0000,0.0000,0.0000,0.0000,0.0000,0.0000,0.0000,0.0000,0.0000,0.0000,0.0000,0.0000,0.0000,0.0000,0.0000,0.0000,0.0000,0.0000,0.0000,0.0000,0.0000,0.0000,0.0000,0.0000,0.0000,0.0000,0.0000,0.0000,0.0000,0.0000,0.0000,0.0000,0.0000,0.0000,0.0000,0.0000,0.0000,0.0000,0.0000,0.0000,0.0000,0.0000,0.0000,0.0000,0.0000,0.0000,0.0000,0.0000,0.0000,0.0000,0.0000,0.0000,0.0000,0.0000,0.0000,0.0000,0.0000,0.0000,0.0000,0.0000,0.0000,0.0000,0.0000,0.0000,0.0000,0.0000,0.0000,0.0000,0.0000,0.0000,0.0000,0.0000,0.0000,0.0000,0.0000,0.0000,0.0000,0.0000,0.0000,0.0000,0.0000,0.0000,0.0000,0.0000,0.0000,0.0000,0.0000,0.0000,0.0000,0.0000,0.0000,0.0000,0.0000,0.0000,0.0000,0.0000,0.0000,0.0000,0.0000,0.0000,0.0000,0.0000,0.0000,0.0000,0.0000,0.0000,0.0000,0.0000,0.0000,0.0000,0.0000,0.0000,0.0000,0.0000,0.0000,0.0000,0.0000,0.0000,0.0000,0.0000,0.0000,0.0000,0.0000,0.0000,0.0000,0.0000,0.0000,0.0000,0.0000,0.0000,0.0000,0.0000,0.0000,0.0000,0.0000,0.0000,0.0000,0.0000,0.0000,0.0000,0.0000,0.0000,0.0000,0.0000,0.0000,0.0000,0.0000,0.0000,0.0000,0.0000,0.0000,0.0000,0.0000,0.0000,0.0000,0.0000,0.0000,0.0000,0.0000,0.0000,0.0000,0.0000,0.0000,0.0000,0.0000,0.0000,0.0000,0.0000,0.0000,0.0000,0.0000,0.0000,0.0000,0.0000,0.0000,0.0000,0.0000,0.0000,0.0000,0.0000,0.0000,0.0000,0.0000,0.0000,0.0000,0.0000,0.0000,0.0000,0.0000,0.0000,0.0000,0.0000,0.0000,0.0000,0.0000,0.0000,0.0000,0.0000,0.0000,0.0000,0.0000
1,0.0000,0.0000,0.0000,0.0000,0.0000,0.0000,0.0000,0.0000,0.0000,0.0000,0.0000,0.0000,0.0000,0.0000,0.0000,0.0000,0.0000,0.0000,0.0000,0.0000,0.0000,0.0000,0.0000,0.0000,0.0000,0.0000,0.0000,0.0000,0.0000,0.0000,0.0000,0.0000,0.0000,0.0000,0.0000,0.0000,0.0000,0.0000,0.0000,0.0000,0.0000,0.0000,0.0000,0.0000,0.0000,0.0000,0.0000,0.0000,0.0000,0.0000,0.0000,0.0000,0.0000,0.0000,0.0000,0.0000,0.0000,0.0000,0.0000,0.0000,0.0000,0.0000,0.0000,0.0000,0.0000,0.0000,0.0000,0.0000,0.0000,0.0000,0.0000,0.0000,0.0000,0.0000,0.0000,0.0000,0.0000,0.0000,0.0000,0.0000,0.0000,0.0000,0.0000,0.0000,0.0000,0.0000,0.0000,0.0000,0.0000,0.0000,0.0000,0.0000,0.0000,0.0000,0.0000,0.0000,0.0000,0.0000,0.0000,0.0000,0.0000,0.0000,0.0000,0.0000,0.0000,0.0000,0.0000,0.0000,0.0000,0.0000,0.0000,0.0000,0.0000,0.0000,0.0000,0.0000,0.0000,0.0000,0.0000,0.0000,0.0000,0.0000,0.0000,0.0000,0.0000,0.0000,0.0000,0.0000,0.0000,0.0000,0.0000,0.0000,0.0000,0.0000,0.0000,0.0000,0.0000,0.0000,0.0000,0.0000,0.0000,0.0000,0.0000,0.0000,0.0000,0.0000,0.0000,0.0000,0.0000,0.0000,0.0000,0.0000,0.0000,0.0000,0.0000,0.0000,0.0000,0.0000,0.0000,0.0000,0.0000,0.0000,0.0000,0.0000,0.0000,0.0000,0.0000,0.0000,0.0000,0.0000,0.0000,0.0000,0.0000,0.0000,0.0000,0.0000,0.0000,0.0000,0.0000,0.0000,0.0000,0.0000,0.0000,0.0000,0.0000,0.0000,0.0000,0.0000,0.0000,0.0000,0.0000,0.0000,0.0000,0.0000,0.0000,0.0000,0.0000,0.0000,0.0000,0.0000,0.0000,0.0000,0.0000,0.0000,0.0000,0.0000,0.0000,0.0000,0.0000,0.0000,0.0000,0.0000,0.0000,0.0000,0.0000,0.0000,0.0000,0.0000,0.0000,0.0000,0.0000,0.0000,0.0000,0.0000,0.0000,0.0000,0.0000,0.0000,0.0000,0.0000,0.0000,0.0000,0.0000,0.0000,0.0000,0.0000,0.0000,0.0000,0.0000,0.0000,0.0000,0.0000,0.0000,0.0000,0.0000,0.0000,0.0000,0.0000,0.0000,0.0000,0.0000,0.0000,0.0000,0.0000,0.0000,0.0000,0.0000,0.0000,0.0000,0.0000,0.0000,0.0000,0.0000,0.0000,0.0000,0.0000,0.0000,0.0000,0.0000,0.0000,0.0000,0.0000,0.0000,0.0000,0.0000,0.0000,0.0000,0.0000,0.0000,0.0000,0.0000,0.0000,0.0000,0.0000,0.0000,0.0000,0.0000,0.0000,0.0000,0.0000,0.0000,0.0000,0.0000,0.0000,0.0000,0.0000,0.0000,0.0000,0.0000,0.0000,0.0000,0.0000,0.0000,0.0000,0.0000,0.0000,0.0000,0.0000,0.0000,0.0000,0.0000,0.0000,0.0000,0.0000,0.0000,0.0000,0.0000,0.0000,0.0000,0.0000,0.0000,0.0000,0.0000,0.0000,0.0000,0.0000,0.0000,0.0000,0.0000,0.0000,0.0000,0.0000,0.0000,0.0000,0.0000,0.0000,0.0000,0.0000,0.0000,0.0000,0.0000,0.0000,0.0000,0.0000,0.0000,0.0000,0.0000,0.0000,0.0000,0.0000,0.0000,0.0000,0.0000,0.0000,0.0000,0.0000,0.0000,0.0000,0.0000,0.0000,0.0000,0.0000,0.0000,0.0000,0.0000
2,0.0000,0.0000,0.0000,0.0000,0.0000,0.0000,0.0000,0.0000,0.0000,0.0000,0.0000,0.0000,0.0000,0.0000,0.0000,0.0000,0.0000,0.0000,0.0000,0.0000,0.0000,0.0000,0.0000,0.0000,0.0000,0.0000,0.0000,0.0000,0.0000,0.0000,0.0000,0.0000,0.0000,0.0000,0.0000,0.0000,0.0000,0.0000,0.0000,0.0000,0.0000,0.0000,0.0000,0.0000,0.0000,0.0000,0.0000,0.0000,0.0000,0.0000,0.0000,0.0000,0.0000,0.0000,0.0000,0.0000,0.0000,0.0000,0.0000,0.0000,0.0000,0.0000,0.0000,0.0000,0.0000,0.0000,0.0000,0.0000,0.0000,0.0000,0.0000,0.0000,0.0000,0.0000,0.0000,0.0000,0.0000,0.0000,0.0000,0.0000,0.0000,0.0000,0.0000,0.0000,0.0000,0.0000,0.0000,0.0000,0.0000,0.0000,0.0000,0.0000,0.0000,0.0000,0.0000,0.0000,0.0000,0.0000,0.0000,0.0000,0.0000,0.0000,0.0000,0.0000,0.0000,0.0000,0.0000,0.0000,0.0000,0.0000,0.0000,0.0000,0.0000,0.0000,0.0000,0.0000,0.0000,0.0000,0.0000,0.0000,0.0000,0.0000,0.0000,0.0000,0.0000,0.0000,0.0000,0.0000,0.0000,0.0000,0.0000,0.0000,0.0000,0.0000,0.0000,0.0000,0.0000,0.0000,0.0000,0.0000,0.0000,0.0000,0.0000,0.0000,0.0000,0.0000,0.0000,0.0000,0.0000,0.0000,0.0000,0.0000,0.0000,0.0000,0.0000,0.0000,0.0000,0.0000,0.0000,0.0000,0.0000,0.0000,0.0000,0.0000,0.0000,0.0000,0.0000,0.0000,0.0000,0.0000,0.0000,0.0000,0.0000,0.0000,0.0000,0.0000,0.0000,0.0000,0.0000,0.0000,0.0000,0.0000,0.0000,0.0000,0.0000,0.0000,0.0000,0.0000,0.0000,0.0000,0.0000,0.0000,0.0000,0.0000,0.0000,0.0000,0.0000,0.0000,0.0000,0.0000,0.0000,0.0000,0.0000,0.0000,0.0000,0.0000,0.0000,0.0000,0.0000,0.0000,0.0000,0.0000,0.0000,0.0000,0.0000,0.0000,0.0000,0.0000,0.0000,0.0000,0.0000,0.0000,0.0000,0.0000,0.0000,0.0000,0.0000,0.0000,0.0000,0.0000,0.0000,0.0000,0.0000,0.0000,0.0000,0.0000,0.0000,0.0000,0.0000,0.0000,0.0000,0.0000,0.0000,0.0000,0.0000,0.0000,0.0000,0.0000,0.0000,0.0000,0.0000,0.0000,0.0000,0.0000,0.0000,0.0000,0.0000,0.0000,0.0000,0.0000,0.0000,0.0000,0.0000,0.0000,0.0000,0.0000,0.0000,0.0000,0.0000,0.0000,0.0000,0.0000,0.0000,0.0000,0.0000,0.0000,0.0000,0.0000,0.0000,0.0000,0.0000,0.0000,0.0000,0.0000,0.0000,0.0000,0.0000,0.0000,0.0000,0.0000,0.0000,0.0000,0.0000,0.0000,0.0000,0.0000,0.0000,0.0000,0.0000,0.0000,0.0000,0.0000,0.0000,0.0000,0.0000,0.0000,0.0000,0.0000,0.0000,0.0000,0.0000,0.0000,0.0000,0.0000,0.0000,0.0000,0.0000,0.0000,0.0000,0.0000,0.0000,0.0000,0.0000,0.0000,0.0000,0.0000,0.0000,0.0000,0.0000,0.0000,0.0000,0.0000,0.0000,0.0000,0.0000,0.0000,0.0000,0.0000,0.0000,0.0000,0.0000,0.0000,0.0000,0.0000,0.0000,0.0000,0.0000,0.0000,0.0000,0.0000,0.0000,0.0000,0.0000,0.0000,0.0000,0.0000,0.0000,0.0000,0.0000,0.0000,0.0000,0.0000,0.0000,0.0000,0.0000
3,0.0000,0.0000,0.0000,0.0000,0.0000,0.0000,0.0000,0.0000,0.0000,0.0000,0.0000,0.0000,0.0000,0.0000,0.0000,0.0000,0.0000,0.0000,0.0000,0.0000,0.0000,0.0000,0.0000,0.0000,0.0000,0.0000,0.0000,0.0000,0.0000,0.0000,0.0000,0.0000,0.0000,0.0000,0.0000,0.0000,0.0000,0.0000,0.0000,0.0000,0.0000,0.0000,0.0000,0.0000,0.0000,0.0000,0.0000,0.0000,0.0000,0.0000,0.0000,0.0000,0.0000,0.0000,0.0000,0.0000,0.0000,0.0000,0.0000,0.0000,0.0000,0.0000,0.0000,0.0000,0.0000,0.0000,0.0000,0.0000,0.0000,0.0000,0.0000,0.0000,0.0000,0.0000,0.0000,0.0000,0.0000,0.0000,0.0000,0.0000,0.0000,0.0000,0.0000,0.0000,0.0000,0.0000,0.0000,0.0000,0.0000,0.0000,0.0000,0.0000,0.0000,0.0000,0.0000,0.0000,0.0000,0.0000,0.0000,0.0000,0.0000,0.0000,0.0000,0.0000,0.0000,0.0000,0.0000,0.0000,0.0000,0.0000,0.0000,0.0000,0.0000,0.0000,0.0000,0.0000,0.0000,0.0000,0.0000,0.0000,0.0000,0.0000,0.0000,0.0000,0.0000,0.0000,0.0000,0.0000,0.0000,0.0000,0.0000,0.0000,0.0000,0.0000,0.0000,0.0000,0.0000,0.0000,0.0000,0.0000,0.0000,0.0000,0.0000,0.0000,0.0000,0.0000,0.0000,0.0000,0.0000,0.0000,0.0000,0.0000,0.0000,0.0000,0.0000,0.0000,0.0000,0.0000,0.0000,0.0000,0.0000,0.0000,0.0000,0.0000,0.0000,0.0000,0.0000,0.0000,0.0000,0.0000,0.0000,0.0000,0.0000,0.0000,0.0000,0.0000,0.0000,0.0000,0.0000,0.0000,0.0000,0.0000,0.0000,0.0000,0.0000,0.0000,0.0000,0.0000,0.0000,0.0000,0.0000,0.0000,0.0000,0.0000,0.0000,0.0000,0.0000,0.0000,0.0000,0.0000,0.0000,0.0000,0.0000,0.0000,0.0000,0.0000,0.0000,0.0000,0.0000,0.0000,0.0000,0.0000,0.0000,0.0000,0.0000,0.0000,0.0000,0.0000,0.0000,0.0000,0.0000,0.0000,0.0000,0.0000,0.0000,0.0000,0.0000,0.0000,0.0000,0.0000,0.0000,0.0000,0.0000,0.0000,0.0000,0.0000,0.0000,0.0000,0.0000,0.0000,0.0000,0.0000,0.0000,0.0000,0.0000,0.0000,0.0000,0.0000,0.0000,0.0000,0.0000,0.0000,0.0000,0.0000,0.0000,0.0000,0.0000,0.0000,0.0000,0.0000,0.0000,0.0000,0.0000,0.0000,0.0000,0.0000,0.0000,0.0000,0.0000,0.0000,0.0000,0.0000,0.0000,0.0000,0.0000,0.0000,0.0000,0.0000,0.0000,0.0000,0.0000,0.0000,0.0000,0.0000,0.0000,0.0000,0.0000,0.0000,0.0000,0.0000,0.0000,0.0000,0.0000,0.0000,0.0000,0.0000,0.0000,0.0000,0.0000,0.0000,0.0000,0.0000,0.0000,0.0000,0.0000,0.0000,0.0000,0.0000,0.0000,0.0000,0.0000,0.0000,0.0000,0.0000,0.0000,0.0000,0.0000,0.0000,0.0000,0.0000,0.0000,0.0000,0.0000,0.0000,0.0000,0.0000,0.0000,0.0000,0.0000,0.0000,0.0000,0.0000,0.0000,0.0000,0.0000,0.0000,0.0000,0.0000,0.0000,0.0000,0.0000,0.0000,0.0000,0.0000,0.0000,0.0000,0.0000,0.0000,0.0000,0.0000,0.0000,0.0000,0.0000,0.0000,0.0000,0.0000,0.0000,0.0000,0.0000,0.0000,0.0000,0.0000,0.0000,0.0000,0.0000
4,0.0000,0.0000,0.0000,0.0000,0.0000,0.0000,0.0000,0.0000,0.0000,0.0000,0.0000,0.0000,0.0000,0.0000,0.0000,0.0000,0.0000,0.0000,0.0000,0.0000,0.0000,0.0000,0.0000,0.0000,0.0000,0.0000,0.0000,0.0000,0.0000,0.0000,0.0000,0.0000,0.0000,0.0000,0.0000,0.0000,0.0000,0.0000,0.0000,0.0000,0.0000,0.0000,0.0000,0.0000,0.0000,0.0000,0.0000,0.0000,0.0000,0.0000,0.0000,0.0000,0.0000,0.0000,0.0000,0.0000,0.0000,0.0000,0.0000,0.0000,0.0000,0.0000,0.0000,0.0000,0.0000,0.0000,0.0000,0.0000,0.0000,0.0000,0.0000,0.0000,0.0000,0.0000,0.0000,0.0000,0.0000,0.0000,0.0000,0.0000,0.0000,0.0000,0.0000,0.0000,0.0000,0.0000,0.0000,0.0000,0.0000,0.0000,0.0000,0.0000,0.0000,0.0000,0.0000,0.0000,0.0000,0.0000,0.0000,0.0000,0.0000,0.0000,0.0000,0.0000,0.0000,0.0000,0.0000,0.0000,0.0000,0.0000,0.0000,0.0000,0.0000,0.0000,0.0000,0.0000,0.0000,0.0000,0.0000,0.0000,0.0000,0.0000,0.0000,0.0000,0.0000,0.0000,0.0000,0.0000,0.0000,0.0000,0.0000,0.0000,0.0000,0.0000,0.0000,0.0000,0.0000,0.0000,0.0000,0.0000,0.0000,0.0000,0.0000,0.0000,0.0000,0.0000,0.0000,0.0000,0.0000,0.0000,0.0000,0.0000,0.0000,0.0000,0.0000,0.0000,0.0000,0.0000,0.0000,0.0000,0.0000,0.0000,0.0000,0.0000,0.0000,0.0000,0.0000,0.0000,0.0000,0.0000,0.0000,0.0000,0.0000,0.0000,0.0000,0.0000,0.0000,0.0000,0.0000,0.0000,0.0000,0.0000,0.0000,0.0000,0.0000,0.0000,0.0000,0.0000,0.0000,0.0000,0.0000,0.0000,0.0000,0.0000,0.0000,0.0000,0.0000,0.0000,0.0000,0.0000,0.0000,0.0000,0.0000,0.0000,0.0000,0.0000,0.0000,0.0000,0.0000,0.0000,0.0000,0.0000,0.0000,0.0000,0.0000,0.0000,0.0000,0.0000,0.0000,0.0000,0.0000,0.0000,0.0000,0.0000,0.0000,0.0000,0.0000,0.0000,0.0000,0.0000,0.0000,0.0000,0.0000,0.0000,0.0000,0.0000,0.0000,0.0000,0.0000,0.0000,0.0000,0.0000,0.0000,0.0500,0.0000,0.0000,0.0000,0.0000,0.0100,0.0200,0.0100,0.0000,0.0100,0.0000,0.0100,0.0500,0.0000,0.0000,0.0000,0.0000,0.0000,0.0100,0.0800,0.0000,0.0000,0.0000,0.0000,0.0000,0.0000,0.0000,0.0000,0.0000,0.0000,0.0000,0.0000,0.0000,0.0000,0.0000,0.0000,0.0000,0.0000,0.0000,0.0000,0.0000,0.0000,0.0000,0.0000,0.0000,0.0000,0.0000,0.0000,0.0000,0.0000,0.0000,0.0000,0.0000,0.0000,0.0000,0.0000,0.0000,0.0000,0.0000,0.0000,0.0000,0.0000,0.0000,0.0000,0.0000,0.0000,0.0000,0.0000,0.0000,0.0000,0.0000,0.0000,0.0000,0.0000,0.0000,0.0000,0.0000,0.0000,0.0000,0.0000,0.0000,0.0000,0.0000,0.0000,0.0000,0.0000,0.0000,0.0000,0.0000,0.0000,0.0000,0.0000,0.0000,0.0000,0.0000,0.0000,0.0000,0.0000,0.0000,0.0000,0.0000,0.0000,0.0000,0.0000,0.0000,0.0000,0.0000,0.0000,0.0000,0.0000,0.0000,0.0000,0.0000,0.0000,0.0000,0.0000,0.0000,0.0000,0.0000,0.0000,0.0000,0.0000
5,0.0000,0.0000,0.0000,0.0000,0.0000,0.0000,0.0000,0.0000,0.0000,0.0000,0.0000,0.0000,0.0000,0.0000,0.0000,0.0000,0.0000,0.0000,0.0000,0.0000,0.0000,0.0000,0.0000,0.0000,0.0000,0.0000,0.0000,0.0000,0.0000,0.0000,0.0000,0.0000,0.0000,0.0000,0.0000,0.0000,0.0000,0.0000,0.0000,0.0000,0.0000,0.0000,0.0000,0.0000,0.0000,0.0000,0.0000,0.0000,0.0000,0.0000,0.0000,0.0000,0.0000,0.0000,0.0000,0.0000,0.0000,0.0000,0.0000,0.0000,0.0000,0.0000,0.0000,0.0000,0.0000,0.0000,0.0000,0.0000,0.0000,0.0000,0.0000,0.0000,0.0000,0.0000,0.0000,0.0000,0.0000,0.0000,0.0000,0.0000,0.0000,0.0000,0.0000,0.0000,0.0000,0.0000,0.0000,0.0000,0.0000,0.0000,0.1900,0.1300,0.3000,0.1800,0.4600,0.2800,0.5100,0.2300,0.1500,0.4800,0.1600,0.2600,0.3200,0.3300,0.2100,0.4900,0.2200,0.2500,0.3000,0.2300,0.2800,0.1800,0.1700,0.3600,0.2800,0.2300,0.8300,0.2000,0.2400,0.1200,0.2100,0.3700,0.5100,0.1900,0.6600,0.7600,0.5100,0.6300,0.3900,0.4700,0.3700,0.4800,0.3400,0.9800,0.5800,0.3200,0.4500,0.3300,0.3600,0.6500,0.9900,0.4700,0.2400,0.4600,0.5200,0.7500,0.6400,0.3800,0.7600,0.7000,0.6700,0.5900,0.6800,0.2700,0.7800,0.4500,1.1000,0.3400,0.9000,0.6400,0.6900,1.6500,0.4900,0.5500,0.5300,0.5600,0.4900,0.5800,0.5400,0.5100,0.6400,1.1000,0.8000,0.8700,0.5200,0.6400,0.8200,0.4800,0.6700,0.6400,0.4200,0.7000,0.4600,0.5300,0.5400,0.5400,0.8900,0.9800,0.9200,0.5400,0.4800,0.8900,0.4500,1.0200,0.6700,0.7900,1.0200,0.4300,0.3900,0.5600,0.9500,0.5300,0.8000,0.5700,0.4200,0.4700,0.6600,1.0800,0.6000,0.6000,0.5800,0.7400,0.5700,0.5800,0.5700,1.1700,0.6000,0.5500,0.7100,0.4900,0.4600,0.5200,0.5600,0.6500,0.4600,0.3900,0.6400,0.5400,0.6300,0.4900,0.4700,0.7800,0.5800,0.5000,0.5700,0.8800,0.4600,0.6700,0.6100,0.6200,0.4700,0.7300,0.7200,0.3400,0.0400,0.0400,0.0200,0.0500,0.0900,0.0400,0.0200,0.1100,0.0300,0.0500,0.0200,0.0300,0.0100,0.0700,0.0300,0.0500,0.0500,0.0300,0.1200,0.0400,0.0100,0.0300,0.0100,0.0600,0.0300,0.0100,0.0300,0.0500,0.0300,0.0000,0.0000,0.0000,0.0000,0.0000,0.0000,0.0000,0.0000,0.0000,0.0000,0.0000,0.0000,0.0000,0.0000,0.0000,0.0000,0.0000,0.0000,0.0000,0.0000,0.0000,0.0000,0.0000,0.0000,0.0000,0.0000,0.0000,0.0000,0.0000,0.0000,0.0000,0.0000,0.0000,0.0000,0.0000,0.0000,0.0000,0.0000,0.0000,0.0000,0.0000,0.0000,0.0000,0.0000,0.0000,0.0000,0.0000,0.0000,0.0000,0.0000,0.0000,0.0000,0.0000,0.0000,0.0000,0.0000,0.0000,0.0000,0.0000,0.0000,0.0000,0.0000,0.0000,0.0000,0.0000,0.0000,0.0000,0.0000,0.0000,0.0000,0.0000,0.0000,0.0000,0.0000,0.0000,0.0000,0.0000,0.0000,0.0000,0.0000,0.0000,0.0000,0.0000,0.0000,0.0000,0.0000,0.0000,0.0000,0.0000,0.0000,0.0000,0.0000
6,0.3100,0.2400,0.2400,0.3100,0.3300,0.3200,0.2700,0.1500,0.1100,0.1200,0.1400,0.2700,0.1100,0.2600,0.2500,0.3000,0.1800,0.2300,0.2100,0.2300,0.1300,0.1500,0.1800,0.1600,0.2900,0.2300,0.3400,0.2600,0.1300,0.1500,0.2600,0.1200,0.2800,0.3800,0.2300,0.3000,0.3100,0.2700,0.1600,0.2900,0.2200,0.2700,0.3000,0.2800,0.2600,0.2400,0.3100,0.2700,0.2500,0.2400,0.2900,0.1900,0.5800,0.2100,0.2900,0.3000,0.2500,0.2200,0.1100,0.1600,0.1300,0.2300,0.2600,0.3100,0.1800,0.2600,0.3000,0.2200,1.7200,0.2100,0.6400,0.6100,0.2700,0.2700,0.3400,0.3000,0.4200,0.4900,0.5300,0.6000,0.6100,0.6000,0.5100,2.0600,0.5900,0.5700,0.5900,0.6600,0.9200,0.7200,0.7600,0.9500,1.0600,0.9000,1.3600,1.3200,1.6700,1.4300,1.1500,1.4600,1.3100,1.3000,1.6900,1.8600,1.7100,2.1100,1.4500,1.5400,2.7900,2.5600,2.2300,1.7000,1.6500,1.9000,1.9400,2.0100,2.1200,2.8800,2.0600,2.1900,2.2200,2.1200,2.2300,2.2200,2.1600,2.5100,5.4700,2.7300,3.3700,2.4800,2.6100,2.5900,2.5900,3.0000,2.5500,2.9400,2.5300,3.0000,2.7900,2.9100,2.9800,3.0500,2.8000,3.3500,3.0000,3.3500,3.0500,3.3100,3.8900,3.1200,3.3900,3.2000,3.2600,3.1700,3.1400,3.2300,5.1000,3.1800,7.0000,3.0800,7.1900,5.5000,3.1300,12.0300,3.1800,3.0600,3.0800,3.1300,2.9000,3.0700,3.1500,3.1100,3.0400,2.7900,2.9000,3.0300,3.3800,3.2700,3.0600,2.8500,2.8800,2.8200,2.7900,2.8100,2.8400,2.6700,2.8700,2.4100,2.6900,2.5800,2.4000,2.4800,2.3400,2.2800,2.3500,2.3900,2.4300,2.3800,2.0200,2.2600,2.5800,2.1700,2.2200,2.2000,2.0600,2.0700,1.9300,2.4800,1.8900,1.9500,2.1500,1.7800,1.9100,2.0500,1.9200,2.0000,1.8800,1.7000,1.7600,1.6500,1.7800,1.7900,1.8400,1.7100,1.6800,1.5200,1.7700,1.7000,1.7000,1.6400,1.4800,1.6500,1.3900,1.5000,1.5700,1.4700,1.3600,1.9700,1.2300,1.4800,1.1800,1.6000,1.5000,1.3900,1.4700,1.4600,1.3300,1.2500,1.3400,1.3000,1.4200,1.6300,1.6100,1.1400,1.2500,1.3700,1.5100,1.4200,1.3200,30.0000,1.3500,1.2900,1.3700,1.3100,1.3900,1.1300,1.0200,1.2500,1.1200,1.4200,1.4700,1.2300,1.1300,1.1500,1.0300,0.9000,0.8900,1.0400,1.1600,1.0800,1.1000,0.9000,1.0500,0.9300,0.9100,0.9900,0.9700,0.8600,0.9300,0.8800,1.0000,0.8000,1.0500,0.9100,1.0700,1.2100,0.8000,1.1200,1.0900,6.0100,5.5200,5.3000,4.9900,5.4200,5.3200,0.5300,0.5100,0.5700,0.6500,0.4900,0.3900,0.3900,0.4300,0.3800,5.0900,0.4700,0.3900,0.3000,0.4000,0.4600,0.3500,0.3200,0.4000,0.3800,0.3700,0.2800,0.3500,0.1900,0.3000,0.3400,0.4300,0.3300,0.2500,0.4700,0.3000,0.3300,0.2900,0.3200,0.1600,0.2500,0.2900,0.3400,0.3600,0.2700,0.2400,0.1800,0.2400,0.2800,0.3200,0.2000,0.3500,0.1400,0.1600,0.1300,0.2000,0.2700,0.2600,0.2000,0.2800,0.2400,0.2800,0.3200,0.0800,0.0800,0.3000
7,1.9100,2.5600,4.8000,2.2600,2.5500,2.3500,2.2400,1.9800,1.9000,1.9200,1.8000,1.8500,1.7700,1.8100,1.8600,1.8500,1.8900,1.8500,1.8500,1.9700,1.9000,1.8200,1.9400,2.0200,3.4600,1.9800,2.0300,2.0500,2.0300,1.9300,2.0200,2.1700,2.0900,2.1100,2.2700,2.2600,2.5400,2.3900,2.4700,2.5900,2.5000,2.7000,2.5500,2.5800,2.7400,2.8300,2.7200,3.0900,3.0800,3.1600,3.2000,3.1500,3.2600,3.2800,3.6500,3.7600,3.5500,3.8800,3.9800,4.1700,4.0300,4.3900,4.2700,4.2900,4.5100,4.5000,5.1000,4.8700,5.6800,5.5200,5.3100,5.4200,5.8700,6.1500,6.2600,6.1000,6.3200,6.5600,6.5000,6.7300,6.9800,7.0600,7.2700,7.3900,7.9400,7.7200,8.4600,7.7200,8.6700,8.0600,9.7500,9.2300,9.3400,8.7900,8.3700,8.9200,9.1700,8.8600,10.6400,8.8200,9.8200,9.5500,10.3100,9.6900,10.1600,10.3700,9.7400,9.9700,10.7300,10.9100,10.2800,10.4000,10.4400,11.0300,12.3400,11.0400,11.5400,12.7800,11.9800,11.4100,11.5500,13.1800,12.2600,11.6100,11.5600,11.0000,11.4900,12.8800,13.7400,11.6500,12.4700,12.4200,12.2100,13.1400,12.3400,12.4400,12.5900,12.9300,12.6500,12.2100,12.7400,12.8000,12.8300,13.0200,12.9900,13.2300,13.8600,12.8900,12.2900,12.5900,13.0700,13.0400,13.6600,12.9400,13.7100,13.3700,13.4100,14.5000,15.3000,13.5500,13.8400,13.8600,12.5600,12.2800,12.5300,13.0100,12.5800,12.6800,12.5800,12.7500,13.3600,12.9500,12.7500,13.8900,13.6500,12.6500,13.6400,12.7600,13.3300,12.0100,13.4500,12.2000,12.1800,12.5800,11.9000,11.9800,13.1600,11.1000,12.1300,11.6800,11.6600,11.0100,12.8000,11.8500,11.4700,11.6800,11.6200,12.0400,11.7800,12.3400,12.7600,12.3800,11.2000,10.7600,11.5400,11.5600,11.1700,11.0400,11.3700,10.6300,11.4700,10.4300,11.9300,11.0400,10.6300,10.8800,10.5700,10.8800,10.6500,10.6600,11.1700,11.1500,10.4000,10.1900,9.8900,10.4500,11.8200,10.9000,10.2400,9.9300,10.2600,10.5600,9.5800,9.5300,10.1100,10.6000,9.7500,11.4300,10.2600,10.5200,9.6600,9.8900,10.0000,9.8100,9.7200,10.1000,10.4400,9.7600,10.4800,9.4600,10.0000,9.6700,9.5500,10.3000,9.6200,8.7300,10.2100,9.9000,10.1500,9.4200,9.8600,10.1300,9.3300,9.2900,9.0400,9.9000,9.8500,8.8900,9.3700,9.5900,8.9900,9.7400,10.5300,8.9400,8.6200,8.4700,8.3100,8.4200,8.8300,8.6000,9.0800,8.3500,8.1000,8.1400,8.1700,8.3600,8.3200,7.7400,7.6500,8.8000,7.7700,8.1000,7.1500,8.2000,7.9200,7.4000,7.1700,7.1600,7.5200,18.2300,15.9000,15.5300,14.6800,15.3200,15.8900,6.1200,6.3500,6.6100,6.7300,6.0800,6.0800,5.9100,6.2900,6.2100,16.8200,5.1500,4.8500,4.8900,5.3800,5.2800,5.0600,5.3300,4.4400,4.6800,4.5600,4.4200,4.6900,4.6200,4.6100,4.2500,4.0800,3.8200,3.8800,3.9700,4.1100,4.0700,3.6600,3.7800,3.7900,3.6700,4.1800,3.4300,3.3500,2.7300,2.8100,2.6900,3.1000,3.0500,3.4500,2.7200,2.7100,2.6700,2.6900,2.3900,2.6200,2.9600,2.6600,2.6400,2.6600,2.6200,2.6700,2.6700,2.2300,1.9700,2.5100
8,10.1400,11.7200,11.8200,10.8400,11.4300,11.3800,11.4400,12.5800,11.4300,10.9100,11.4100,10.9100,10.5300,10.5400,11.2200,10.7600,10.9000,11.1100,10.3000,10.4500,11.1300,11.2700,11.4700,11.2000,10.5700,10.3400,11.8600,11.6700,12.3100,11.5600,12.2200,12.4400,11.8600,12.8100,12.7500,12.1600,12.0100,12.9700,12.6900,13.1600,12.2100,12.6400,12.5700,13.2600,13.2100,13.9000,14.4700,14.1900,13.9600,14.1500,15.2900,13.5600,14.3100,15.1200,15.1000,15.0800,15.3200,15.7700,16.3700,15.8000,16.4900,16.2500,15.7400,16.5000,17.2900,17.5000,18.0300,17.0600,18.3100,19.0300,17.9900,17.9600,18.9800,19.7700,22.6200,19.6900,19.9100,20.3700,20.0500,20.7900,21.3700,21.0300,21.9500,23.5300,23.9600,21.9000,24.7000,22.6700,24.0300,22.0600,29.5900,25.8600,25.4600,23.5700,22.6400,23.5700,24.0400,22.8900,23.5400,23.4300,22.8200,23.8400,23.4600,24.1400,24.9000,27.4400,24.6700,24.5600,25.6600,25.5900,23.9300,23.2800,25.2700,25.5100,28.2300,25.7900,30.4300,29.1500,26.5400,26.0800,26.5300,26.4200,26.9600,26.0700,25.9500,24.2300,25.1400,27.8800,27.0600,26.3800,27.3300,26.3900,26.5600,29.3300,26.6700,26.5200,25.9400,26.8400,26.5400,26.3900,28.1100,25.9100,25.1200,26.2600,27.3900,27.8500,25.9100,26.3300,27.6500,26.9000,27.0600,28.0200,26.6400,27.9700,28.3600,27.0900,27.5800,27.8600,27.5400,27.6300,27.5000,27.6000,26.1100,25.8700,27.0900,25.6800,28.2000,29.6000,25.5400,27.9800,26.2200,26.1600,25.5300,28.8900,26.2300,25.9200,27.2900,26.4700,26.9400,25.1400,27.1000,26.1400,25.4300,25.6600,27.8200,24.9700,25.8400,25.5700,26.2600,25.5800,25.0600,25.6100,28.7400,26.4600,24.8700,25.4300,24.9800,30.9400,25.7200,28.3200,26.1400,25.6400,26.2200,25.6500,26.0500,25.6400,26.0100,25.0400,23.6500,24.2300,25.6900,25.3300,24.1400,25.8800,25.5700,23.7700,25.9600,25.6600,26.7500,25.4300,24.3600,24.8800,25.3500,24.7700,23.5600,25.0500,24.9900,23.8500,23.8000,25.0400,25.2400,24.0600,24.9900,22.6900,25.4500,24.8700,25.3600,24.1300,25.8100,25.4100,23.9000,24.7800,25.7600,25.1400,25.7100,25.1500,23.9000,22.7000,24.2900,25.7200,24.7200,24.5800,24.1100,24.3700,24.3700,23.0400,24.2400,25.0600,23.8900,23.2700,25.6300,25.6500,24.2900,22.5200,24.8500,20.7200,22.8700,22.7900,22.2200,21.5600,23.8100,24.0900,21.6900,23.9400,23.3200,24.3000,22.4100,22.2200,22.5700,22.1300,23.7500,23.9700,22.1900,21.9100,22.9300,21.5600,21.8800,20.9000,19.6600,22.4000,19.7700,23.2900,21.6900,21.8700,21.7500,20.1300,19.1100,20.5900,20.7400,29.8300,28.0800,27.0400,26.0900,23.5200,27.4600,18.5300,18.9800,20.0700,19.5100,18.6800,17.6100,17.4400,19.2600,19.1900,30.5100,17.6700,17.4900,15.3500,16.3700,17.3600,16.9100,16.8000,15.3000,16.0600,15.9300,15.3100,16.8300,15.1600,14.5000,15.2400,15.5000,14.5600,14.1400,15.5200,15.3100,14.6100,14.3500,14.3200,14.3800,14.8900,14.5900,13.2000,13.8300,11.1900,12.5100,12.3900,13.3800,13.3100,13.0600,12.9200,12.5600,11.7900,12.7500,12.1100,11.1800,12.3500,11.1100,12.0600,11.6400,12.2900,11.6100,11.8700,12.3600,11.3300,11.4400
9,22.7400,25.5900,26.4400,25.2100,25.0400,25.5400,25.5600,25.0000,24.5100,23.8000,25.5500,24.5900,24.3600,22.2000,25.2100,24.5800,23.5100,24.5300,21.9700,24.8400,25.1200,25.0900,25.3400,25.3400,23.8700,24.8800,25.9300,25.7600,27.5200,25.4000,27.1300,27.9600,26.3600,31.3500,27.8500,26.4500,26.1500,27.4800,27.9700,28.9100,27.9200,26.8200,27.4500,27.8500,27.3600,27.0000,29.0800,29.9200,29.2400,29.2800,31.0500,28.0900,29.4000,31.2000,30.5900,30.5400,30.8100,31.9100,33.0900,30.3900,31.9300,31.0000,30.2400,32.7400,34.4200,33.9000,33.7200,33.3600,32.7600,36.0600,32.8100,33.3800,34.3700,34.5200,36.0200,34.9500,37.5200,36.1100,36.7300,37.2800,37.6500,37.5600,39.2600,40.9500,41.3800,38.2200,38.3900,40.3900,40.0100,38.0900,39.5700,41.8600,40.0900,39.1500,38.3100,39.3400,45.2500,38.2600,39.0600,38.1300,38.5600,39.3600,38.6000,39.8100,39.8100,39.5700,41.9600,39.4800,41.5900,39.7800,39.9700,38.6500,40.4000,39.6700,44.6600,40.8100,44.3200,44.9000,39.5400,42.4900,41.9800,41.2100,42.2000,41.6200,40.8200,38.7800,40.3400,43.7700,42.6700,42.4700,43.0800,40.4700,41.1900,44.9500,42.6900,42.1600,39.4600,43.0100,40.8900,39.7200,42.3400,39.6000,41.9500,42.2100,40.6600,41.9000,40.6500,40.9900,42.3500,41.7700,41.4400,46.1000,40.4400,41.5400,41.6900,40.6200,42.5500,39.2700,41.7000,45.1100,41.1500,40.0600,39.8800,41.6100,39.4500,41.5400,46.6400,42.5400,41.8600,42.0100,40.6800,40.7600,41.0900,41.6100,41.4800,39.9500,40.8400,40.9700,41.0600,39.0400,41.9500,44.5300,39.7500,39.3000,44.1800,39.9900,42.8400,41.9600,42.1200,37.9000,40.9300,40.5200,41.1400,42.9600,38.3000,39.5900,40.4700,43.0400,41.7000,47.5800,41.9500,42.5200,41.5900,44.1800,42.6100,40.8400,41.9800,41.4700,39.8700,40.5600,41.4200,39.9700,40.7500,41.2400,41.7500,38.4400,41.7500,41.1100,40.9200,41.1800,39.4400,41.2600,41.7700,39.1000,41.5300,37.1800,42.3600,42.1800,39.8000,41.5700,43.0000,39.9900,41.2300,37.7400,41.2700,42.6400,42.8900,40.1300,41.8200,41.4500,38.2900,42.3500,36.3700,41.5200,38.6600,40.7200,36.3400,43.2700,39.6200,40.5800,38.2900,40.6500,40.5800,41.8400,37.0900,37.8200,38.5900,41.5200,40.6500,39.2500,41.8200,41.8800,38.2400,38.8100,38.6800,37.2400,40.0200,35.5700,40.8900,39.0800,37.3900,39.6100,35.6800,37.5000,40.0800,38.9200,36.7500,37.2700,37.8700,37.3100,39.0800,41.8500,41.0500,38.3400,38.1600,38.4200,36.3900,36.8800,36.3900,38.1300,34.4100,34.6200,36.4700,35.6000,36.5300,36.0200,38.1500,35.9500,34.5300,40.6000,39.1900,36.5000,37.2800,38.9100,38.6400,34.2400,33.9500,35.5600,34.9300,32.9100,32.5600,32.1500,33.3200,33.1700,42.3600,31.0500,31.5900,28.1100,31.0800,31.5800,31.4500,28.8800,33.1400,29.5500,29.0600,29.3600,31.4100,30.1800,28.7500,28.4500,29.3600,29.8900,27.4100,29.3800,28.0600,29.0200,28.2000,28.9500,31.4800,29.6400,29.7600,26.8400,26.4500,23.4400,23.5500,24.5900,24.2900,27.1700,26.3000,26.2900,26.5600,24.0600,26.6700,25.4500,24.3700,25.4800,23.5100,24.8700,24.5900,24.3300,26.2800,26.6700,25.5500,25.0600,24.8400
10,34.7000,39.1600,39.4300,37.3600,37.1200,36.3600,38.5900,34.7600,38.1800,36.3300,38.6500,37.3500,36.9900,34.3100,38.6800,37.5300,38.5400,38.3900,34.6400,36.8900,38.3600,36.9800,39.3000,39.1500,35.9700,39.2000,40.2600,40.7200,41.9600,39.5600,41.5000,42.8700,41.9500,39.4700,42.4500,41.2400,39.3600,41.9200,42.4700,43.8800,41.1300,40.0000,43.0400,43.1000,41.1300,40.5100,44.3000,44.8700,42.8100,42.8300,44.7300,42.9700,44.8400,46.1200,43.5400,45.0700,44.0400,46.5800,47.8600,46.2200,47.0200,45.6300,45.1400,47.1100,50.2000,48.1300,48.4300,48.0400,48.7700,54.3200,46.3000,46.7400,48.8000,48.2800,52.9900,49.6100,54.1300,50.1300,52.3500,51.7000,50.8800,54.8200,54.5400,55.1500,56.7500,53.3100,55.3200,54.0800,54.9700,52.8900,53.7800,56.7600,53.9600,56.3400,52.5200,53.1200,52.1400,48.6500,50.9700,51.3500,52.6500,52.9300,51.6400,54.2600,57.1000,55.2400,50.5800,50.4000,54.7100,51.9700,53.3700,50.3900,53.0300,54.5100,58.1000,52.7700,57.9800,59.1400,51.3700,57.2000,57.0700,54.7000,52.9500,54.5100,53.3400,51.9200,53.9200,58.2700,52.4700,56.3400,57.0100,54.6300,56.5800,57.0500,53.6500,54.8000,53.7600,56.5200,56.2600,54.5200,54.5600,53.0800,52.7500,55.6200,52.1500,53.9000,53.7900,55.2500,54.6700,53.4400,52.4100,56.0700,52.8100,52.1400,56.0600,51.0700,56.3000,51.3200,57.8100,55.5200,56.8200,51.6700,55.0900,58.9600,54.2300,54.9200,56.4000,56.2400,54.0000,53.5500,53.6500,56.9400,54.2900,54.3700,57.3800,57.6700,53.6200,51.0700,54.4300,52.5600,56.7600,50.0500,50.9100,50.8700,51.7400,52.8000,55.9300,54.2000,55.2400,52.1400,51.3500,52.7400,51.6500,56.1900,54.7400,53.8100,56.6800,55.1100,54.4100,55.2600,55.6600,57.1300,58.2600,55.4600,54.9400,54.7600,56.2300,53.3100,53.7900,53.6900,54.5900,55.2500,56.1300,59.3900,55.7400,52.6300,53.0600,54.2200,54.0500,55.9600,56.5000,54.2100,55.4900,54.2200,60.0200,57.1900,57.4500,53.7200,53.4200,53.9400,56.2600,57.2700,57.2200,53.6300,57.9100,56.4700,55.8000,56.9700,57.2400,53.3700,52.7700,50.3300,51.6600,56.0800,51.3400,54.4000,51.7100,57.7100,54.8600,53.6300,51.8400,52.2200,53.1200,53.8600,48.8700,53.8800,55.0500,51.8200,53.4900,52.2100,56.4200,55.0800,55.4000,51.8500,51.6700,55.0200,50.2300,55.1200,52.0400,50.5100,54.0500,51.9000,47.6000,52.3900,53.6800,52.4800,48.9000,50.4200,51.4200,50.9400,54.0300,46.3300,52.8200,52.7200,51.6700,50.6900,52.1600,51.0400,49.0100,48.3400,44.8200,46.4200,49.8300,46.7100,47.8400,48.6400,48.8100,49.0100,47.5500,48.2300,49.2400,47.6600,44.2400,43.8200,49.1200,48.0600,44.6000,46.3800,48.4600,46.3000,46.4800,42.8400,46.3300,43.7500,43.0200,47.0400,40.6900,42.2400,39.7700,43.8900,44.0800,40.2700,41.7400,43.5200,41.4200,40.4700,43.8000,38.6500,38.1600,40.7600,42.4000,39.6200,41.2300,40.8400,40.0300,39.8200,40.1500,41.4200,41.5500,42.7000,40.7800,38.2900,39.8900,36.9800,33.9300,35.7500,36.6400,38.4200,38.1900,37.8100,38.0400,36.9300,37.8100,35.8800,38.1400,36.2000,34.3000,36.2600,36.9300,40.2100,39.8700,39.3800,37.6000,37.7200,36.9600
11,46.3100,47.9500,42.4800,46.1300,48.4400,42.9600,49.3600,46.3500,47.0800,44.3500,48.2000,45.2300,45.8100,53.1600,48.2400,45.6800,48.1400,45.2300,44.7800,47.1500,47.7800,47.0000,49.5500,48.2200,44.2300,47.6100,53.1200,52.2700,52.1800,50.1500,52.9600,54.2200,51.3800,45.0400,55.3500,51.2400,48.5800,53.9200,54.4200,55.7200,51.3100,50.6100,52.8800,54.6300,49.0400,49.7800,56.2300,54.9500,51.4900,54.0200,54.0800,54.0400,56.3000,55.8800,53.9900,55.3500,54.7900,58.1100,58.5700,56.0300,58.7100,55.9400,55.1000,57.2400,60.6600,58.2100,58.9600,59.9300,52.5200,61.6100,67.5600,56.0800,58.4300,59.0800,69.2600,60.1000,64.3300,60.9500,61.8200,60.2200,61.7900,62.9100,64.2600,63.7300,67.0100,64.4500,62.6600,61.6900,67.4900,60.4600,68.3700,66.4100,64.8200,65.9200,63.4100,63.9500,61.2300,60.9000,62.6900,64.1600,61.8400,62.1400,59.9800,60.9100,67.8200,61.3200,58.5500,58.8900,60.3600,57.6200,62.1100,65.4200,62.6100,68.8100,61.0400,60.8700,68.9400,71.4700,59.6400,65.9200,63.9700,65.9800,57.9600,64.9400,60.8700,60.9900,59.5500,66.9800,59.8000,63.5900,65.3600,64.2800,65.6600,62.6800,60.2600,64.3800,60.6000,62.4000,64.4200,58.6800,58.6200,61.5900,60.0300,61.7100,65.9200,65.0500,59.2700,64.0900,64.6600,59.8300,61.5100,62.0900,61.3500,61.2600,61.6700,59.3400,60.4700,61.1000,67.8100,63.4700,61.2800,60.8600,59.5800,63.4600,60.5400,65.7800,66.9400,63.1600,59.0300,63.8900,60.8300,67.7500,59.9300,62.7300,59.3300,60.4400,64.6000,65.3200,63.5900,66.7500,63.5600,63.8300,63.8700,63.3500,58.6600,65.4200,66.7200,61.5600,64.2400,60.6300,64.5000,58.7100,60.5300,62.9800,62.2100,64.1300,63.2700,63.3100,63.8700,67.9400,67.6800,66.0200,66.3300,61.7300,65.3000,65.5500,66.6500,66.4900,62.8900,62.7000,64.9600,62.8900,66.0000,65.6200,66.1700,63.6800,62.9800,60.1400,62.6300,64.1600,62.9900,64.2100,62.7000,62.2200,59.5700,62.6700,65.9300,62.1800,65.1900,62.3000,63.3300,69.8500,63.8100,63.8200,68.1800,71.4400,60.8500,60.1600,65.7600,65.3400,64.8100,65.0700,62.5100,68.3000,63.0400,64.8200,66.3300,67.7200,65.7100,64.8000,60.9000,58.5400,59.3400,58.5800,58.5400,61.6100,56.7800,60.5400,60.6600,58.3200,66.8300,63.2100,61.7200,58.3800,59.6300,62.3100,59.3600,64.2600,61.4400,56.9800,56.6400,62.6700,56.0100,60.0400,61.3800,57.6900,58.3400,59.5400,61.7400,60.3300,62.9200,60.7300,61.1400,60.4000,57.9100,58.1500,55.0100,61.9800,55.6900,59.0900,52.8000,53.1600,58.3800,50.8800,55.5100,54.6600,54.2100,58.6100,57.8000,56.9000,56.4100,55.0500,53.7700,57.5300,54.1100,63.4500,54.8400,52.2900,55.5800,54.3300,53.1700,48.8300,55.5800,53.8100,52.3800,51.9800,46.8700,48.7900,49.1900,51.8900,51.8600,44.8200,48.0100,49.9500,46.9100,44.2800,51.6800,50.6700,47.3700,50.5300,51.4400,47.2000,49.0000,47.6600,48.1100,48.5300,46.9900,48.8500,42.6200,50.4300,49.1300,49.9100,49.9500,44.2600,41.3500,45.7700,45.0800,50.3700,46.7900,45.9200,44.3000,45.2200,45.1900,43.0300,48.4200,43.5800,44.5100,42.9800,45.5300,46.9700,47.4000,47.0800,45.8400,47.8100,46.1100
12,51.6800,51.0500,47.7600,49.3400,49.1900,53.6200,60.1600,54.2200,49.5000,48.9200,53.1200,49.6200,49.9700,57.9000,55.3400,50.9200,53.0300,51.1700,50.5600,52.6500,53.3200,52.6900,54.1100,56.1000,50.2400,54.4100,58.1200,58.1200,57.8300,56.1500,56.2600,59.9800,57.2400,50.8000,60.6700,56.9700,55.3500,59.9700,58.2300,61.6700,57.5400,55.6700,54.6900,60.5600,55.6100,54.4000,58.3400,59.5600,58.2900,60.6800,59.5100,59.4200,62.1800,60.1700,59.9800,60.7600,63.4200,59.9200,62.1200,61.3300,60.0000,61.2000,61.9000,61.6500,64.1000,64.8100,67.0100,65.9300,56.0500,68.9500,73.6700,58.3400,69.2600,61.2200,78.2800,63.5900,71.7000,65.4400,66.6000,66.9600,66.8200,67.1600,69.6300,61.7100,71.7200,66.1800,68.1500,64.8300,68.4400,69.0400,70.9500,70.0000,71.5800,72.7300,69.7600,68.7000,67.5900,65.7900,68.2200,69.3200,63.1800,65.0200,61.4000,62.7800,63.8900,63.3400,61.0900,60.7300,65.7500,60.5600,66.9700,65.5800,66.0400,73.0500,75.9100,64.9400,67.2500,73.4500,62.9900,65.5300,64.3200,66.9900,64.8900,64.3700,66.9300,62.6600,62.1600,66.3200,64.1100,61.4700,60.4700,61.2700,63.2000,64.5200,61.4300,68.2000,63.6600,65.4900,67.7400,60.7000,62.4000,65.3000,63.9100,65.8400,67.2000,68.4100,62.9000,59.9900,63.5400,62.3200,65.0400,63.4600,62.6200,63.9600,63.2600,65.2500,63.7800,66.3500,72.2900,67.5100,67.0800,63.2800,62.9200,64.9800,63.0200,66.6100,66.9200,62.5200,63.2000,65.3400,68.3600,63.4600,63.6900,69.7500,61.8500,63.1600,64.6900,63.7500,75.8600,67.9800,65.9500,68.6800,65.8600,63.0800,63.4700,65.5600,72.9900,67.6200,67.8200,67.6400,64.2600,65.8800,66.7900,69.2900,64.3300,66.9600,63.8900,67.5900,68.1200,72.4100,71.0400,68.9700,67.6600,65.0000,66.0400,69.0100,71.7700,66.7900,63.3800,69.7300,69.5800,68.7800,64.9700,67.3600,70.7600,65.4600,66.0500,62.6600,66.2000,66.4600,71.2300,67.8300,67.1100,66.9000,63.7100,71.4800,66.5300,71.7400,69.0400,66.3800,67.1000,74.5000,66.3700,64.3100,65.2700,72.9600,65.1300,64.7500,69.8800,70.1200,67.5800,76.5100,67.8200,70.4700,63.1500,69.0500,60.8700,65.6400,69.2700,68.0800,64.2800,64.7100,61.0300,64.1700,60.4600,65.3300,62.5200,66.0700,64.7200,69.9900,69.2600,68.5900,60.4700,61.9800,61.5400,66.0600,60.2700,66.9900,60.9500,62.4600,61.7600,60.2400,59.2000,59.5700,67.5500,61.9300,61.1100,60.0000,71.5500,69.0900,63.4700,68.0500,63.8700,62.9800,55.9200,60.8300,58.6100,57.8000,59.6200,57.4000,55.8700,54.7400,59.6300,53.4200,58.1000,57.3900,53.9600,61.2200,61.2800,56.8900,56.4900,59.1400,59.7400,60.5600,50.3600,59.2200,53.2800,57.3800,57.6000,56.0300,58.8400,52.0700,59.0400,57.4700,55.4400,46.8300,47.8800,51.9800,49.3900,54.6900,52.3900,54.5000,50.7000,51.9900,47.5700,54.4200,53.9300,50.5800,50.4400,54.6800,54.9800,49.3300,53.3500,52.1100,51.0300,50.5300,49.1000,52.2200,49.3800,52.9300,52.9600,53.4000,54.3100,45.9500,45.2600,48.1600,50.4300,47.1200,50.7200,49.7200,46.6700,48.0600,50.8300,45.8400,50.2500,47.2300,47.1500,44.2400,48.0900,49.2200,52.3800,51.5200,49.7100,51.6400,47.4200
13,48.6700,51.8200,45.4500,48.0100,50.5400,53.3600,58.5500,51.4700,48.7300,47.4400,51.4700,48.9500,49.1300,56.7700,54.6900,50.0700,51.4600,50.8200,45.6500,51.8200,53.3200,56.2600,54.0200,54.8900,50.0200,57.1200,57.6300,58.3400,57.5200,54.2200,59.6600,53.3000,58.9000,50.9800,57.8100,57.9600,54.1500,58.3200,56.7900,60.6200,57.5100,55.1100,54.9400,57.5900,49.3800,54.5600,62.5000,58.0200,55.0600,58.4400,60.1300,58.1300,58.0000,60.1000,58.9500,61.4700,62.9300,59.0300,60.9900,61.0400,58.8100,60.7400,63.6400,60.7100,60.0300,64.4400,68.4100,65.6900,56.4200,70.4300,70.6700,59.6200,66.3500,62.7800,68.9700,71.6900,62.8900,61.9500,65.1600,65.0100,65.1600,62.7700,61.2800,59.2100,69.3600,64.2600,68.5900,64.2300,68.7300,66.3700,66.5500,68.5700,67.1300,68.5700,68.6500,66.0400,62.5300,63.4100,66.2200,66.6200,63.1200,63.4000,58.4100,59.0700,70.4600,56.7200,57.0000,58.6100,58.7600,58.1900,62.4100,58.4000,59.2800,70.1300,66.0600,63.3100,63.3000,69.7200,58.9000,61.5300,59.7300,60.1400,57.8500,64.2800,63.2200,58.6700,59.2300,59.2700,60.1800,59.8100,61.3300,58.8400,60.3000,63.4200,70.1500,65.2900,62.0100,57.4300,63.3400,60.0000,63.0200,63.3700,61.9300,63.6500,62.8900,64.5300,59.7000,57.1900,62.1500,65.2600,60.9600,61.0800,62.0500,62.6600,63.0500,64.0500,63.6400,61.7700,67.6200,67.8200,63.8900,63.8900,60.6600,63.4700,61.9200,65.3000,62.6700,63.2100,60.3200,64.2200,62.7700,59.7900,62.6000,61.7800,63.3700,61.3100,65.0600,62.5600,60.7500,62.3800,59.6400,66.0700,63.9900,69.0900,62.9100,60.9200,64.9400,63.4400,67.2700,62.8000,65.7900,63.4700,64.2100,69.1400,61.6600,61.4700,61.4300,66.2100,66.4800,72.0800,67.9000,67.4600,69.6100,63.8700,66.9300,68.5400,68.7500,67.2500,64.2700,68.2800,65.6200,66.6400,65.3200,65.0200,67.0100,64.3500,64.2400,61.9900,62.4500,61.5900,70.2300,65.7300,63.4700,69.1700,63.8900,65.5900,67.4300,63.1000,68.5100,62.6600,65.5200,74.4500,64.3300,63.6300,64.2400,63.7900,64.9300,67.0300,66.1300,67.4600,65.8200,63.2200,65.7500,63.6100,61.2200,68.7100,60.0500,63.5000,59.6000,62.3600,65.0300,63.3900,60.6900,63.6000,56.8500,60.7300,58.9000,59.4300,61.6600,58.7600,67.8700,65.4600,58.0800,59.1500,59.0500,61.5400,58.8700,65.0200,54.4900,60.9700,57.1700,57.1000,56.3900,59.3600,62.6300,56.4200,57.0200,60.7300,68.0800,63.4000,58.4700,59.8400,60.8300,59.7400,54.4500,55.2400,55.0600,55.4200,57.2100,52.3900,53.6300,52.6200,54.0800,52.8200,54.2100,51.9300,51.4100,57.6300,58.0700,54.6000,53.9900,55.2800,57.9100,49.6800,47.4800,57.7100,50.5700,48.1800,55.4500,56.1700,54.8800,45.7000,55.8200,55.6400,49.8400,49.9900,46.2100,49.2200,47.2200,53.3600,44.3400,50.1500,46.9200,46.8100,45.0300,44.3400,51.8200,43.5900,51.2900,51.4100,51.5900,46.0400,50.9300,48.1000,48.3100,47.5000,45.1300,49.0800,46.8400,47.4500,50.6400,50.3400,49.7000,43.1600,41.7400,43.0100,45.2100,43.1800,49.7800,48.2700,48.4200,47.2700,48.3200,43.3300,51.8200,44.1100,44.5100,44.8400,50.7600,53.0100,50.4000,49.3800,47.0800,46.9500,44.9900
14,41.5900,45.0000,39.4700,41.5500,40.7500,45.7300,49.6500,45.6100,42.0000,45.0600,44.8300,41.6900,42.6500,50.8500,47.2400,40.0100,42.3800,44.4800,40.6500,49.7900,45.7000,49.8600,48.5200,47.1500,44.3900,45.1400,51.0300,51.4700,51.2500,47.4600,54.5100,47.3900,43.5600,45.2000,57.2900,54.0800,50.5400,53.7200,48.8800,53.0600,47.8600,48.6200,46.4100,50.5100,51.3600,48.7100,57.7500,52.6600,54.1700,53.0600,54.8550,53.0500,47.2700,53.5900,54.0800,50.8700,51.5300,51.2700,56.4600,53.6800,50.4600,53.1600,53.9200,54.5000,56.3000,52.9600,61.7300,52.9800,63.4300,67.7200,59.9900,66.1800,69.2000,54.6200,70.0500,60.9300,61.4700,57.0300,59.0500,59.2900,59.1700,55.2600,55.8200,56.3300,63.0100,55.9900,61.9200,59.5500,61.7800,56.4900,59.5200,58.4600,60.0900,61.7800,61.1200,57.1500,56.8100,51.1100,56.4700,55.5300,53.1200,55.5700,54.3900,56.8300,62.5900,50.2000,51.7400,54.4700,53.3100,58.1800,55.1000,52.6800,56.4600,62.8900,56.4900,56.7800,59.0800,62.7100,55.6800,55.7500,58.6700,57.0700,58.3800,57.9800,56.5400,58.8300,57.0600,52.6500,51.4800,52.3800,55.1800,55.5300,52.2400,54.5600,61.6100,55.6800,58.4200,53.6800,54.9600,57.0500,55.0600,53.2900,55.0900,58.0200,53.7200,57.0900,51.8000,52.4500,53.8100,52.7700,57.8200,57.0100,61.5300,59.9700,56.8300,60.5500,59.0500,60.0200,61.5900,60.6300,58.7300,54.0600,59.1100,60.0200,59.8600,61.3200,59.9600,56.9500,56.5000,57.4200,57.7300,58.8800,59.3900,55.2400,52.1400,54.0700,56.9300,57.4700,57.4000,60.6200,56.0100,59.5300,56.0900,54.7500,60.5000,56.5000,58.1600,59.7700,61.6700,60.2700,57.7800,59.2800,57.2700,62.5100,58.2900,59.4300,58.9100,56.8000,58.7600,65.4400,62.1900,62.5600,59.0700,58.7700,63.5200,61.0800,60.0400,60.1900,61.2800,58.8900,56.7900,58.2600,57.7000,55.9500,55.8300,60.1700,57.3200,59.4900,58.9500,58.6800,57.3100,61.6900,56.9800,58.4200,54.3000,56.4600,60.1300,55.5000,61.9000,60.6300,57.7000,58.9600,57.9500,57.8600,57.1200,59.7100,56.2400,61.7200,57.3900,62.3200,60.4800,55.8300,59.6700,59.3400,53.7800,57.0600,58.4100,56.1400,52.4600,51.7700,55.4300,56.4800,53.7600,54.6100,49.7100,54.6900,54.5700,51.5400,56.9800,55.4800,60.0000,57.1800,54.1600,56.9600,56.0200,54.3300,54.6900,55.1900,48.2400,55.0200,53.9000,55.7000,54.7100,54.1100,59.2700,54.4900,54.4000,53.7400,51.3800,52.1900,52.2100,53.0300,52.5000,49.6400,51.3500,49.9400,48.2300,51.4000,51.2100,43.3500,50.0800,50.7100,50.4000,50.4500,49.7100,46.7700,49.2500,48.7700,49.3400,42.6000,46.6200,43.3600,44.8400,44.1000,40.2200,46.2100,46.7800,46.4800,48.9700,46.7900,43.6900,42.2800,43.3800,44.6100,41.4500,45.7200,41.0000,42.6100,38.9900,40.6400,42.0700,36.8500,37.4100,41.6500,37.0900,35.2800,43.1900,40.6600,42.2000,42.2200,43.7300,43.6700,42.6900,40.8500,41.1900,40.2500,40.7100,42.0100,39.3700,46.6500,43.3300,42.2600,38.7000,37.8300,36.1300,41.0200,38.1600,38.9900,43.1500,39.6400,41.9700,38.2800,40.7200,39.5600,40.4500,41.4800,38.8900,38.8800,48.0800,45.5800,45.7100,44.5600,42.0500,41.0400,39.4800
15,34.2800,35.8400,33.6300,31.4100,34.1300,33.8000,33.8100,33.8600,32.7200,34.3800,34.4400,34.0900,32.5200,39.2800,36.4600,30.7300,33.6600,33.1300,28.8800,37.7900,36.4500,35.2700,37.0500,39.6100,38.7700,36.5100,41.0600,39.1300,39.5100,44.8600,40.1900,33.6200,35.8500,39.3300,49.9600,47.2300,42.6900,40.2300,40.7300,41.0400,41.5800,37.9600,42.3600,40.0500,42.8000,42.3200,47.0500,42.5500,49.2700,47.1000,49.5050,48.5600,40.9500,42.5500,41.8600,43.7400,43.6700,45.4700,42.5600,44.0400,44.7300,40.9900,45.6700,43.2900,42.3400,43.0000,50.1400,53.5000,52.3500,53.4000,46.1600,54.7300,46.0900,46.5700,47.9900,51.6700,46.5700,46.7400,48.0100,45.9700,47.4500,48.0800,50.6600,51.0300,49.5200,48.7600,50.1000,49.9200,48.5100,45.3500,47.3300,47.7800,49.0000,48.5700,53.4800,46.1000,45.6000,41.0800,44.3000,44.0300,41.0300,49.4700,47.0100,52.1400,49.9000,39.6100,41.7100,47.7300,43.8400,45.2000,50.0800,42.2300,51.6600,44.8200,46.0500,46.2800,49.2900,50.2850,45.9500,48.1050,50.6600,42.1100,52.3800,53.1200,52.8800,41.7600,49.8900,42.2500,41.2200,39.8100,51.2400,40.9200,46.7300,45.7200,44.8700,44.1300,51.8400,48.2200,41.1300,48.9800,43.9400,42.6300,45.4100,42.6700,45.4400,48.7600,44.7100,44.2300,42.6400,53.0700,52.8400,47.5000,49.8700,53.1600,44.8100,54.2100,53.7200,52.6800,49.2900,50.4600,53.1500,46.2800,54.7500,56.7400,54.2000,54.4000,54.1700,52.3500,53.6900,53.5800,51.1100,54.6100,52.5100,46.5000,43.2000,46.2900,46.7200,50.3500,52.3100,51.0400,51.5500,52.0100,52.6800,51.0400,48.2200,45.9400,52.6300,47.0300,51.2500,48.2300,49.5300,52.8000,44.8600,57.0000,51.0700,50.1100,53.8500,53.8500,51.6700,49.3400,53.0400,53.0700,51.1800,52.9600,55.2100,54.5700,47.3900,48.7900,51.1500,48.3200,46.9800,49.5300,48.5600,57.1900,47.4800,43.1800,50.4200,53.3000,48.2700,47.0400,42.8300,48.6900,52.5700,52.6900,51.0300,48.9600,55.7200,44.0600,49.7200,44.2000,54.7400,50.4200,46.6800,48.6200,53.5100,53.3700,51.5600,42.0300,44.4400,50.3100,54.3000,42.7200,48.6500,53.5000,49.7900,51.6900,52.2800,42.7500,41.7500,39.8700,54.0900,50.9600,46.9600,51.1800,42.0500,46.3400,44.3200,39.6700,51.5400,47.8200,53.1200,42.6900,38.3200,38.4900,49.6300,42.2800,45.7200,39.8000,35.8400,42.0400,53.0000,49.0700,45.7100,47.3300,48.2400,47.8600,48.0800,45.2300,45.0100,46.2700,45.0500,45.4400,43.0300,44.3600,43.4800,36.0700,38.4100,45.4900,40.0300,34.1700,45.0900,40.8000,40.5500,42.4600,39.3700,39.8300,42.5100,41.1800,33.9400,30.0300,34.2800,31.2500,29.7200,32.0600,28.1800,38.1700,39.8400,39.1900,37.5700,37.8600,35.7400,36.0200,35.8200,35.1800,34.8500,36.3800,33.0500,35.1600,32.6500,34.5300,36.4300,29.7500,25.7200,34.2000,25.8200,29.5900,34.0900,33.3600,33.3000,34.0500,36.1000,36.6600,35.7000,33.3500,33.5700,33.5900,34.1600,31.9600,32.4700,33.6900,32.8300,33.4900,30.7800,30.0100,28.5600,32.0100,33.2200,33.1500,30.4900,31.7600,30.8200,30.5000,28.7100,30.0700,27.1400,26.9800,31.7600,33.6400,34.8000,31.2300,32.3200,28.1000,33.4500,34.2300,32.5100
16,25.5500,27.9800,19.3900,23.5200,24.4300,23.7100,25.2200,24.4400,22.4200,25.9300,22.6500,25.8000,23.7700,25.7200,24.1500,23.2300,27.1200,20.2200,19.5000,24.9900,29.8800,27.0100,19.9500,23.8700,29.9200,22.4400,32.4200,28.6800,30.6600,34.1500,33.8300,25.0600,26.6900,27.8050,35.6500,30.8600,30.3600,28.6800,31.1500,31.8300,31.9800,31.7900,32.4200,30.1400,29.0100,31.3900,34.1500,33.6500,38.0700,37.3500,35.9150,37.4300,32.7500,30.8200,34.0300,35.0600,31.1600,34.5700,32.2100,35.4800,34.3200,30.9300,35.9500,33.2600,32.2200,30.8400,31.1700,32.0800,32.1800,35.1700,35.9700,34.6400,28.8400,29.1400,37.8100,31.9200,29.3500,27.9700,37.9300,34.9900,37.2800,39.7200,40.1300,41.0400,37.1800,34.8100,38.4500,38.5700,32.7400,36.0500,36.6600,38.3700,30.6300,33.0500,40.8400,38.8850,33.3300,27.5700,33.2600,27.7900,32.6500,35.9600,33.5000,35.4100,35.6700,30.2000,30.8100,33.1300,32.1300,28.9900,40.0700,27.3000,33.6600,29.5600,31.0200,30.5100,39.6500,39.8800,26.5900,30.3850,34.7700,28.8300,42.8600,42.0200,43.6100,29.9400,39.2900,27.8500,28.9100,32.1200,34.4500,30.6000,31.6300,35.2400,29.8700,35.7400,42.8100,36.3100,31.7600,38.5000,28.3900,30.6700,31.4800,29.8600,29.0200,39.1400,35.1800,30.6000,28.3900,37.2900,42.5500,34.7000,43.2600,43.9700,32.9200,42.6200,44.6200,42.9900,37.2700,39.3800,44.3800,38.5100,46.1500,45.6500,45.4800,45.6800,45.1200,44.2100,45.4400,40.6800,42.9500,43.7300,53.9000,36.8000,29.2400,38.7000,42.9300,40.5800,39.1700,37.3400,38.3100,37.1700,34.9500,40.6400,40.2600,32.6900,34.6300,31.3100,33.3300,36.7600,29.1900,37.5200,33.8600,45.4100,43.3000,40.4000,38.3000,41.0200,35.9600,43.7400,33.1600,44.2100,43.7400,41.8900,35.0400,43.2900,34.9000,33.7800,44.5900,40.9600,34.5000,39.4600,35.4200,34.2000,31.2500,33.4900,42.0400,42.2400,36.7100,45.8600,32.4500,33.9100,35.5500,38.4100,31.3000,39.6400,45.8400,33.7600,40.9000,29.2500,44.5900,32.9300,39.2400,41.4000,43.7000,38.3600,33.2200,31.7300,42.2300,34.8500,41.4200,33.8200,31.3300,42.3300,40.0100,40.2000,43.7800,29.0600,27.3800,33.3200,44.0800,33.7500,32.9900,26.1000,36.3700,39.4900,38.3400,32.0900,40.2600,39.2700,38.4900,26.7900,25.3400,26.2800,27.1800,32.2000,27.2700,30.7900,21.7900,32.7100,37.7700,38.1000,25.5500,35.5100,37.3400,36.9900,37.1900,33.7100,34.2200,35.3000,33.3600,34.0400,32.4200,32.0400,33.8200,20.0100,29.8700,32.0600,33.6700,33.6100,32.9700,24.7000,29.6800,32.3200,31.7300,31.0400,31.4400,30.4700,17.7800,16.5900,18.6100,18.5600,17.2000,18.3600,16.8000,29.2000,29.1800,28.0400,28.1700,27.3500,24.0300,25.3400,25.8700,24.2800,24.7200,24.8200,23.3100,26.0000,22.7900,24.8800,24.4200,24.0900,23.3900,24.8100,17.4600,19.6300,24.5100,23.8700,24.4500,23.5800,25.6500,26.1000,25.8100,24.0300,24.8100,23.5700,23.5500,23.3300,22.9500,24.5200,24.0300,24.2600,21.3600,21.1800,17.6500,22.5700,24.6700,22.9800,20.5500,22.1300,21.1400,19.5100,18.7600,18.3000,15.7200,16.3800,19.9700,25.2200,24.4100,22.5000,18.0200,21.9200,18.6600,23.9200,22.2100
17,14.8800,17.5600,10.9800,13.5400,13.5200,12.9400,14.5200,13.5300,12.4600,14.9100,13.2800,14.7000,13.0500,14.7200,14.7900,15.8500,15.5900,8.2400,8.7700,11.8400,17.8000,14.1500,10.0300,14.7500,18.2700,18.6500,20.5400,17.2500,19.1200,23.1200,18.0700,14.2800,15.0300,15.0850,22.5200,19.5900,19.2900,21.2600,19.6700,20.5200,19.5300,20.0100,20.1900,18.9000,17.6000,18.3200,21.8000,21.3600,24.6500,24.5800,23.9050,23.5300,21.2800,18.8100,22.2900,22.9000,21.6600,22.6100,21.0200,23.0700,21.3300,19.5300,23.6000,24.0300,18.1300,23.3300,18.2200,21.5100,18.9000,24.0800,25.1300,21.7500,14.6500,13.0300,17.9800,16.1300,15.1000,14.2400,22.7300,26.2500,22.8700,25.6600,26.0800,27.4200,24.1900,23.1900,21.2400,25.1600,23.4700,23.9900,24.5300,19.7500,15.5400,15.1700,27.9800,25.7750,19.1200,24.5800,19.4800,17.3300,18.0100,23.7300,23.9700,23.3000,22.0900,16.3700,22.3100,18.4100,15.2000,21.9800,25.4300,13.6400,15.9600,16.4700,15.8100,16.0200,26.3400,28.5000,14.5700,19.8950,14.3400,14.7800,29.8200,28.3300,28.0100,17.7700,22.4900,14.4700,14.7600,19.3200,23.8100,20.4900,26.0600,21.7500,17.9900,21.7500,27.0400,21.0700,18.7400,22.4000,15.3600,16.6900,18.0700,17.7500,21.6900,24.8400,21.7200,16.4100,15.0000,28.8900,28.4700,17.5600,31.0000,30.5900,26.2400,30.1100,31.7200,31.2900,27.7000,28.7600,26.5700,21.6300,32.1300,33.4600,32.4800,32.8000,32.0200,32.3800,32.4000,30.4500,29.6400,28.9200,37.5000,24.5200,24.8400,39.7000,31.0100,33.2600,31.8600,32.1400,24.4200,21.1300,17.5200,26.4600,25.6600,20.8300,18.9400,19.2600,24.5900,24.3400,16.3200,29.9800,32.8800,30.6400,29.9300,20.8400,26.7600,24.2000,24.8200,28.5800,19.1600,28.4600,32.0000,31.1500,20.2000,28.2400,18.6600,22.8100,31.0900,25.7800,20.3100,30.8800,19.3100,17.6100,21.5500,22.1000,34.4000,29.1100,31.1100,29.1200,16.6400,20.3800,15.7900,24.6900,16.7400,27.6700,17.6400,17.0200,27.2900,19.6100,18.3000,28.3000,24.6000,29.6700,30.0300,23.5300,16.3000,15.1600,26.8000,17.0100,26.5000,26.0500,26.3700,16.8200,27.8400,28.6400,29.2700,16.2400,16.0200,18.1900,32.5500,13.8300,14.8600,12.1700,22.5400,24.1700,29.1800,23.4000,26.0300,27.2700,26.5100,11.3200,12.1000,15.8100,10.4600,20.9900,13.6500,16.2400,9.3800,11.6300,22.4300,23.8000,12.5400,20.7700,23.1700,22.9000,21.8400,20.1200,20.5600,20.7900,20.1900,19.6200,18.4500,19.0000,19.0100,14.1300,14.5900,13.4100,19.7600,20.0100,17.4500,12.2000,19.3300,18.7500,18.1900,17.0200,15.8600,17.4800,5.6600,5.1400,5.9000,6.8300,6.1200,5.5400,4.9400,16.1600,16.1100,15.3900,15.6600,14.9200,11.8000,13.1700,12.1800,12.7900,12.7100,12.9200,11.9200,13.5200,11.9300,12.3600,11.2700,10.8400,9.6800,13.5000,5.1500,8.6200,13.4500,12.2800,12.9400,12.4000,12.8400,13.2600,13.2300,12.1000,13.3200,11.7600,12.6200,12.2400,11.9100,13.2900,12.4200,12.4200,11.7800,10.9200,9.5700,11.2400,13.4800,10.7600,11.1500,10.9400,10.3600,9.9600,9.4700,7.3200,6.9900,8.7200,10.8000,14.1800,13.8900,11.5100,10.5800,12.3600,9.9300,14.7500,13.5300
18,5.2000,5.1200,4.1400,4.3400,4.8700,4.5900,4.7600,4.4700,4.5600,5.4900,4.5600,5.1100,5.0400,5.5400,5.6400,6.2000,6.7700,2.2100,1.8600,4.4900,7.1400,5.7500,3.6100,6.5800,7.2800,7.1000,8.3000,6.5500,8.1600,6.0000,6.7900,6.2200,5.9200,6.1750,9.2400,7.3600,8.5600,9.0800,8.7500,8.6700,8.2200,9.1600,9.0000,9.1700,6.1600,7.3400,9.5100,9.1700,11.1300,10.9300,10.6050,10.5800,9.2400,8.3600,10.0100,10.6200,10.6900,9.7200,8.9300,10.4800,8.2700,8.9100,11.2900,10.4700,9.8600,9.5300,8.9400,8.8500,7.7100,9.5600,11.4200,9.2400,5.7200,5.7000,4.8600,6.9900,6.7300,3.8200,10.2100,12.4400,9.1900,13.3000,11.9600,12.5500,10.5800,9.9300,10.7800,11.9100,11.1400,10.5100,11.2200,5.8500,4.7300,4.0900,10.2700,12.8200,13.8200,8.0000,8.8500,10.3100,11.6900,11.6700,13.2500,11.3500,10.8700,10.9500,9.4100,9.3300,4.0600,8.6200,8.2000,4.3900,4.2000,10.2900,6.5150,4.1300,13.4300,14.3500,6.1100,9.0700,4.7000,8.6700,15.6600,14.5900,15.9500,12.6400,9.6200,9.4400,8.5400,10.2900,9.5500,7.0200,13.2800,10.7600,9.6900,9.9600,15.0100,10.5400,7.9800,11.4900,7.4400,6.3200,7.2400,9.3700,12.4400,13.7700,11.3600,7.6600,5.6900,16.5300,11.7000,7.6900,14.8800,16.7700,13.8600,16.4300,16.8100,17.7700,15.6000,8.9000,7.0100,15.5000,15.0800,18.0900,18.3800,18.7100,18.0900,18.6600,18.1000,16.5900,22.1000,22.0000,26.7000,8.0500,13.0300,25.6000,18.4500,18.1900,16.3000,17.3600,12.2100,6.0100,7.2100,10.5800,11.8700,8.1500,6.8300,8.5800,11.9800,12.8500,5.2100,19.7300,14.2500,8.3700,14.5100,14.3200,11.0900,10.7600,10.8500,12.3800,13.5700,15.7400,14.7700,14.1400,16.3900,18.2300,10.3700,10.8900,15.7500,8.8600,6.5000,18.5600,7.1100,6.0700,8.6400,11.1400,14.0300,16.5900,8.6100,17.0800,5.6900,8.5700,8.6700,6.9700,8.4700,14.1400,5.4000,7.7000,11.3900,7.4400,4.8700,12.0400,8.0800,15.1800,14.5900,13.2000,5.7700,10.2600,7.0900,5.7000,6.2000,13.9500,12.2300,8.0900,12.1600,12.0300,13.7300,10.6300,7.2900,10.1500,15.3200,5.5300,3.8300,4.4200,10.8000,7.1800,12.3500,10.0200,11.4200,11.1900,11.8400,3.0900,6.2600,7.8200,3.2500,8.7300,5.7900,2.5200,2.4000,5.5400,9.2700,9.1500,2.2000,7.0600,7.9900,8.5700,7.8400,7.5300,7.4200,7.4800,7.0500,7.1200,5.9700,6.8000,6.3600,5.1600,3.5900,6.0400,6.5600,6.7700,5.6700,4.0600,5.4700,5.4100,5.4200,5.4400,4.9100,5.3300,1.3400,1.1200,0.6200,0.5400,0.6800,0.5500,0.6000,4.3600,4.5800,4.3500,4.4400,4.1400,3.3800,3.5500,3.4900,3.6900,3.6700,3.5200,3.2900,3.4200,3.1800,3.5200,3.6500,3.4200,3.5500,3.6800,1.7600,3.4200,3.7200,3.3200,3.2500,3.1300,3.3600,3.3600,3.4200,2.9500,3.4500,3.0800,3.4300,3.2600,3.2500,3.6700,3.2000,3.4200,3.2300,3.1500,3.3300,3.3300,3.6100,3.3400,3.5100,3.1200,3.3900,2.8900,3.0300,2.3400,1.8200,2.6200,3.5900,4.3000,4.1500,3.6300,3.5200,3.7500,3.6900,4.7900,4.3500
19,0.0000,0.0000,0.0000,0.0000,0.0000,0.0000,0.0000,0.0000,0.0000,0.0000,0.0000,0.0000,0.0000,0.0000,0.0000,0.0000,0.0000,0.0000,0.0000,0.0000,0.0000,0.0000,0.0000,0.0000,0.0000,0.0000,0.0000,0.0000,0.0000,0.0000,0.0000,0.0000,0.0000,0.0000,0.0000,0.0000,0.0000,0.0000,0.0000,0.0000,0.0000,0.0000,0.0000,0.0000,0.0000,0.0000,0.0000,0.0000,0.0000,0.0000,0.0000,0.0000,0.0000,0.0000,0.0000,0.0000,0.0000,0.0000,0.0000,0.0000,0.0000,0.0000,0.0000,0.0000,0.0000,0.0000,0.0000,0.0000,0.0000,0.0000,0.0000,0.0000,0.0000,0.0000,0.0000,0.0000,0.0000,0.0000,0.0000,0.0000,0.0000,0.0000,0.0000,0.0000,0.0000,0.0000,0.0000,0.0000,0.0000,0.0000,0.0000,0.0000,0.0000,0.0000,0.0000,0.0000,0.0000,0.0000,0.0000,0.0000,0.0000,0.0000,0.0000,0.0000,0.0000,0.0000,0.0000,0.0000,0.0000,0.0000,0.0000,0.0000,0.0000,0.0000,0.0000,0.0000,0.0000,0.0000,0.0000,0.0000,0.2900,2.7600,4.1400,4.0000,3.4000,2.3800,2.5600,3.4100,3.2700,3.3600,1.4800,0.7900,3.9800,3.3300,3.0100,2.8700,4.2200,3.3900,2.3200,2.8800,2.4900,2.4800,2.7700,3.5500,3.1700,4.2600,3.3900,2.3300,1.2900,5.1500,3.7300,2.2300,4.7000,5.4100,5.5400,5.3800,5.5700,5.8600,6.4100,0.7800,1.7700,7.2000,4.9000,6.3100,6.2400,6.2800,6.2900,5.7100,6.2100,5.6600,8.6000,8.2000,13.6000,4.2000,1.8400,5.5000,4.3000,4.6800,5.0900,5.8300,2.9900,3.3800,3.4000,3.7200,6.3800,3.5100,2.2600,2.6200,2.0000,2.5100,1.8100,7.0400,5.3100,2.1300,4.2600,3.2200,3.8400,3.5700,5.3500,4.2400,4.4000,6.6300,3.7300,2.2700,5.0700,6.5400,3.3800,3.5100,5.1000,2.4100,2.3700,4.8000,1.3200,2.7400,1.5600,3.7200,3.5200,4.8400,3.7700,5.3500,1.6700,2.7300,2.4800,2.4700,2.0600,3.4700,3.1400,2.0700,2.5100,1.9600,2.5200,3.1000,1.1300,4.0200,4.0600,3.3200,1.5400,1.8100,1.9200,0.8300,2.1900,1.9300,2.3600,1.5800,2.6400,2.7000,2.8900,2.0900,2.1400,2.8400,2.0400,1.3000,0.8600,1.2800,2.1100,1.1800,2.1100,2.1400,2.1900,1.8300,1.8500,0.4700,0.9500,0.9300,0.7300,1.2000,0.7800,0.5400,0.2900,0.8100,0.8200,1.0000,0.4000,0.7900,0.0000,0.0000,0.0000,0.0000,0.0000,0.0000,0.0000,0.0000,0.0000,0.0000,0.0000,0.0000,0.0000,0.0000,0.0000,0.0000,0.0000,0.0000,0.0000,0.0000,0.0000,0.0000,0.0000,0.0000,0.0000,0.0000,0.0000,0.0000,0.0000,0.0000,0.0000,0.0000,0.0000,0.0000,0.0000,0.0000,0.0000,0.0000,0.0000,0.0000,0.0000,0.0000,0.0000,0.0000,0.0000,0.0000,0.0000,0.0000,0.0000,0.0000,0.0000,0.0000,0.0000,0.0000,0.0000,0.0000,0.0000,0.0000,0.0000,0.0000,0.0000,0.0000,0.0000,0.0000,0.0000,0.0000,0.0000,0.0000,0.0000,0.0000,0.0000,0.0000,0.0000,0.0000,0.0000,0.0000,0.0000,0.0000,0.0000,0.0000,0.0000,0.0000,0.0000,0.0000,0.0000,0.0000,0.0000,0.0000,0.0000,0.0000,0.0000
20,0.0000,0.0000,0.0000,0.0000,0.0000,0.0000,0.0000,0.0000,0.0000,0.0000,0.0000,0.0000,0.0000,0.0000,0.0000,0.0000,0.0000,0.0000,0.0000,0.0000,0.0000,0.0000,0.0000,0.0000,0.0000,0.0000,0.0000,0.0000,0.0000,0.0000,0.0000,0.0000,0.0000,0.0000,0.0000,0.0000,0.0000,0.0000,0.0000,0.0000,0.0000,0.0000,0.0000,0.0000,0.0000,0.0000,0.0000,0.0000,0.0000,0.0000,0.0000,0.0000,0.0000,0.0000,0.0000,0.0000,0.0000,0.0000,0.0000,0.0000,0.0000,0.0000,0.0000,0.0000,0.0000,0.0000,0.0000,0.0000,0.0000,0.0000,0.0000,0.0000,0.0000,0.0000,0.0000,0.0000,0.0000,0.0000,0.0000,0.0000,0.0000,0.0000,0.0000,0.0000,0.0000,0.0000,0.0000,0.0000,0.0000,0.0000,0.0000,0.0000,0.0000,0.0000,0.0000,0.0000,0.0000,0.0000,0.0000,0.0000,0.0000,0.0000,0.0000,0.0000,0.0000,0.0000,0.0000,0.0000,0.0000,0.0000,0.0000,0.0000,0.0000,0.0000,0.0000,0.0000,0.0000,0.0000,0.0000,0.0000,0.0000,0.0000,0.0000,0.0000,0.0000,0.0000,0.0000,0.0000,0.0000,0.0000,0.0000,0.0000,0.0000,0.0000,0.0000,0.0000,0.0000,0.0000,0.0000,0.0000,0.0000,0.0000,0.0000,0.0000,0.0000,0.0000,0.0000,0.0000,0.0000,0.0000,0.0000,0.0000,0.0000,0.0000,0.0000,0.0000,0.0000,0.0000,0.0000,0.0000,0.0000,0.0000,0.0000,0.0000,0.0000,0.0000,0.0000,0.0000,0.0000,0.0000,0.0000,0.0000,0.0000,0.0000,0.0000,0.0000,0.0000,0.0000,0.0000,0.0000,0.0000,0.0000,0.0000,0.0000,0.0000,0.0000,0.0000,0.0000,0.0000,0.0000,0.0000,0.0000,0.0000,0.0000,0.0000,0.0000,0.0000,0.0000,0.0000,0.0000,0.0000,0.0000,0.0000,0.0000,0.0000,0.0000,0.0000,0.0000,0.0000,0.0000,0.0000,0.0000,0.0000,0.0000,0.0000,0.0000,0.0000,0.0000,0.0000,0.0000,0.0000,0.0000,0.0000,0.0000,0.0000,0.0000,0.0000,0.0000,0.0000,0.0000,0.0000,0.0000,0.0000,0.0000,0.0000,0.0000,0.0000,0.0000,0.0000,0.0000,0.0000,0.0000,0.0000,0.0000,0.0000,0.0000,0.0000,0.0000,0.0000,0.0000,0.0000,0.0000,0.0000,0.0000,0.0000,0.0000,0.0000,0.0000,0.0000,0.0000,0.0000,0.0000,0.0000,0.0000,0.0000,0.0000,0.0000,0.0000,0.0000,0.0000,0.0000,0.0000,0.0000,0.0000,0.0000,0.0000,0.0000,0.0000,0.0000,0.0000,0.0000,0.0000,0.0000,0.0000,0.0000,0.0000,0.0000,0.0000,0.0000,0.0000,0.0000,0.0000,0.0000,0.0000,0.0000,0.0000,0.0000,0.0000,0.0000,0.0000,0.0000,0.0000,0.0000,0.0000,0.0000,0.0000,0.0000,0.0000,0.0000,0.0000,0.0000,0.0000,0.0000,0.0000,0.0000,0.0000,0.0000,0.0000,0.0000,0.0000,0.0000,0.0000,0.0000,0.0000,0.0000,0.0000,0.0000,0.0000,0.0000,0.0000,0.0000,0.0000,0.0000,0.0000,0.0000,0.0000,0.0000,0.0000,0.0000,0.0000,0.0000,0.0000,0.0000,0.0000,0.0000,0.0000,0.0000,0.0000,0.0000,0.0000,0.0000,0.0000,0.0000,0.0000,0.0000,0.0000,0.0000,0.0000,0.0000,0.0000,0.0000,0.0000,0.0000,0.0000,0.0000
21,0.0000,0.0000,0.0000,0.0000,0.0000,0.0000,0.0000,0.0000,0.0000,0.0000,0.0000,0.0000,0.0000,0.0000,0.0000,0.0000,0.0000,0.0000,0.0000,0.0000,0.0000,0.0000,0.0000,0.0000,0.0000,0.0000,0.0000,0.0000,0.0000,0.0000,0.0000,0.0000,0.0000,0.0000,0.0000,0.0000,0.0000,0.0000,0.0000,0.0000,0.0000,0.0000,0.0000,0.0000,0.0000,0.0000,0.0000,0.0000,0.0000,0.0000,0.0000,0.0000,0.0000,0.0000,0.0000,0.0000,0.0000,0.0000,0.0000,0.0000,0.0000,0.0000,0.0000,0.0000,0.0000,0.0000,0.0000,0.0000,0.0000,0.0000,0.0000,0.0000,0.0000,0.0000,0.0000,0.0000,0.0000,0.0000,0.0000,0.0000,0.0000,0.0000,0.0000,0.0000,0.0000,0.0000,0.0000,0.0000,0.0000,0.0000,0.0000,0.0000,0.0000,0.0000,0.0000,0.0000,0.0000,0.0000,0.0000,0.0000,0.0000,0.0000,0.0000,0.0000,0.0000,0.0000,0.0000,0.0000,0.0000,0.0000,0.0000,0.0000,0.0000,0.0000,0.0000,0.0000,0.0000,0.0000,0.0000,0.0000,0.0000,0.0000,0.0000,0.0000,0.0000,0.0000,0.0000,0.0000,0.0000,0.0000,0.0000,0.0000,0.0000,0.0000,0.0000,0.0000,0.0000,0.0000,0.0000,0.0000,0.0000,0.0000,0.0000,0.0000,0.0000,0.0000,0.0000,0.0000,0.0000,0.0000,0.0000,0.0000,0.0000,0.0000,0.0000,0.0000,0.0000,0.0000,0.0000,0.0000,0.0000,0.0000,0.0000,0.0000,0.0000,0.0000,0.0000,0.0000,0.0000,0.0000,0.0000,0.0000,0.0000,0.0000,0.0000,0.0000,0.0000,0.0000,0.0000,0.0000,0.0000,0.0000,0.0000,0.0000,0.0000,0.0000,0.0000,0.0000,0.0000,0.0000,0.0000,0.0000,0.0000,0.0000,0.0000,0.0000,0.0000,0.0000,0.0000,0.0000,0.0000,0.0000,0.0000,0.0000,0.0000,0.0000,0.0000,0.0000,0.0000,0.0000,0.0000,0.0000,0.0000,0.0000,0.0000,0.0000,0.0000,0.0000,0.0000,0.0000,0.0000,0.0000,0.0000,0.0000,0.0000,0.0000,0.0000,0.0000,0.0000,0.0000,0.0000,0.0000,0.0000,0.0000,0.0000,0.0000,0.0000,0.0000,0.0000,0.0000,0.0000,0.0000,0.0000,0.0000,0.0000,0.0000,0.0000,0.0000,0.0000,0.0000,0.0000,0.0000,0.0000,0.0000,0.0000,0.0000,0.0000,0.0000,0.0000,0.0000,0.0000,0.0000,0.0000,0.0000,0.0000,0.0000,0.0000,0.0000,0.0000,0.0000,0.0000,0.0000,0.0000,0.0000,0.0000,0.0000,0.0000,0.0000,0.0000,0.0000,0.0000,0.0000,0.0000,0.0000,0.0000,0.0000,0.0000,0.0000,0.0000,0.0000,0.0000,0.0000,0.0000,0.0000,0.0000,0.0000,0.0000,0.0000,0.0000,0.0000,0.0000,0.0000,0.0000,0.0000,0.0000,0.0000,0.0000,0.0000,0.0000,0.0000,0.0000,0.0000,0.0000,0.0000,0.0000,0.0000,0.0000,0.0000,0.0000,0.0000,0.0000,0.0000,0.0000,0.0000,0.0000,0.0000,0.0000,0.0000,0.0000,0.0000,0.0000,0.0000,0.0000,0.0000,0.0000,0.0000,0.0000,0.0000,0.0000,0.0000,0.0000,0.0000,0.0000,0.0000,0.0000,0.0000,0.0000,0.0000,0.0000,0.0000,0.0000,0.0000,0.0000,0.0000,0.0000,0.0000,0.0000,0.0000,0.0000,0.0000,0.0000,0.0000,0.0000,0.0000,0.0000
22,0.0000,0.0000,0.0000,0.0000,0.0000,0.0000,0.0000,0.0000,0.0000,0.0000,0.0000,0.0000,0.0000,0.0000,0.0000,0.0000,0.0000,0.0000,0.0000,0.0000,0.0000,0.0000,0.0000,0.0000,0.0000,0.0000,0.0000,0.0000,0.0000,0.0000,0.0000,0.0000,0.0000,0.0000,0.0000,0.0000,0.0000,0.0000,0.0000,0.0000,0.0000,0.0000,0.0000,0.0000,0.0000,0.0000,0.0000,0.0000,0.0000,0.0000,0.0000,0.0000,0.0000,0.0000,0.0000,0.0000,0.0000,0.0000,0.0000,0.0000,0.0000,0.0000,0.0000,0.0000,0.0000,0.0000,0.0000,0.0000,0.0000,0.0000,0.0000,0.0000,0.0000,0.0000,0.0000,0.0000,0.0000,0.0000,0.0000,0.0000,0.0000,0.0000,0.0000,0.0000,0.0000,0.0000,0.0000,0.0000,0.0000,0.0000,0.0000,0.0000,0.0000,0.0000,0.0000,0.0000,0.0000,0.0000,0.0000,0.0000,0.0000,0.0000,0.0000,0.0000,0.0000,0.0000,0.0000,0.0000,0.0000,0.0000,0.0000,0.0000,0.0000,0.0000,0.0000,0.0000,0.0000,0.0000,0.0000,0.0000,0.0000,0.0000,0.0000,0.0000,0.0000,0.0000,0.0000,0.0000,0.0000,0.0000,0.0000,0.0000,0.0000,0.0000,0.0000,0.0000,0.0000,0.0000,0.0000,0.0000,0.0000,0.0000,0.0000,0.0000,0.0000,0.0000,0.0000,0.0000,0.0000,0.0000,0.0000,0.0000,0.0000,0.0000,0.0000,0.0000,0.0000,0.0000,0.0000,0.0000,0.0000,0.0000,0.0000,0.0000,0.0000,0.0000,0.0000,0.0000,0.0000,0.0000,0.0000,0.0000,0.0000,0.0000,0.0000,0.0000,0.0000,0.0000,0.0000,0.0000,0.0000,0.0000,0.0000,0.0000,0.0000,0.0000,0.0000,0.0000,0.0000,0.0000,0.0000,0.0000,0.0000,0.0000,0.0000,0.0000,0.0000,0.0000,0.0000,0.0000,0.0000,0.0000,0.0000,0.0000,0.0000,0.0000,0.0000,0.0000,0.0000,0.0000,0.0000,0.0000,0.0000,0.0000,0.0000,0.0000,0.0000,0.0000,0.0000,0.0000,0.0000,0.0000,0.0000,0.0000,0.0000,0.0000,0.0000,0.0000,0.0000,0.0000,0.0000,0.0000,0.0000,0.0000,0.0000,0.0000,0.0000,0.0000,0.0000,0.0000,0.0000,0.0000,0.0000,0.0000,0.0000,0.0000,0.0000,0.0000,0.0000,0.0000,0.0000,0.0000,0.0000,0.0000,0.0000,0.0000,0.0000,0.0000,0.0000,0.0000,0.0000,0.0000,0.0000,0.0000,0.0000,0.0000,0.0000,0.0000,0.0000,0.0000,0.0000,0.0000,0.0000,0.0000,0.0000,0.0000,0.0000,0.0000,0.0000,0.0000,0.0000,0.0000,0.0000,0.0000,0.0000,0.0000,0.0000,0.0000,0.0000,0.0000,0.0000,0.0000,0.0000,0.0000,0.0000,0.0000,0.0000,0.0000,0.0000,0.0000,0.0000,0.0000,0.0000,0.0000,0.0000,0.0000,0.0000,0.0000,0.0000,0.0000,0.0000,0.0000,0.0000,0.0000,0.0000,0.0000,0.0000,0.0000,0.0000,0.0000,0.0000,0.0000,0.0000,0.0000,0.0000,0.0000,0.0000,0.0000,0.0000,0.0000,0.0000,0.0000,0.0000,0.0000,0.0000,0.0000,0.0000,0.0000,0.0000,0.0000,0.0000,0.0000,0.0000,0.0000,0.0000,0.0000,0.0000,0.0000,0.0000,0.0000,0.0000,0.0000,0.0000,0.0000,0.0000,0.0000,0.0000,0.0000,0.0000,0.0000,0.0000,0.0000,0.0000,0.0000,0.0000
23,0.0000,0.0000,0.0000,0.0000,0.0000,0.0000,0.0000,0.0000,0.0000,0.0000,0.0000,0.0000,0.0000,0.0000,0.0000,0.0000,0.0000,0.0000,0.0000,0.0000,0.0000,0.0000,0.0000,0.0000,0.0000,0.0000,0.0000,0.0000,0.0000,0.0000,0.0000,0.0000,0.0000,0.0000,0.0000,0.0000,0.0000,0.0000,0.0000,0.0000,0.0000,0.0000,0.0000,0.0000,0.0000,0.0000,0.0000,0.0000,0.0000,0.0000,0.0000,0.0000,0.0000,0.0000,0.0000,0.0000,0.0000,0.0000,0.0000,0.0000,0.0000,0.0000,0.0000,0.0000,0.0000,0.0000,0.0000,0.0000,0.0000,0.0000,0.0000,0.0000,0.0000,0.0000,0.0000,0.0000,0.0000,0.0000,0.0000,0.0000,0.0000,0.0000,0.0000,0.0000,0.0000,0.0000,0.0000,0.0000,0.0000,0.0000,0.0000,0.0000,0.0000,0.0000,0.0000,0.0000,0.0000,0.0000,0.0000,0.0000,0.0000,0.0000,0.0000,0.0000,0.0000,0.0000,0.0000,0.0000,0.0000,0.0000,0.0000,0.0000,0.0000,0.0000,0.0000,0.0000,0.0000,0.0000,0.0000,0.0000,0.0000,0.0000,0.0000,0.0000,0.0000,0.0000,0.0000,0.0000,0.0000,0.0000,0.0000,0.0000,0.0000,0.0000,0.0000,0.0000,0.0000,0.0000,0.0000,0.0000,0.0000,0.0000,0.0000,0.0000,0.0000,0.0000,0.0000,0.0000,0.0000,0.0000,0.0000,0.0000,0.0000,0.0000,0.0000,0.0000,0.0000,0.0000,0.0000,0.0000,0.0000,0.0000,0.0000,0.0000,0.0000,0.0000,0.0000,0.0000,0.0000,0.0000,0.0000,0.0000,0.0000,0.0000,0.0000,0.0000,0.0000,0.0000,0.0000,0.0000,0.0000,0.0000,0.0000,0.0000,0.0000,0.0000,0.0000,0.0000,0.0000,0.0000,0.0000,0.0000,0.0000,0.0000,0.0000,0.0000,0.0000,0.0000,0.0000,0.0000,0.0000,0.0000,0.0000,0.0000,0.0000,0.0000,0.0000,0.0000,0.0000,0.0000,0.0000,0.0000,0.0000,0.0000,0.0000,0.0000,0.0000,0.0000,0.0000,0.0000,0.0000,0.0000,0.0000,0.0000,0.0000,0.0000,0.0000,0.0000,0.0000,0.0000,0.0000,0.0000,0.0000,0.0000,0.0000,0.0000,0.0000,0.0000,0.0000,0.0000,0.0000,0.0000,0.0000,0.0000,0.0000,0.0000,0.0000,0.0000,0.0000,0.0000,0.0000,0.0000,0.0000,0.0000,0.0000,0.0000,0.0000,0.0000,0.0000,0.0000,0.0000,0.0000,0.0000,0.0000,0.0000,0.0000,0.0000,0.0000,0.0000,0.0000,0.0000,0.0000,0.0000,0.0000,0.0000,0.0000,0.0000,0.0000,0.0000,0.0000,0.0000,0.0000,0.0000,0.0000,0.0000,0.0000,0.0000,0.0000,0.0000,0.0000,0.0000,0.0000,0.0000,0.0000,0.0000,0.0000,0.0000,0.0000,0.0000,0.0000,0.0000,0.0000,0.0000,0.0000,0.0000,0.0000,0.0000,0.0000,0.0000,0.0000,0.0000,0.0000,0.0000,0.0000,0.0000,0.0000,0.0000,0.0000,0.0000,0.0000,0.0000,0.0000,0.0000,0.0000,0.0000,0.0000,0.0000,0.0000,0.0000,0.0000,0.0000,0.0000,0.0000,0.0000,0.0000,0.0000,0.0000,0.0000,0.0000,0.0000,0.0000,0.0000,0.0000,0.0000,0.0000,0.0000,0.0000,0.0000,0.0000,0.0000,0.0000,0.0000,0.0000,0.0000,0.0000,0.0000,0.0000,0.0000,0.0000,0.0000,0.0000,0.0000,0.0000,0.0000,0.0000
