48.95,26.45,9.208,34.792,40.417,41.667,36.75,21.05,5.1,23.643,9.15,26.2,18.75,15.25,19.833,23.917,27.969,13.139,13.139,16.0
61.8,52.2,14.125,17.409,50.727,39.5,52.4,50.625,17.917,39.167,48.2,24.2,14.036,20.719,27.75,20.914,19.75,30.719,28.531,28.585
72.667,27.4,38.048,62.125,53.417,62.458,57.5,58.917,31.364,53.0,30.0,44.562,19.821,33.964,24.611,12.472,22.219,32.286,27.273,43.116
29.786,45.45,40.458,47.55,16.818,74.25,80.143,28.2,68.688,42.438,21.8,53.3,50.429,43.667,30.944,24.583,39.25,36.167,39.719,31.818
83.789,49.833,19.583,33.25,40.35,74.85,66.053,64.375,67.125,51.417,45.412,60.889,48.72,45.469,33.028,18.029,27.625,41.531,25.806,33.182
83.9,52.292,32.45,49.864,33.318,63.125,22.7,38.35,49.125,24.889,51.4,52.5,30.458,31.594,31.133,22.735,11.552,44.25,25.528,21.386
75.0,45.667,44.722,19.091,34.625,65.042,62.7,40.4,48.625,50.368,60.625,43.55,37.833,51.759,49.857,13.5,12.167,32.971,26.972,28.769
84.0,36.667,44.957,50.5,42.778,31.417,55.0,22.556,48.882,81.105,30.882,53.263,23.583,20.276,43.5,12.25,13.125,22.028,25.909,36.682
48.8,58.864,66.042,81.864,37.167,22.667,87.765,28.0,51.143,76.6,25.65,14.1,30.75,8.29,42.969,39.227,34.143,38.222,42.033,22.275
78.95,27.333,53.217,67.917,24.8,44.81,75.85,61.647,57.842,74.75,28.2,54.625,43.208,41.4,33.438,35.306,22.643,46.242,50.531,21.795
84.55,47.217,57.783,50.682,35.0,69.619,84.6,54.647,60.1,34.5,57.111,35.176,26.353,39.344,24.375,23.444,23.464,39.0,50.222,22.786
79.95,59.708,28.875,18.7,63.091,49.125,68.3,40.4,43.4,50.75,64.2,19.2,33.28,32.471,27.844,37.258,49.621,39.091,27.833,23.159
61.6,63.708,10.091,19.583,70.158,41.818,48.45,46.55,32.95,22.111,53.5,33.789,49.652,21.889,40.115,50.032,24.25,33.25,30.444,11.068
27.0,44.208,22.0,38.824,80.889,55.792,43.3,39.95,42.15,71.15,20.667,51.0,52.75,26.057,33.0,46.281,9.75,37.222,21.556,15.818
37.25,61.792,36.85,72.125,41.429,53.833,53.65,63.05,57.167,49.933,11.267,40.45,33.815,43.882,11.552,39.036,25.438,26.889,48.278,31.721
21.3,62.792,59.333,56.364,19.458,13.667,52.833,42.333,15.5,25.2,29.316,12.45,40.52,42.875,58.871,39.5,40.781,31.903,48.667,25.073
20.75,72.333,65.625,47.042,14.042,63.0,63.75,24.818,11.062,37.25,18.55,44.368,38.192,27.727,23.031,34.219,48.625,29.148,46.588,33.591
56.85,31.833,71.292,40.417,22.2,38.789,79.0,42.5,29.158,31.85,21.211,61.188,38.947,46.618,40.75,14.528,46.871,40.552,40.515,26.278
83.389,20.917,50.042,38.333,88.238,31.5,95.222,60.05,36.4,52.938,56.222,52.667,52.286,41.8,27.5,42.333,38.25,27.71,43.333,22.9
91.706,55.25,27.0,47.476,59.524,56.696,77.4,35.25,34.95,45.231,46.5,54.421,47.577,27.75,59.75,37.571,49.613,12.185,35.031,13.35
83.688,34.208,36.833,63.211,43.957,85.55,70.9,29.45,52.05,44.688,35.421,55.7,41.031,23.914,18.343,29.438,37.077,23.656,23.781,40.237
71.35,58.85,39.364,57.524,56.0,61.5,43.95,50.65,53.333,62.824,82.167,36.6,34.781,31.5,58.097,21.966,31.0,23.094,34.406,34.775
84.875,60.792,41.913,23.174,47.773,22.3,46.471,36.85,60.944,67.9,67.5,13.25,44.419,32.769,57.441,31.719,34.464,39.679,42.25,21.523
45.438,77.25,43.167,46.583,38.708,50.333,32.25,16.0,66.3,41.05,65.65,25.737,35.107,27.188,27.528,24.903,41.875,33.583,28.0,18.725
84.25,67.13,32.625,42.792,24.375,51.458,27.462,39.7,54.444,43.2,58.059,41.941,14.259,35.065,35.743,31.938,60.29,46.091,24.143,26.045
84.5,99.6,41.0,35.0,66.421,58.696,33.231,49.7,42.7,62.714,53.833,34.647,35.781,43.464,29.806,20.92,17.571,52.056,40.656,14.818
66.312,68.15,34.25,19.235,57.591,74.5,59.786,29.7,25.389,65.833,47.842,39.2,35.6,27.786,42.235,44.52,13.281,46.219,28.306,7.5
88.312,46.2,48.042,64.043,57.389,57.174,68.85,25.9,52.056,48.15,36.133,56.2,30.968,38.391,35.278,15.643,25.333,36.771,11.639,21.4
65.632,62.895,50.95,48.435,27.714,55.375,41.562,61.737,41.789,52.611,36.647,38.95,16.355,23.607,29.176,21.5,67.292,22.333,16.028,26.932
52.833,44.455,40.55,43.1,22.857,37.875,52.75,22.211,61.375,36.267,24.25,21.842,36.821,33.429,36.861,32.222,66.786,34.393,20.389,16.575
63.0,54.455,46.217,62.0,25.458,63.167,49.688,26.611,46.9,54.0,46.0,22.7,41.677,51.963,50.2,36.25,21.964,36.769,55.276,25.25
54.95,46.208,19.0,47.417,54.167,47.208,39.412,14.0,35.867,25.25,20.737,19.438,40.276,41.281,45.323,13.094,35.071,35.091,37.241,31.326
50.0,49.875,51.333,43.95,76.333,49.042,61.231,23.929,47.65,26.444,49.2,30.95,51.68,34.219,29.625,26.312,18.857,22.071,18.121,28.955
69.3,47.8,36.0,47.864,70.783,34.238,72.688,43.25,28.95,35.188,19.3,12.529,35.28,29.406,35.156,18.0,47.179,33.464,35.556,22.4
73.938,20.7,39.952,42.217,16.87,58.737,58.5,18.1,32.562,27.611,24.3,13.812,31.296,23.556,34.033,23.969,50.423,21.857,20.882,20.636
60.688,18.062,29.0,42.542,21.083,59.958,47.8,19.45,33.0,29.375,39.562,12.7,19.44,29.941,38.594,17.516,48.125,18.786,18.472,24.622
55.933,49.562,40.292,57.684,34.429,50.917,46.4,46.75,58.167,69.6,74.2,8.25,22.407,31.923,41.594,37.103,35.357,19.536,31.412,30.775
70.188,41.857,36.75,56.583,55.75,71.143,41.471,37.867,45.55,64.9,40.0,20.632,46.84,40.029,36.25,37.625,28.071,32.81,32.062,24.361
20.438,62.762,44.0,52.75,36.292,69.947,48.7,39.158,35.6,55.05,22.85,42.412,17.75,35.73,32.724,32.375,26.464,28.13,14.059,13.25
61.786,58.833,30.833,36.292,48.708,59.571,59.056,52.85,34.55,60.643,52.211,29.647,29.542,27.15,16.389,14.036,24.536,12.357,34.543,17.5
85.25,34.458,28.375,45.783,51.292,30.125,44.412,40.5,21.188,48.15,22.8,30.75,24.536,12.103,38.727,33.375,28.286,46.208,28.25,14.675
104.188,36.958,43.875,58.167,57.952,50.522,35.444,46.9,44.25,38.077,15.0,32.7,30.214,36.95,37.694,37.12,46.577,37.125,12.25,18.389
80.0,55.091,42.304,61.65,65.826,55.8,38.0,25.118,29.765,58.778,40.0,41.1,14.964,40.086,34.571,22.0,32.071,26.583,31.065,15.3
70.417,49.667,29.792,47.7,35.25,30.7,46.688,63.05,31.438,55.55,27.25,34.65,11.071,36.375,43.528,30.036,23.679,47.292,37.722,28.108
68.733,58.25,50.875,49.625,23.958,38.5,60.25,70.6,23.737,45.05,17.375,32.947,19.594,27.658,41.375,32.964,36.821,25.9,25.0,23.738
82.05,43.238,53.8,22.55,12.208,37.842,52.235,51.8,53.625,37.55,32.2,45.842,15.375,35.162,21.917,34.5,38.818,27.083,30.323,25.028
78.75,47.625,31.125,31.75,31.304,48.409,59.7,56.882,42.6,34.35,43.333,58.65,16.55,15.333,26.694,24.083,56.0,8.071,37.056,20.773
54.0,39.375,32.667,48.421,34.476,73.417,59.462,43.5,32.05,52.6,31.222,52.562,21.96,29.513,42.414,22.5,22.458,7.083,29.543,11.364
52.5,39.917,41.875,67.111,38.227,40.0,55.4,25.8,39.75,47.167,31.15,45.684,13.034,28.697,43.267,40.929,47.964,26.156,24.222,24.8
26.688,38.042,38.917,55.15,85.652,48.083,24.7,55.3,43.444,48.111,18.444,47.55,19.833,33.667,37.515,28.333,51.857,14.219,22.156,13.184
11.333,37.053,30.208,23.688,27.833,38.708,52.45,58.25,38.75,21.7,18.55,30.8,29.469,21.05,34.562,38.179,45.143,7.656,19.375,11.477
68.0,45.0,37.043,25.632,32.083,60.286,66.05,54.889,41.944,41.05,36.45,39.25,31.258,18.971,23.083,25.25,34.607,18.472,30.759,4.73
59.188,51.524,18.056,45.2,20.333,55.222,68.6,60.2,43.5,11.1,52.632,34.75,29.562,18.824,30.278,18.036,37.0,26.472,25.833,14.439
51.625,37.625,46.583,27.4,10.889,57.591,46.292,66.059,40.45,27.294,24.0,40.765,32.419,30.175,23.389,20.538,22.56,27.056,37.536,18.705
58.812,26.042,42.417,54.75,14.304,45.708,45.13,36.4,20.3,56.0,37.824,27.133,27.75,11.923,27.083,38.821,41.542,28.167,31.857,10.977
68.812,22.95,48.565,66.042,47.409,67.864,31.208,32.7,52.05,57.143,62.579,39.471,39.111,14.029,30.375,18.714,48.172,33.083,16.714,24.093
63.8,49.7,35.5,64.542,62.375,19.391,10.25,48.45,44.316,51.15,54.737,30.25,30.639,13.129,24.844,19.357,40.125,13.222,17.906,22.386
12.05,38.2,38.083,61.364,50.81,19.333,59.9,54.25,33.895,57.0,49.65,22.9,29.939,19.222,24.118,27.781,25.5,30.091,32.969,21.7
50.708,46.65,18.958,55.2,42.667,29.435,51.5,52.368,56.1,40.188,24.0,22.067,42.281,37.194,29.139,19.812,15.438,24.0,27.467,21.85
58.75,37.55,19.333,46.667,28.25,35.9,37.0,52.8,35.5,13.688,18.35,28.188,37.559,36.176,33.0,20.643,25.188,26.464,20.571,19.282
67.375,18.583,18.583,33.708,70.478,43.792,37.652,51.05,37.0,38.6,52.733,47.7,36.03,12.889,19.607,29.75,34.781,17.028,26.179,16.744
69.8,18.944,21.565,41.429,49.333,17.864,54.958,51.95,22.421,49.818,63.056,45.667,41.355,15.788,25.778,36.208,26.267,16.939,28.281,14.3
70.478,22.5,35.458,44.941,33.174,60.167,51.043,16.65,18.1,58.375,42.444,40.333,31.222,45.071,18.567,32.464,30.781,25.083,16.036,23.275
45.833,21.889,36.5,49.143,27.952,45.208,37.333,61.529,26.647,51.643,56.167,30.3,13.472,39.812,15.219,15.875,12.935,18.083,27.167,20.562
31.458,43.273,31.048,47.0,51.545,20.375,52.083,49.923,25.8,54.4,76.05,18.167,30.657,41.323,25.222,30.286,18.594,23.343,19.583,28.875
90.708,34.333,33.263,48.045,35.0,13.857,42.591,52.105,16.059,44.25,36.35,27.182,38.52,32.25,23.222,30.929,18.355,23.0,19.036,25.677
45.625,31.5,38.19,38.8,35.833,12.15,58.167,52.7,27.9,28.25,30.25,25.889,30.379,30.914,16.694,22.464,14.774,20.75,35.821,18.278
60.542,38.75,32.625,25.0,14.842,17.789,41.042,43.55,44.2,39.4,21.85,22.4,30.103,23.375,15.222,27.577,8.75,34.625,22.069,16.975
42.3,45.9,11.167,51.8,24.174,52.292,55.708,62.45,8.8,32.688,20.4,12.286,31.632,11.944,12.114,20.714,11.0,28.25,26.438,13.6
51.45,24.9,38.727,49.8,41.609,32.917,54.917,36.95,20.643,38.25,22.25,40.5,27.75,13.528,8.278,16.964,8.583,23.694,16.281,19.344
35.6,52.75,28.5,40.0,44.773,36.208,38.792,42.944,43.0,36.556,49.45,32.75,19.821,13.968,32.75,8.409,10.926,14.25,18.722,21.75
29.4,40.8,35.875,38.35,44.316,15.208,45.318,40.9,43.562,48.632,51.15,26.05,26.8,31.31,32.969,11.741,30.643,24.824,28.156,17.028
34.75,27.474,29.875,57.1,40.318,28.273,29.95,41.45,26.35,33.45,14.6,28.737,30.595,23.966,24.324,14.857,28.107,27.0,32.697,18.526
25.45,28.062,42.125,19.6,31.833,19.4,46.125,39.0,30.812,21.526,15.0,24.294,27.029,39.75,25.278,14.75,37.333,28.719,20.281,19.306
22.611,36.3,35.0,19.65,42.955,15.167,38.792,54.25,34.25,19.3,16.0,29.8,32.938,21.306,9.114,13.444,32.571,30.0,29.833,20.225
25.188,12.35,21.917,38.55,62.85,14.833,37.478,22.55,20.9,16.562,41.105,39.842,35.5,9.167,16.171,26.5,37.742,26.343,22.5,20.525
37.875,21.9,30.125,25.909,53.4,29.182,36.833,31.85,9.579,34.176,47.688,41.062,28.222,16.056,10.528,20.24,28.214,25.343,15.056,11.075
43.45,37.696,32.625,33.435,43.583,46.917,12.458,34.0,22.071,34.2,11.722,36.7,20.767,27.167,26.611,24.958,18.28,17.25,14.833,16.45
21.765,42.75,24.895,50.304,37.524,30.292,27.667,38.167,42.85,21.65,11.65,24.25,14.938,27.806,31.417,30.062,13.583,16.306,22.333,14.917
19.9,31.083,27.25,57.958,18.792,34.458,22.125,50.05,33.05,28.3,20.15,24.3,15.074,24.706,29.611,26.094,21.071,19.0,29.594,19.875
19.25,37.458,21.0,45.875,9.35,40.5,38.348,34.333,26.25,23.75,41.882,32.188,24.964,8.774,25.833,17.062,29.786,17.694,27.0,15.111
42.6,46.25,32.042,28.208,38.947,42.652,30.19,33.062,22.55,35.688,35.778,31.267,16.394,5.0,19.344,20.793,34.036,28.533,23.115,11.625
45.5,36.125,16.625,40.238,50.55,28.958,46.792,33.65,13.375,41.0,23.55,40.15,28.059,14.833,24.643,30.281,19.68,31.094,21.481,9.875
43.0,30.083,23.19,21.95,47.375,23.5,31.25,26.0,13.692,30.938,29.5,40.062,27.656,25.606,28.667,28.276,11.821,18.914,20.781,16.59
33.9,42.625,35.667,34.8,46.292,22.292,22.458,36.733,30.235,23.562,36.737,33.5,17.59,32.222,24.333,16.778,7.714,15.438,23.594,14.694
24.7,28.417,34.696,44.417,41.526,28.65,31.292,31.947,31.667,26.25,31.474,21.3,26.105,32.971,17.833,19.8,10.393,20.531,24.346,17.611
38.4,21.3,24.667,30.091,37.333,45.211,35.95,39.6,26.143,20.812,21.75,39.842,25.278,17.889,25.032,28.222,11.68,14.312,15.972,19.556
31.9,27.8,18.958,46.208,21.208,61.688,37.458,36.85,35.1,26.0,37.688,30.053,25.531,15.667,17.375,16.281,21.5,13.963,13.389,22.414
39.2,28.292,19.708,27.375,30.435,37.083,37.125,37.812,29.0,30.364,21.294,34.947,25.8,15.472,16.643,20.0,15.478,22.5,10.969,18.917
45.85,49.417,10.333,67.25,35.957,33.625,31.688,26.8,25.867,48.467,24.786,30.765,27.139,13.333,29.069,28.306,24.083,29.719,9.844,13.917
43.6,34.208,27.167,92.125,52.429,32.688,31.708,20.3,24.125,29.636,16.176,32.706,22.833,24.556,27.667,25.778,14.562,9.167,10.438,13.059
36.333,42.25,29.5,82.375,52.5,46.125,25.55,27.444,36.778,38.231,11.9,19.65,8.447,19.71,29.515,27.472,9.214,5.611,16.344,23.485
25.3,46.625,42.889,48.125,26.571,32.0,26.3,37.267,29.188,24.474,29.333,18.85,10.737,12.167,24.167,15.611,20.893,19.472,13.062,16.121
61.636,60.9,32.688,49.5,53.667,38.227,28.19,38.294,33.312,30.05,18.0,25.188,14.382,28.314,15.806,10.167,24.407,12.792,14.906,15.094
16.375,55.167,30.789,37.208,23.25,36.375,44.095,19.688,24.176,24.842,33.706,21.75,22.6,31.0,14.194,20.25,29.857,28.656,14.742,13.714
54.125,32.909,27.696,32.333,39.867,36.85,40.75,17.938,31.4,22.7,34.688,28.333,33.65,19.516,8.167,22.722,34.571,30.25,22.69,12.472
19.737,34.25,16.429,39.125,23.208,44.5,38.917,23.062,22.7,53.684,33.75,32.125,8.692,17.469,22.667,36.5,28.571,29.393,21.0,10.222
29.2,30.708,18.391,42.278,27.6,47.0,16.792,11.938,23.0,29.85,38.842,26.375,17.359,20.259,13.056,31.139,41.083,23.086,12.406,18.909
15.143,40.696,31.043,40.458,29.833,47.292,29.875,17.35,32.722,28.526,23.4,31.25,17.7,17.038,18.306,26.361,28.29,15.061,13.469,17.125
11.125,40.417,27.75,69.5,12.083,20.542,29.0,21.7,36.0,23.111,30.0,23.1,25.743,22.583,30.419,26.694,26.167,24.656,12.933,21.361
29.118,30.042,37.476,44.4,14.042,40.615,34.85,39.25,42.6,17.9,20.737,25.688,24.692,17.667,27.083,23.278,16.667,20.167,20.429,12.417
28.533,28.15,38.0,39.05,7.958,45.45,32.333,22.0,15.643,18.05,32.2,32.579,24.938,19.485,22.861,18.194,23.528,14.344,16.0,11.793
33.188,33.4,30.458,30.3,13.545,49.75,20.042,15.0,22.55,29.118,15.316,36.947,22.744,9.889,18.281,25.375,22.278,16.375,13.536,10.5
26.684,24.304,21.333,45.348,39.238,36.952,14.0,40.25,9.5,33.615,25.05,32.35,21.595,9.225,24.219,18.0,20.0,11.531,8.37,15.583
40.9,25.812,29.478,45.875,52.174,51.25,22.95,31.75,21.0,23.467,24.85,30.1,26.225,21.067,16.966,22.885,15.862,11.893,14.5,23.364
27.6,41.562,29.833,38.1,27.087,53.292,18.25,36.875,44.65,20.722,34.882,22.4,14.564,25.694,19.639,30.75,18.469,11.107,21.68,18.5
27.8,44.167,37.792,34.25,42.5,37.208,33.952,46.938,36.176,29.938,38.65,25.15,22.825,32.25,14.056,28.583,13.594,17.679,18.917,16.861
27.125,15.917,46.19,14.55,27.833,41.318,34.263,28.688,36.421,32.7,28.95,36.0,15.091,24.0,15.414,26.194,15.688,17.548,15.594,9.833
47.083,30.958,35.5,19.15,29.042,44.059,29.0,44.909,41.182,28.9,37.3,38.5,35.45,19.85,18.639,9.806,28.0,20.722,16.759,7.444
40.708,32.364,32.95,21.75,48.333,33.706,34.083,37.071,32.211,19.929,38.385,32.526,27.676,23.205,15.514,31.414,24.828,20.361,21.406,13.889
30.083,28.125,23.05,41.739,47.682,38.2,35.174,25.1,17.25,29.7,42.529,25.15,22.556,16.579,20.909,23.083,33.048,19.786,17.219,10.333
8.4,29.45,41.25,44.316,45.043,35.167,28.1,22.15,30.562,34.35,60.529,15.75,15.95,24.925,20.25,26.655,18.429,17.25,12.875,15.889
24.0,38.5,32.75,45.045,32.2,33.875,21.45,30.684,31.462,28.4,45.8,17.9,10.231,22.455,32.6,26.962,20.862,10.6,25.906,21.139
20.042,26.583,25.933,46.211,30.913,25.524,27.15,43.55,31.263,26.375,30.9,16.2,21.515,24.132,29.25,17.182,42.903,23.406,24.806,20.531
29.917,20.913,34.85,50.682,38.042,20.542,43.083,24.4,38.2,27.1,13.25,17.55,22.417,21.722,27.519,17.528,7.969,16.265,22.033,22.25
42.167,33.25,28.417,43.417,30.25,23.0,31.5,32.842,41.778,21.947,20.188,25.947,13.917,33.25,21.375,14.306,30.0,18.429,26.457,17.161
33.0,42.875,19.917,34.458,33.955,43.391,39.417,54.083,29.65,30.263,20.6,34.45,27.184,28.275,8.312,19.389,16.727,35.028,21.083,23.222
39.55,50.083,16.636,54.478,21.667,42.292,41.792,59.8,19.632,23.9,26.056,19.45,35.056,14.243,18.043,37.0,18.812,14.639,20.278,16.353
34.333,31.833,33.042,62.048,63.952,31.864,27.458,21.105,19.312,37.05,20.632,36.889,35.917,23.649,22.821,35.4,25.944,7.833,16.583,23.065
39.208,52.875,33.875,51.458,37.476,42.958,25.833,36.944,46.0,30.95,22.875,24.375,23.083,12.825,31.889,22.057,8.848,16.667,23.111,22.889
24.208,35.188,18.048,37.708,44.7,29.917,22.583,22.1,39.333,26.0,16.062,16.375,28.379,19.0,17.758,15.306,20.25,17.75,13.028,18.111
30.833,56.0,25.273,34.167,29.125,28.708,35.833,32.5,22.5,24.0,28.0,30.4,17.594,28.0,22.903,24.812,21.806,29.778,23.083,18.556
41.0,58.778,29.286,37.333,16.833,23.3,34.95,26.722,26.778,15.2,36.125,14.75,28.483,28.385,24.636,16.562,29.029,24.306,15.5,17.257
29.333,43.95,20.042,32.292,55.333,45.632,39.35,30.0,24.7,24.45,31.25,41.15,29.944,17.925,20.389,20.0,32.806,20.156,26.241,17.152
47.1,51.75,13.75,37.583,63.417,33.875,34.6,30.15,11.85,26.25,31.375,36.375,26.875,16.575,26.833,22.607,26.308,23.972,10.694,10.917
52.25,26.25,28.565,39.208,67.875,48.421,36.4,22.8,36.062,23.368,44.812,32.6,20.556,30.229,22.517,28.031,24.667,21.417,13.031,11.556
43.167,39.15,29.619,43.421,59.087,32.75,25.9,34.938,29.357,25.526,43.933,29.15,18.857,26.125,54.88,31.156,23.061,15.056,16.552,17.281
25.542,33.25,32.0,46.81,52.739,25.5,34.5,23.929,42.917,26.75,44.125,18.375,27.306,21.973,29.52,25.2,15.333,18.062,25.393,9.897
38.917,23.25,27.667,54.708,41.375,39.955,40.667,39.25,19.733,31.5,23.417,33.75,26.667,28.667,33.562,25.472,15.028,31.594,17.844,8.333
36.208,31.708,28.208,49.042,35.0,29.125,35.81,29.45,47.789,17.55,39.889,26.625,25.312,27.368,21.028,15.944,22.25,28.719,20.688,9.514
35.667,37.417,37.05,25.083,39.208,37.739,14.545,25.5,37.3,19.778,32.455,31.533,22.226,24.872,16.5,24.545,19.861,22.833,20.929,14.222
39.083,26.05,20.85,27.417,42.652,35.278,29.913,21.4,17.35,23.188,39.273,29.0,22.152,18.278,26.333,17.25,24.694,27.571,16.438,14.278
47.583,23.4,23.0,34.682,41.611,45.778,30.5,20.632,34.056,27.812,36.375,35.125,21.944,18.889,29.406,34.306,26.094,19.781,12.438,23.231
33.8,39.542,17.261,40.111,32.833,40.478,21.7,25.222,23.25,32.4,34.375,35.0,12.333,23.594,14.206,21.781,15.531,15.179,21.031,28.333
12.625,30.083,46.75,32.375,35.421,27.2,16.75,29.895,29.0,28.421,35.083,23.615,12.938,27.475,15.194,28.088,18.344,22.467,18.607,18.438
11.25,21.545,38.842,42.174,23.75,33.348,20.85,28.95,17.706,26.05,20.1,18.077,19.25,29.5,31.5,24.472,17.281,19.625,22.179,21.562
29.348,29.35,42.917,27.833,26.333,28.235,35.739,36.118,33.25,9.8,49.444,26.625,21.278,23.275,30.686,18.931,14.657,17.694,16.643,19.312
38.304,35.792,19.667,20.333,40.833,35.909,23.458,36.45,36.889,22.333,42.0,21.0,30.781,25.325,21.639,23.067,23.562,20.629,20.643,13.938
35.6,39.625,18.333,36.609,29.727,32.389,37.7,38.25,22.2,23.0,33.778,23.5,21.556,15.205,30.875,28.968,24.143,20.333,13.786,9.278
36.917,27.375,29.217,33.333,25.333,27.958,26.625,32.95,26.55,43.15,38.5,28.421,25.972,26.618,36.914,20.208,25.903,17.972,14.821,14.267
26.917,26.625,40.739,22.167,43.684,25.708,20.083,25.706,34.056,29.368,29.929,24.7,19.083,21.107,31.531,31.375,29.875,12.125,23.0,17.655
18.167,18.458,38.292,26.167,43.944,22.708,31.348,32.176,30.333,23.6,33.75,18.312,12.323,23.371,25.611,22.968,18.219,17.3,18.607,18.148
22.85,21.667,33.917,21.042,28.125,36.217,33.619,37.611,20.6,27.05,24.0,24.056,15.636,27.121,24.406,27.594,14.969,20.786,24.55,19.92
34.474,40.864,36.591,35.625,16.625,31.13,28.375,32.85,29.0,17.2,28.25,36.125,22.182,24.606,19.375,18.143,14.107,12.571,24.31,18.625
41.955,23.667,26.625,25.958,43.545,40.421,30.217,42.05,31.85,30.316,26.438,28.062,25.5,15.833,19.5,24.538,30.219,27.36,15.367,14.938
29.833,17.95,14.667,44.056,31.75,37.7,31.708,22.3,18.158,27.8,35.0,27.706,24.833,16.278,23.862,19.462,24.143,22.76,13.406,8.812
31.0,16.05,21.727,24.65,28.261,46.722,28.125,19.95,28.188,32.05,23.438,33.176,29.314,28.114,27.333,27.375,22.536,14.857,12.375,18.419
30.375,33.25,26.458,22.2,37.864,37.0,19.083,20.737,28.3,29.667,44.812,26.0,12.222,26.914,29.75,27.143,26.656,16.542,18.32,13.643
20.35,30.0,25.333,20.3,31.261,29.944,30.333,25.0,16.632,36.0,26.812,16.0,24.083,25.405,28.464,30.032,21.406,14.125,13.793,16.607
26.05,33.1,30.143,36.095,19.458,27.842,47.571,27.647,17.579,22.6,25.0,25.55,30.759,16.5,24.419,22.722,17.812,16.75,26.481,16.083
45.318,29.417,24.917,28.235,23.429,29.95,25.478,14.882,22.9,17.7,39.846,14.95,24.333,13.486,17.517,15.778,27.594,18.679,17.933,9.87
36.333,22.917,45.85,28.2,25.474,26.85,28.158,31.65,24.3,31.083,38.125,16.737,24.029,14.528,8.968,22.472,28.094,17.312,21.094,8.719
34.833,28.125,28.667,38.2,27.294,33.9,28.167,25.6,13.45,33.357,32.25,23.111,19.806,7.9,15.656,29.472,34.393,13.625,8.938,6.062
25.917,16.958,38.55,38.789,36.792,41.95,38.2,21.35,14.9,26.474,31.857,27.938,28.667,11.289,11.812,25.743,26.783,21.286,7.419,12.281
17.667,35.05,36.923,42.438,31.083,26.458,23.25,34.765,19.667,21.75,32.6,20.632,16.028,22.703,12.167,22.886,31.062,16.929,11.194,20.519
21.167,24.455,36.65,39.25,29.5,23.667,21.625,39.4,29.35,19.588,26.0,11.95,24.909,24.45,12.688,29.057,22.719,16.84,25.154,13.679
35.917,42.125,20.158,34.765,25.85,32.227,29.4,35.1,26.5,24.75,20.875,18.211,28.906,27.975,11.821,20.694,13.562,24.483,19.607,20.625
20.0,42.913,23.667,34.312,18.25,33.667,21.526,26.75,24.429,18.9,27.357,30.875,22.343,27.361,12.139,15.719,30.75,30.5,20.097,21.839
23.958,37.3,33.2,24.9,15.8,36.217,26.65,30.0,31.35,30.4,27.0,29.0,22.5,21.825,13.514,20.344,27.679,15.065,16.875,15.778
38.348,30.5,14.125,48.471,15.7,32.773,35.778,29.65,24.05,29.167,33.235,30.923,25.143,15.308,29.667,22.531,30.793,19.75,18.031,8.528
38.842,20.688,40.562,53.562,41.227,47.273,35.75,18.1,29.474,31.8,31.1,30.111,22.949,27.162,19.879,28.281,30.625,34.062,14.344,9.156
44.6,35.053,33.0,42.435,42.318,29.542,23.15,31.35,15.909,18.4,29.778,25.45,16.15,31.914,23.429,28.389,29.577,13.219,18.464,8.389
27.417,18.75,27.438,47.0,36.625,19.417,38.125,24.158,20.35,37.833,17.9,19.2,24.925,22.97,26.125,26.0,31.389,14.6,27.029,20.281
22.75,33.458,42.938,34.522,37.917,39.739,27.4,26.474,29.579,26.842,13.737,28.85,15.618,27.846,19.083,22.639,15.083,17.12,18.875,12.103
24.65,41.167,30.25,36.042,21.875,18.571,23.562,27.35,22.65,20.75,21.632,24.15,21.242,32.694,22.893,12.222,21.129,11.115,21.821,15.472
33.625,35.042,24.25,33.762,37.087,19.292,39.6,50.053,32.15,24.1,25.7,27.5,21.579,32.735,16.031,18.278,24.656,14.964,23.889,15.694
38.75,14.9,22.65,34.471,29.636,23.682,38.684,28.25,20.0,25.692,22.368,26.875,16.2,19.806,23.296,17.781,8.781,17.367,18.722,11.139
34.792,13.05,20.7,24.25,32.318,24.5,35.9,22.8,38.333,36.062,21.062,25.0,15.25,21.036,18.879,25.069,15.531,15.0,10.028,14.25
39.333,19.842,30.125,26.8,34.435,23.55,20.75,31.0,31.684,19.688,15.0,19.65,14.1,22.125,21.424,20.812,21.156,12.469,19.912,15.03
27.667,32.2,26.357,30.278,38.542,18.8,32.95,35.579,24.389,17.056,16.2,17.65,23.189,18.242,24.75,20.815,15.094,11.562,14.219,21.029
27.958,26.824,15.0,38.556,37.792,12.75,27.55,41.158,28.263,19.55,14.3,11.895,34.781,14.629,24.688,20.969,9.469,11.207,20.094,20.85
28.583,33.583,15.947,25.375,24.375,17.25,35.35,39.2,28.65,12.333,19.3,16.357,24.7,21.516,19.306,22.032,10.938,13.444,25.833,17.425
27.143,43.208,14.35,19.95,30.762,17.6,28.526,40.6,23.95,29.8,17.95,9.55,20.282,12.833,14.774,27.8,12.067,16.343,18.139,15.55
20.9,25.375,18.188,32.158,36.5,20.214,19.812,44.579,15.5,19.571,28.9,26.929,21.65,15.057,26.645,22.5,19.515,16.917,17.719,12.639
30.75,16.958,44.067,28.278,30.368,21.812,13.3,23.2,36.2,34.5,20.333,32.917,21.333,24.613,31.062,15.333,24.472,13.333,14.062,24.103
24.85,27.652,29.944,26.095,41.174,24.9,9.25,38.625,21.267,34.75,15.0,29.875,14.083,26.361,29.75,25.538,37.515,14.528,26.423,25.73
21.583,22.85,45.045,17.167,36.125,17.0,15.35,37.562,31.75,25.474,17.1,17.95,12.406,19.393,29.643,19.375,20.917,19.094,23.0,21.618
29.958,27.118,46.696,16.792,20.438,17.85,17.375,27.895,24.538,22.95,17.579,22.8,15.526,24.676,30.1,35.062,17.229,21.111,19.03,10.912
21.333,32.312,54.913,24.833,22.562,21.118,14.438,29.25,28.714,19.15,23.444,14.05,29.8,24.6,17.194,18.042,17.167,20.758,18.171,11.342
28.913,42.0,33.583,25.5,30.5,22.353,15.6,29.75,25.0,25.875,12.45,11.35,19.912,24.571,16.75,25.625,12.125,22.188,24.343,12.8
45.818,28.625,25.167,44.417,40.083,26.5,32.222,33.5,20.95,22.75,20.5,22.85,32.0,18.167,16.152,21.542,17.771,16.688,19.917,11.949
26.625,25.6,43.318,51.333,20.762,31.75,31.0,20.55,26.95,25.667,21.421,14.419,28.2,25.226,17.5,24.958,24.464,20.25,13.556,14.857
23.5,28.6,44.042,43.0,22.045,24.2,27.65,37.684,30.294,30.75,22.1,18.688,18.25,21.743,24.594,28.417,23.312,14.028,16.361,22.167
22.208,27.375,42.625,56.0,31.917,21.05,29.0,36.263,32.35,27.462,19.3,12.281,23.294,16.514,21.655,37.619,25.344,17.083,18.559,18.622
25.826,25.125,54.684,50.9,24.375,33.5,35.45,36.667,46.053,20.55,15.7,28.862,24.333,23.324,13.188,23.0,19.75,21.429,25.056,21.8
30.875,26.292,40.25,48.136,21.583,17.222,40.9,26.062,40.65,14.0,30.9,22.0,28.184,21.425,11.562,15.571,29.469,24.25,11.406,21.171
32.292,28.958,40.211,32.0,30.545,26.316,36.15,28.077,31.2,27.2,30.5,15.625,24.2,8.85,19.036,28.037,19.861,19.706,13.917,13.1
31.75,24.75,27.65,34.65,16.682,17.765,16.188,28.526,24.5,36.0,34.889,20.214,19.763,11.0,28.852,30.344,25.0,13.875,11.111,10.923
29.417,19.542,25.05,43.6,39.136,23.294,18.75,22.7,23.368,33.938,31.737,33.188,19.9,28.6,24.792,25.156,21.848,14.472,12.611,18.525
18.583,41.083,54.562,38.0,26.043,38.7,14.9,34.25,22.667,23.5,25.75,24.355,12.4,21.057,19.269,19.857,27.429,16.222,20.417,20.472
14.792,29.095,32.684,26.708,30.13,22.8,26.05,27.158,23.5,12.737,15.6,21.786,13.028,20.081,32.5,23.375,14.528,25.611,17.179,18.056
20.9,28.708,44.5,26.4,15.167,25.412,26.118,20.0,27.688,17.0,15.1,13.281,24.41,16.8,28.759,12.938,20.0,29.697,26.625,25.325
18.333,32.25,33.6,25.0,15.417,25.75,29.5,25.824,25.15,7.667,30.35,17.654,25.485,20.306,19.29,11.969,19.455,28.344,19.941,22.417
25.125,33.211,40.45,20.083,30.238,16.55,32.143,23.824,30.15,24.389,19.294,16.536,17.947,21.667,13.562,27.938,32.606,20.833,17.28,15.028
31.792,34.875,43.35,30.591,27.208,30.65,32.15,27.15,21.9,20.077,20.45,19.419,22.417,15.812,20.083,28.516,21.886,16.875,23.528,13.861
33.75,19.875,36.8,37.947,23.25,19.55,32.85,18.65,30.45,25.0,23.333,20.25,28.575,18.4,22.111,26.448,26.361,15.333,15.714,21.345
30.6,28.087,38.25,35.0,25.783,15.15,14.95,16.5,19.938,26.45,20.5,17.667,16.725,20.848,28.029,24.594,24.444,12.25,19.786,11.771
18.05,30.348,43.5,30.091,41.208,12.45,15.15,36.4,28.214,35.353,18.55,13.312,21.657,19.375,30.639,22.656,20.417,25.233,19.893,21.194
29.65,23.609,37.118,21.174,24.708,19.222,25.0,20.5,29.75,25.95,11.45,23.536,28.171,19.189,33.4,24.375,15.306,21.8,21.361,20.031
24.056,24.182,44.45,39.667,28.583,27.667,17.722,34.65,38.0,18.25,14.842,21.0,29.73,20.35,20.103,15.406,17.852,24.621,22.118,18.333
19.1,27.958,39.95,29.045,21.364,37.75,11.938,33.9,27.0,27.294,17.722,14.594,26.425,18.725,19.5,25.25,11.688,19.306,18.556,17.086
27.9,34.739,18.611,41.524,37.818,33.364,18.3,29.75,8.6,26.0,15.55,22.857,17.611,16.825,18.706,22.656,10.323,25.03,13.972,9.156
24.3,14.9,24.211,43.222,33.667,23.696,18.5,21.1,18.5,25.4,18.45,28.038,20.718,23.615,18.0,23.207,16.083,18.389,15.583,17.361
21.75,23.368,31.5,39.167,37.667,16.583,20.95,27.3,47.176,27.867,25.316,27.0,13.45,15.167,12.312,26.531,17.361,15.833,22.222,16.63
15.55,22.933,37.2,40.174,33.208,16.167,28.706,30.583,29.5,33.375,25.3,12.786,23.575,21.105,20.2,28.815,11.083,29.222,16.657,17.972
18.45,32.55,37.333,30.333,25.625,28.636,15.188,31.8,33.118,21.938,33.35,16.5,23.378,21.316,28.645,28.25,16.0,34.222,19.032,19.094
24.65,31.053,42.944,23.25,10.208,31.667,34.389,36.526,28.895,17.0,35.938,23.174,30.417,22.0,19.929,15.25,18.31,20.727,22.848,19.556
26.0,27.348,39.938,22.4,20.45,38.091,21.765,42.85,32.15,31.25,19.5,20.958,27.583,23.275,15.406,23.143,23.361,21.844,23.25,15.938
26.55,36.85,26.5,43.947,26.095,29.0,27.684,27.65,26.895,23.118,21.941,27.192,28.55,16.025,15.621,22.036,25.694,25.37,18.75,12.971
22.25,31.9,46.35,47.0,47.542,33.875,31.4,17.1,31.125,43.556,30.0,18.526,17.4,25.056,26.0,23.0,24.056,21.438,13.25,18.286
34.65,30.25,41.35,32.292,39.583,27.375,16.667,27.053,23.35,24.875,18.579,18.815,15.55,21.564,15.63,17.964,24.914,14.219,19.286,18.781
19.45,34.333,37.55,38.783,41.857,24.292,29.105,31.438,26.5,26.0,30.2,6.321,27.375,20.667,25.857,20.594,14.528,14.8,20.906,21.875
19.85,18.75,38.0,45.167,31.25,35.792,36.2,33.75,31.05,23.3,23.75,13.75,22.056,22.769,26.64,22.062,18.111,21.5,11.611,20.64
22.889,21.174,63.05,65.958,20.136,45.833,28.211,23.55,27.6,11.368,22.05,11.25,27.1,17.387,15.042,17.516,19.0,18.625,10.543,23.038
15.562,34.667,42.25,36.375,30.7,46.565,31.526,38.35,21.333,17.421,20.9,22.32,22.722,19.775,13.792,27.517,19.361,18.036,13.656,18.375
14.941,34.25,30.7,38.905,29.833,21.842,36.35,28.4,18.25,24.235,17.235,15.259,21.538,12.625,15.708,26.6,22.909,22.138,15.722,14.737
20.35,18.167,34.8,53.762,37.944,23.304,26.45,21.812,21.368,24.053,25.118,29.148,24.263,23.568,20.531,19.464,15.906,19.741,11.917,25.0
18.05,25.929,38.105,45.174,23.143,21.417,21.75,15.353,26.389,24.6,23.125,22.286,12.25,24.875,21.969,26.048,11.694,8.643,15.906,29.208
18.25,30.556,36.3,34.083,33.625,25.125,30.4,28.643,23.55,39.786,37.375,10.875,19.919,22.868,21.875,25.625,18.444,13.625,17.2,25.143
25.25,25.706,26.947,42.542,27.667,27.737,26.4,28.85,25.5,26.222,15.25,25.792,19.947,22.132,37.133,24.562,11.556,11.656,20.0,21.893
19.958,25.136,23.722,33.042,21.333,35.143,15.941,41.158,37.737,19.95,20.846,21.682,17.8,23.9,25.714,19.656,19.406,9.8,18.062,25.963
25.083,32.417,38.75,26.0,33.435,32.583,33.667,27.6,23.5,16.5,34.15,20.083,15.472,13.925,9.188,20.893,30.036,18.25,23.917,9.643
17.304,27.0,21.55,32.9,25.917,37.091,50.0,19.45,18.8,26.643,23.684,15.969,19.429,12.4,14.806,16.688,25.194,22.071,20.371,13.926
25.167,18.208,37.895,40.615,34.1,51.25,45.25,24.9,22.1,16.526,36.133,22.031,24.528,19.5,14.219,10.344,24.774,16.875,17.062,18.074
23.292,40.067,41.25,31.842,34.045,27.125,25.35,11.357,24.65,24.474,10.5,21.571,14.639,11.35,14.792,15.25,26.806,12.733,27.062,24.714
21.167,28.85,43.792,29.45,23.15,13.667,26.5,14.312,37.385,26.0,14.85,12.312,15.0,13.658,22.5,22.125,21.889,19.844,24.583,20.645
38.833,27.417,37.958,27.15,18.0,38.0,30.25,20.25,38.571,32.412,17.65,17.484,8.375,17.486,21.323,18.556,18.361,21.417,17.571,21.688
37.625,27.909,40.65,27.5,14.35,23.818,32.15,16.714,39.176,20.95,19.929,20.5,25.188,20.727,16.094,16.469,17.389,16.781,25.125,20.562
24.15,36.833,38.45,20.167,27.067,19.391,38.625,25.2,29.7,25.2,20.294,24.094,24.125,12.389,14.094,20.821,13.171,26.594,20.733,18.778
25.222,37.8,32.3,32.8,23.708,21.917,24.091,26.9,25.15,21.895,22.4,20.808,11.767,11.861,27.875,22.194,19.794,20.071,15.839,15.062
28.0,27.8,32.533,35.579,35.722,19.409,36.2,20.8,38.8,29.688,29.4,21.448,25.795,14.5,25.594,22.357,10.833,14.656,11.781,11.156
24.417,34.905,23.75,43.136,37.167,17.042,24.3,37.333,47.789,24.211,23.421,20.594,12.85,22.257,23.724,29.194,16.5,8.625,18.633,13.357
17.417,28.913,37.526,57.211,42.75,17.917,24.15,29.895,31.15,18.842,21.05,11.065,22.143,26.872,18.935,30.571,24.143,13.969,15.36,19.914
38.609,15.619,17.9,26.0,28.3,18.435,34.35,18.533,32.529,22.8,10.4,13.172,32.053,22.938,20.567,24.875,17.357,13.103,10.45,20.444
42.958,14.077,16.706,35.095,23.75,16.789,19.1,27.474,22.579,16.2,17.4,21.125,37.226,14.8,16.75,17.556,21.5,15.053,18.708,18.75
23.958,16.143,25.15,19.6,35.062,31.208,39.842,22.176,32.9,21.588,34.375,24.926,23.0,13.85,16.812,21.708,22.385,15.0,18.375,23.6
31.0,27.625,14.85,25.842,35.059,34.217,38.214,25.95,26.15,18.65,32.95,21.037,25.316,7.375,20.517,12.333,26.714,31.208,18.281,19.361
23.833,20.792,31.737,39.652,29.682,26.792,29.4,19.15,34.1,30.467,18.938,24.481,23.385,16.225,17.484,10.929,24.583,21.792,11.111,27.611
26.333,34.95,40.105,31.217,34.7,35.292,21.375,11.118,44.071,23.118,26.471,16.375,15.59,9.45,18.179,17.154,32.786,15.357,19.083,23.118
20.55,32.364,21.933,39.0,26.083,18.333,23.6,22.0,46.1,19.438,25.632,12.792,17.395,15.216,18.458,19.48,20.0,19.536,19.861,16.382
34.542,40.143,16.053,36.417,32.727,34.316,17.938,24.1,20.0,30.75,20.35,15.192,17.972,13.5,18.469,16.148,11.857,22.0,27.056,18.914
16.458,34.389,26.8,27.958,23.083,43.238,27.765,17.5,33.647,22.25,25.556,20.25,21.641,23.475,13.107,12.034,22.05,19.786,18.139,19.028
24.75,27.292,28.5,16.625,24.318,44.667,31.25,21.375,21.2,28.562,16.684,18.321,20.417,19.85,11.464,28.321,24.95,21.464,20.306,16.086
22.87,38.65,10.875,27.625,28.542,36.0,21.389,23.9,17.45,27.533,26.9,24.571,19.55,10.275,17.0,26.4,19.95,21.818,20.111,12.097
22.833,22.688,18.267,31.952,29.333,34.737,26.7,14.35,27.053,29.611,21.688,25.458,16.35,18.825,26.679,27.533,19.095,15.417,15.694,14.933
26.083,24.067,34.947,30.0,36.316,28.75,10.5,34.294,29.789,31.133,14.55,22.375,12.425,20.655,24.591,27.88,19.0,12.167,23.115,12.531
16.917,32.542,29.176,44.458,44.652,14.292,19.4,32.412,38.588,37.95,15.0,23.167,23.312,17.371,29.417,30.333,14.036,20.737,24.083,19.87
30.053,18.211,32.55,39.583,34.625,23.0,23.778,35.389,18.526,34.95,12.75,15.238,27.147,18.361,25.148,21.333,11.464,25.45,23.444,19.812
14.632,32.579,40.05,44.913,21.417,19.045,20.059,27.65,19.65,27.211,36.867,21.706,29.897,21.947,14.0,13.5,26.545,26.056,18.333,16.781
19.45,28.95,37.4,32.25,35.864,22.043,38.5,25.188,14.55,28.625,23.562,30.462,18.949,31.297,7.893,24.071,23.762,15.4,17.062,17.419
26.2,44.188,27.45,42.778,17.75,27.391,44.571,28.55,13.9,28.65,23.85,35.04,24.675,24.375,10.778,26.071,21.429,16.391,17.571,14.517
28.05,15.583,26.0,36.5,15.722,38.474,25.4,14.105,32.5,36.5,35.562,28.071,20.825,28.469,13.111,25.6,19.393,16.917,16.862,24.125
29.55,10.583,42.056,35.583,20.952,48.75,23.647,17.875,42.6,28.312,29.158,29.958,9.575,35.838,23.333,25.655,30.167,11.417,19.722,19.226
23.55,27.8,33.5,34.875,23.182,34.167,27.842,19.562,35.941,44.85,26.3,14.708,14.175,12.758,19.85,27.964,25.903,17.333,21.0,16.067
39.8,16.368,37.375,56.045,19.85,38.409,17.05,22.45,38.444,29.85,10.05,18.952,17.553,11.533,21.478,28.417,11.1,30.167,25.528,16.103
25.3,20.647,31.826,41.625,18.25,34.9,25.1,26.333,35.059,23.895,11.8,19.72,26.425,16.889,23.0,16.593,19.367,31.647,24.417,15.207
31.4,15.85,26.833,15.917,46.762,46.5,8.158,24.0,32.053,41.167,14.611,25.042,36.895,23.1,10.714,24.75,17.0,26.667,26.714,12.906
27.05,22.333,16.727,16.875,45.087,40.333,17.05,14.0,34.35,32.7,14.25,35.857,22.2,10.128,11.808,25.094,21.185,18.3,18.361,10.219
26.562,13.083,16.125,10.5,43.429,19.292,21.15,11.312,25.95,12.0,8.05,13.036,13.325,15.95,6.107,12.871,14.607,15.55,13.667,9.719
14.188,15.136,49.118,32.905,17.25,21.375,21.3,30.867,13.05,31.6,14.95,16.0,12.6,27.706,13.13,27.552,8.679,8.25,21.361,19.097
13.938,30.417,38.958,37.55,29.208,21.875,32.8,47.875,16.462,29.0,21.2,12.5,24.821,16.525,18.038,30.355,15.964,14.05,25.056,15.321
26.5,16.857,31.417,41.667,35.708,20.938,17.417,29.214,17.0,17.75,9.05,23.417,14.0,15.59,21.261,19.938,11.0,11.733,22.129,18.857
37.4,28.864,36.833,28.625,20.417,16.727,20.688,17.846,22.35,16.062,20.765,17.308,13.3,26.912,21.607,12.062,12.25,16.55,18.031,22.321
13.15,20.409,21.0,21.435,32.182,18.286,66.778,26.167,20.05,31.938,30.0,18.333,12.324,18.833,11.071,18.562,14.071,18.667,24.083,13.062
13.071,12.083,11.958,50.211,33.474,31.087,47.222,39.067,14.9,19.5,30.368,16.042,23.282,13.795,11.444,11.714,11.12,15.5,16.139,10.094
21.789,15.667,22.95,24.045,28.542,53.958,46.55,34.938,20.05,17.75,27.474,22.45,18.95,26.529,10.227,16.75,23.0,21.583,9.219,21.406
28.85,24.389,18.833,28.304,37.958,36.458,15.938,29.636,13.421,14.05,17.062,20.821,10.75,20.094,11.421,15.379,30.355,9.5,19.781,19.036
23.3,18.0,40.667,44.227,38.095,39.458,20.474,51.75,14.643,19.85,15.875,19.893,12.333,16.25,13.708,15.0,22.036,19.727,18.556,24.312
13.158,32.619,31.167,37.667,26.917,29.944,20.05,29.125,20.667,16.85,13.75,27.667,15.152,16.35,11.625,21.0,17.812,22.857,17.781,24.536
14.6,21.9,35.045,44.042,21.75,14.238,30.938,15.923,22.5,16.35,17.692,22.038,20.206,12.769,10.083,15.724,12.107,24.765,21.938,16.923
25.4,31.083,32.292,15.542,50.8,32.375,38.389,23.312,40.65,19.222,17.583,37.926,26.949,24.775,6.125,26.562,16.848,16.429,13.037,15.25
32.25,24.95,25.125,23.417,42.364,24.75,25.056,33.353,27.2,27.25,27.889,26.88,24.947,14.615,9.792,24.2,17.235,17.214,15.25,10.031
44.15,18.9,43.167,29.857,21.261,27.167,34.65,21.688,44.3,27.7,26.222,15.167,24.575,29.968,18.15,17.385,14.581,13.393,10.929,20.438
47.1,26.294,42.708,35.429,43.667,25.875,25.65,13.929,30.789,33.778,25.05,12.25,17.538,20.206,18.786,18.76,16.417,8.786,12.231,19.594
32.15,36.095,36.833,28.652,48.0,17.9,25.889,19.15,40.85,36.75,15.55,11.5,24.162,20.553,19.964,14.875,16.361,13.889,11.583,14.8
53.35,41.05,35.333,23.25,20.125,17.263,30.85,40.65,30.188,32.25,9.75,19.852,12.375,33.641,23.964,29.438,13.278,14.5,11.312,14.69
56.263,21.789,28.125,27.875,9.917,18.136,14.875,40.176,39.25,19.05,20.35,18.84,19.7,31.778,19.406,25.531,29.056,17.111,12.406,17.062
59.737,31.611,27.667,12.875,14.952,17.826,23.923,47.444,33.75,17.471,19.4,35.172,30.111,28.139,15.281,27.688,27.125,11.038,16.577,14.742
56.15,36.1,13.125,29.95,22.364,35.227,22.412,43.55,20.0,52.824,18.688,33.258,28.143,21.278,18.774,19.219,18.531,9.571,21.625,11.438
56.2,14.15,22.652,48.0,27.455,34.25,24.0,22.3,39.7,42.812,23.867,34.581,21.278,14.212,14.25,32.867,17.75,27.357,19.719,9.033
39.6,31.263,42.955,54.6,43.292,28.833,25.6,26.368,18.053,17.5,34.917,41.607,16.722,24.694,28.188,29.517,16.846,13.556,24.375,16.036
17.35,26.143,41.833,42.25,27.864,29.042,42.0,20.25,16.8,31.053,34.45,23.75,11.8,29.969,16.75,29.938,8.812,26.607,17.286,12.25
25.9,45.333,23.65,29.083,22.833,44.476,52.25,14.7,14.647,28.95,25.85,28.269,16.971,23.0,23.871,10.156,13.0,15.897,23.938,19.724
41.8,30.611,28.6,27.583,27.25,28.833,25.875,13.263,41.188,19.85,37.353,16.577,20.688,20.294,33.75,13.625,15.167,12.621,20.036,20.438
41.4,33.944,35.45,24.208,51.136,32.75,41.0,27.167,27.167,30.684,22.737,24.964,18.781,27.194,17.452,18.312,15.917,16.464,17.389,12.344
35.35,29.7,12.8,40.15,49.0,32.65,37.214,43.6,25.125,24.824,14.579,21.348,14.686,11.375,31.062,16.857,22.607,14.25,20.333,13.094
32.176,24.333,22.4,45.6,36.792,21.042,30.45,24.8,13.875,27.471,16.158,13.286,16.694,15.529,12.562,19.393,11.5,16.438,12.545,19.034
44.65,34.083,42.111,35.952,41.227,15.25,8.3,40.15,21.231,36.6,46.15,16.107,18.542,20.9,19.812,14.5,21.143,18.0,21.536,25.125
41.3,17.688,54.333,43.864,42.5,18.042,9.5,52.35,48.6,24.062,39.05,16.286,38.656,29.233,32.227,15.783,24.143,13.75,20.25,16.871
53.5,20.727,29.524,14.417,58.542,17.857,41.421,49.222,21.667,12.3,28.5,27.452,36.8,38.414,27.438,16.562,18.286,15.536,17.156,15.0
32.7,31.545,37.0,15.958,27.208,26.667,38.35,37.6,20.25,12.5,40.789,16.808,25.933,31.139,15.969,12.844,30.429,26.903,16.133,19.469
19.059,37.333,43.917,13.375,45.0,59.208,46.85,39.3,22.2,35.4,39.611,16.476,25.929,27.154,8.125,15.75,30.286,35.375,14.75,17.844
23.7,40.583,27.792,33.714,40.286,52.708,35.647,21.895,16.75,37.0,32.714,44.905,27.379,21.156,10.393,28.219,26.75,24.969,14.406,5.0
62.15,39.667,32.583,35.412,37.667,43.708,38.85,22.7,19.45,32.533,29.9,26.4,20.781,26.03,14.531,31.812,18.75,28.25,9.485,16.719
46.1,61.95,53.667,22.583,53.348,20.913,17.9,34.875,54.312,42.412,40.889,22.05,12.375,19.848,11.0,26.76,15.9,14.562,14.941,14.036
34.5,45.0,45.652,42.375,52.35,31.417,16.0,26.067,67.474,43.462,39.7,17.875,40.375,17.972,13.344,16.391,14.438,14.63,19.519,17.464
27.5,49.375,45.458,54.733,42.458,25.5,46.75,24.75,27.444,43.938,22.5,13.227,32.194,23.605,10.2,10.071,10.906,13.222,22.556,24.812
22.471,20.696,38.435,37.7,33.25,42.609,44.118,45.312,40.15,27.75,36.471,30.292,17.406,28.718,9.688,15.786,16.964,15.36,22.25,22.321
51.375,15.864,39.958,34.35,39.667,78.478,43.316,47.35,46.75,44.357,37.294,46.517,42.031,14.972,15.581,30.64,17.312,45.406,24.467,25.812
56.579,18.1,27.182,26.15,43.188,34.1,39.85,21.263,39.4,32.769,36.35,51.938,38.593,11.167,31.562,35.429,24.2,29.613,21.472,13.781
64.944,15.5,53.1,32.85,46.7,25.696,21.3,17.85,18.235,12.688,20.85,24.348,16.75,23.944,26.969,42.893,14.0,28.906,11.194,30.031
56.938,19.45,38.0,51.737,30.765,21.083,44.0,18.643,15.947,25.875,23.45,23.143,21.344,26.65,35.346,37.821,16.917,18.031,15.2,20.741
32.667,24.4,37.087,27.812,42.818,17.667,39.55,37.105,50.412,39.333,27.55,21.107,34.655,18.0,28.903,10.357,12.261,26.607,25.167,24.138
56.0,41.471,34.042,60.714,37.458,32.7,46.25,44.8,50.812,23.35,27.0,18.222,30.36,25.575,14.656,10.542,13.292,28.861,27.75,15.25
59.467,41.091,16.583,27.5,34.083,13.364,56.875,39.35,29.588,21.95,30.9,50.179,34.875,26.025,11.219,19.667,26.583,27.833,29.812,23.125
41.5,31.25,26.8,25.792,39.25,21.833,28.7,30.4,18.25,21.55,23.55,36.75,28.25,15.077,11.938,18.708,22.607,16.735,21.667,21.312
30.917,22.583,13.35,48.125,27.667,55.222,14.588,19.9,15.8,29.75,28.947,31.429,42.519,26.75,32.516,23.792,24.5,19.5,18.056,9.667
40.333,11.667,12.55,42.875,34.25,70.565,19.15,8.35,36.053,18.4,15.8,29.571,30.679,30.05,46.875,34.9,15.719,22.639,18.457,24.057
36.4,18.1,29.952,49.833,37.095,42.5,35.95,50.176,34.812,14.429,24.615,30.607,23.679,23.657,20.032,20.7,12.5,24.056,15.306,24.771
35.4,33.917,21.208,77.364,22.826,32.667,56.75,39.895,43.235,21.312,31.0,25.357,26.179,22.417,20.414,30.929,12.188,40.321,33.929,15.806
30.105,34.391,61.75,53.708,46.708,33.2,38.895,21.765,35.9,22.15,19.25,36.4,18.714,15.667,35.419,21.536,14.281,22.344,27.091,19.312
26.938,40.9,44.792,31.875,46.667,19.45,54.294,56.529,40.5,29.15,45.647,30.0,21.964,18.562,16.281,11.88,24.767,25.75,26.042,11.593
46.312,19.565,49.708,12.458,78.3,25.619,57.3,70.684,35.75,35.05,47.5,30.429,29.893,30.325,10.906,24.111,31.321,29.1,24.36,10.625
49.312,16.125,31.333,18.182,86.25,16.1,61.389,52.45,27.6,28.467,56.0,26.704,29.333,15.35,28.25,26.571,21.6,32.812,19.607,17.094
60.55,20.25,39.737,24.292,84.174,23.292,31.65,37.15,39.75,23.462,55.7,42.103,40.219,15.889,24.241,30.179,29.857,20.312,19.296,20.719
57.375,27.842,21.864,51.333,66.591,47.792,24.25,61.4,40.105,56.647,59.0,33.107,29.645,14.0,22.233,22.429,27.306,17.5,20.423,14.75
35.438,30.417,24.048,26.105,59.619,24.273,46.941,46.077,66.688,56.778,50.75,31.929,22.484,18.775,25.719,13.75,20.139,9.633,35.583,9.938
55.867,45.737,73.45,20.65,47.167,62.312,48.176,79.765,29.533,44.0,32.7,34.63,18.969,43.275,35.286,15.833,19.306,10.438,24.812,15.806
39.55,55.727,49.579,55.9,30.65,59.0,43.05,19.15,77.647,40.25,22.75,26.043,18.094,33.925,30.111,12.0,31.125,31.278,39.484,17.542
64.65,37.773,31.292,39.05,47.227,20.45,52.263,32.789,14.421,36.35,38.25,40.0,19.893,22.8,22.667,24.214,27.375,30.25,36.125,25.5
64.2,19.5,29.833,43.529,45.933,23.375,37.7,44.9,33.75,38.312,47.583,19.792,31.071,27.9,23.5,26.19,29.931,35.139,27.357,17.471
54.05,24.167,70.833,56.81,44.842,58.083,44.2,33.4,34.85,46.312,27.125,25.957,15.29,18.75,27.645,31.357,44.844,31.694,29.594,19.25
53.95,45.913,45.0,33.55,48.562,57.667,30.6,22.45,41.278,48.947,38.688,32.774,20.188,28.405,36.767,41.5,29.125,8.222,30.312,24.171
33.05,32.6,52.3,70.15,58.714,39.5,16.65,54.4,44.0,49.062,29.1,27.906,13.281,32.323,33.036,28.179,16.938,23.75,44.812,21.939
39.1,44.696,21.95,78.467,38.7,41.375,17.3,65.647,60.867,41.65,32.75,27.188,28.286,30.944,45.065,30.68,10.969,27.8,36.226,20.375
22.4,32.238,32.391,63.25,46.55,36.0,63.0,67.176,20.765,23.4,46.4,34.387,27.75,40.273,24.719,11.857,24.219,14.0,32.906,23.531
61.947,40.222,47.042,49.125,76.462,63.375,65.882,58.067,21.5,41.632,46.875,14.633,32.893,14.486,23.312,36.5,29.031,29.793,38.0,22.861
60.4,45.95,54.875,36.217,41.81,69.958,82.158,30.65,32.0,58.667,52.412,24.548,34.188,28.143,40.469,37.464,28.903,39.886,34.125,20.125
45.4,37.7,78.045,56.042,71.957,46.0,67.9,7.1,52.105,23.125,47.3,36.839,14.125,33.417,30.406,41.296,35.143,36.306,13.156,27.667
42.5,47.889,76.391,55.875,79.85,32.0,54.85,43.0,18.95,22.188,41.643,30.633,28.719,24.273,25.312,48.8,41.312,10.333,30.375,22.667
46.3,37.85,67.583,61.0,74.5,32.0,67.812,20.941,62.889,48.125,40.25,16.917,45.75,27.35,21.633,41.8,15.938,23.344,28.833,21.906
38.1,34.25,40.917,32.13,54.042,53.75,60.333,33.5,55.15,47.75,26.7,30.231,46.281,41.921,52.464,34.321,25.719,43.0,15.536,34.972
50.15,31.348,53.136,96.667,43.583,71.875,73.5,41.214,71.625,35.6,42.214,52.037,28.069,34.394,50.625,19.357,23.074,41.472,13.821,34.441
38.6,45.5,45.292,45.043,55.136,45.125,72.357,38.875,31.95,46.2,37.1,59.714,42.414,49.541,34.281,55.929,18.357,35.219,12.161,19.0
38.6,44.917,26.875,56.773,63.842,52.0,35.75,51.562,32.211,10.188,58.0,67.111,35.438,49.25,43.786,63.0,38.516,47.639,22.281,10.759
37.474,22.875,55.75,23.773,68.45,64.059,49.45,26.062,45.444,16.471,42.5,64.733,36.562,51.667,26.875,46.6,21.583,44.5,21.75,15.071
29.25,29.727,61.667,51.762,54.727,49.95,24.45,12.286,42.0,20.4,53.625,66.733,29.781,51.265,37.344,35.111,30.867,31.611,37.214,24.438
28.0,52.375,50.667,66.174,83.75,31.895,22.75,41.571,71.1,11.4,66.7,42.344,39.875,47.483,46.469,39.074,21.094,41.636,46.824,24.889
41.55,58.875,46.105,61.667,59.958,39.65,78.389,23.3,60.533,26.05,38.062,61.067,32.219,45.111,56.467,40.111,8.806,38.034,20.5,33.083
23.05,31.625,46.0,25.417,55.208,36.909,94.417,44.2,67.8,13.75,17.118,65.038,23.656,51.394,45.75,27.0,7.094,57.438,31.575,29.975
40.85,47.792,47.167,39.083,70.909,46.15,78.667,49.4,56.8,54.65,41.214,47.25,43.036,26.417,13.861,31.625,28.571,29.778,26.529,27.05
48.85,52.708,44.792,54.316,64.13,59.562,22.4,56.4,43.4,62.579,39.45,40.419,52.469,30.583,17.083,39.286,38.444,14.562,19.3,27.225
58.792,25.042,49.542,54.048,62.636,37.611,47.45,38.55,61.643,57.688,46.556,46.828,48.469,43.655,13.7,38.769,37.429,22.222,19.75,39.05
73.042,33.789,53.05,47.167,75.882,59.9,34.65,61.882,53.588,72.526,86.889,31.897,33.812,19.222,34.528,53.85,13.92,17.0,26.865,37.6
54.1,35.9,18.708,78.083,46.095,33.75,47.7,59.25,84.688,49.267,71.0,30.429,64.5,29.656,37.889,56.562,11.667,46.441,37.281,25.406
69.917,22.684,13.667,62.75,25.625,59.824,34.9,73.368,85.65,40.1,19.684,37.6,20.174,13.583,38.278,24.344,17.333,35.214,25.472,30.806
67.042,33.95,51.238,57.625,44.042,57.562,40.4,54.737,64.263,30.2,60.737,46.688,28.393,34.128,35.879,9.656,21.0,51.905,13.083,20.8
72.591,54.75,57.417,20.167,68.25,62.75,34.944,69.632,73.75,46.25,51.45,44.968,54.179,34.575,30.281,28.969,33.5,61.24,29.909,27.575
97.167,44.792,37.125,82.667,24.526,68.818,48.824,64.25,44.0,47.789,58.267,50.219,55.778,23.4,24.75,34.733,39.857,44.848,41.5,26.275
88.952,36.875,77.609,74.375,57.783,19.278,53.1,22.6,81.8,30.357,72.571,53.0,43.0,35.921,37.611,30.103,27.188,10.156,35.175,25.314
80.542,42.304,38.958,46.591,54.174,29.522,62.85,54.412,92.35,40.1,57.444,19.719,42.12,34.061,38.156,40.321,42.969,31.219,49.475,32.75
15.6,51.684,78.435,86.6,37.167,64.75,60.706,54.4,70.85,59.722,69.0,13.375,49.95,51.725,42.469,30.5,29.75,39.429,46.45,32.417
60.125,36.208,62.167,70.792,43.167,50.5,65.062,68.7,80.579,54.2,55.167,30.548,54.958,39.912,36.0,46.844,18.028,39.861,15.844,46.758
37.583,30.619,53.542,79.208,28.042,89.545,73.188,80.389,68.2,32.05,70.438,35.926,39.846,42.564,38.722,41.933,19.417,43.618,13.615,50.794
89.333,66.542,66.75,66.0,61.25,41.739,57.25,85.5,64.067,35.333,56.5,21.938,29.407,14.306,22.139,43.31,14.472,39.972,40.375,39.6
63.833,44.0,48.875,74.5,52.522,47.13,42.444,51.8,54.2,55.85,61.818,22.862,29.065,26.361,29.972,64.321,22.111,38.5,44.583,19.0
80.042,28.2,22.958,89.833,41.708,60.833,12.25,32.85,51.538,72.05,64.75,35.04,58.562,26.424,13.639,59.71,32.571,24.889,38.472,31.225
67.125,33.636,45.542,73.455,45.85,41.667,10.6,32.55,34.769,22.812,54.923,38.375,43.129,31.361,22.5,44.75,41.429,23.778,38.175,19.85
52.217,13.65,17.917,48.0,17.591,40.083,28.05,29.9,53.45,16.75,11.5,25.643,42.906,29.125,10.571,21.938,33.562,11.667,28.231,11.05
30.875,22.818,26.316,65.083,9.542,66.75,60.45,41.263,22.3,29.55,28.083,31.036,18.938,34.333,13.156,25.906,18.639,26.167,38.061,22.722
50.167,21.727,35.542,66.375,38.458,79.353,82.312,24.45,47.562,30.5,44.5,30.5,27.812,32.553,28.556,7.897,29.788,31.528,18.154,33.675
76.917,37.292,20.375,59.083,54.526,61.562,34.118,48.1,36.0,44.1,45.588,36.214,24.094,23.081,20.611,35.0,36.059,31.194,32.025,20.225
56.182,43.375,25.917,70.042,55.667,65.214,13.778,42.5,42.667,38.526,14.933,30.083,26.031,15.8,38.543,19.031,19.417,32.722,34.575,18.6
34.75,29.458,29.917,63.636,67.348,56.15,15.25,28.5,27.0,51.579,16.211,24.542,49.71,27.053,43.036,29.031,18.886,30.0,18.1,14.05
41.475,27.348,35.85,55.458,76.333,62.6,51.55,40.5,34.795,41.35,12.2,33.719,28.016,21.4,49.139,51.161,16.528,26.25,15.775,22.667
