96.083,61.25,18.25,105.083,134.292,129.75,93.333,72.45,129.35,74.6,16.35,66.55,69.4,65.783,101.028,105.714,131.857,47.031,59.185,84.032
65.333,81.0,22.0,72.875,89.476,66.917,75.222,69.824,56.917,45.824,52.15,49.4,21.25,42.864,66.75,37.526,51.0,47.852,57.893,98.172
53.333,38.348,36.812,89.5,78.684,66.091,61.217,61.917,56.714,87.1,36.15,51.647,33.45,69.368,38.387,23.857,47.464,59.643,54.208,79.233
51.667,70.65,36.35,78.15,21.0,63.143,76.7,22.294,113.1,80.389,18.0,88.706,84.6,118.842,51.471,48.593,105.333,61.387,86.107,71.767
82.333,53.9,26.105,43.4,48.722,102.391,64.15,77.933,84.9,61.316,43.278,89.95,71.9,102.0,57.667,35.893,31.107,78.815,59.036,88.906
66.583,42.45,63.0,73.273,47.9,78.333,31.15,34.133,70.632,36.533,57.529,82.944,43.3,63.792,61.545,52.821,23.087,77.781,55.556,62.25
64.833,60.25,75.579,36.25,47.409,88.727,59.25,67.222,49.647,71.65,73.444,54.55,70.15,147.917,82.861,25.0,29.429,92.967,51.962,83.034
87.0,58.5,77.65,65.458,50.176,72.292,68.1,38.571,58.2,103.389,13.429,93.95,39.85,42.905,87.0,27.5,29.321,75.656,62.963,73.71
88.167,72.182,86.542,100.435,45.958,27.3,92.85,69.812,67.0,92.3,21.25,28.55,34.471,50.647,58.333,88.5,55.679,84.188,61.474,66.452
82.167,14.615,82.348,86.875,32.9,42.591,70.111,75.941,68.0,103.2,45.2,70.526,52.722,59.957,52.143,57.667,26.875,73.355,81.957,54.75
106.917,53.208,75.0,72.125,66.0,72.583,86.3,74.056,83.9,63.05,84.8,86.615,38.571,73.261,47.0,44.737,52.476,65.0,96.542,62.516
65.0,77.083,50.542,61.417,78.6,59.417,87.15,37.071,49.55,72.5,81.7,40.65,56.529,77.85,49.914,60.208,59.0,64.375,51.696,56.375
77.583,88.917,20.333,12.708,88.682,51.778,77.0,55.5,71.3,73.895,69.35,82.833,79.6,52.174,70.781,81.308,14.542,58.71,56.391,22.0
41.583,59.125,35.095,90.565,102.261,120.857,39.85,51.789,58.6,102.647,13.133,88.9,95.8,41.476,65.972,86.571,12.542,86.438,52.458,43.562
42.083,69.042,74.474,85.0,24.235,103.875,85.6,75.65,79.9,66.333,18.4,67.9,51.5,88.1,42.636,70.864,22.708,55.533,80.5,66.517
18.25,71.292,81.762,63.087,30.143,48.083,75.889,63.444,28.769,24.35,28.412,26.45,51.222,93.933,88.353,75.0,52.917,64.048,84.321,66.586
24.5,75.043,93.25,62.5,24.5,71.0,57.0,29.909,67.471,46.75,8.867,55.947,58.95,65.15,53.857,76.083,72.826,56.875,69.96,74.677
72.25,69.667,69.688,60.167,10.0,95.368,68.211,43.438,30.5,42.056,12.091,77.3,53.688,94.522,66.5,49.643,63.833,84.75,83.68,55.697
93.333,28.3,87.65,52.857,67.864,43.476,96.95,77.85,41.222,53.5,39.056,80.056,73.312,99.481,60.824,89.0,78.136,48.35,84.0,48.857
73.333,90.417,54.5,59.167,39.842,100.542,92.444,41.75,78.45,64.588,26.526,73.105,75.9,57.679,94.5,85.769,75.44,52.038,60.458,44.8
77.667,60.583,62.333,57.7,51.417,110.5,97.15,50.95,58.842,67.333,22.722,105.55,82.3,50.5,78.6,74.111,50.964,36.917,45.792,64.429
69.417,73.85,55.083,70.095,55.105,108.792,64.944,62.55,58.308,73.438,72.643,70.4,83.25,66.643,95.361,57.905,60.333,27.25,63.609,69.406
81.5,66.208,70.583,49.348,96.833,17.875,46.056,50.3,78.0,73.857,73.467,30.15,89.056,75.37,104.514,62.37,59.839,60.448,96.125,44.788
60.5,91.318,71.292,64.083,37.167,51.708,47.0,96.6,71.75,51.8,53.0,48.111,80.438,56.0,60.29,58.222,79.312,56.077,56.5,65.448
110.167,129.348,74.375,68.542,22.952,55.217,41.579,44.85,74.7,43.4,62.357,53.65,41.615,74.083,70.171,73.929,98.48,73.607,40.833,61.361
113.667,101.333,87.609,68.75,44.6,65.261,48.833,61.941,56.75,69.05,61.15,71.278,72.05,82.792,54.889,45.04,53.167,103.094,80.2,42.333
70.167,98.083,59.917,34.263,88.364,84.042,61.438,15.667,82.7,68.5,50.3,57.8,87.35,72.917,71.765,69.679,37.5,90.857,46.909,22.1
94.75,61.042,77.13,94.708,68.333,78.267,82.95,37.75,64.529,71.2,39.8,101.75,61.842,74.0,74.345,44.964,63.444,87.067,17.917,50.75
94.333,61.375,65.905,60.375,34.222,68.875,56.375,71.222,70.824,75.667,27.706,67.4,34.765,52.208,83.057,43.92,134.207,79.219,18.1,63.29
54.583,47.421,79.667,52.9,26.737,59.087,60.75,29.647,92.0,87.375,26.474,56.062,70.929,64.917,51.5,63.222,85.688,81.714,34.583,40.97
62.083,60.391,66.25,83.5,17.867,66.421,70.562,27.421,42.1,81.105,36.789,61.1,89.529,104.591,81.097,84.889,36.344,92.594,89.333,52.657
61.083,88.087,51.3,43.143,37.75,72.526,42.214,41.812,71.867,31.947,30.412,32.067,71.286,91.0,80.375,39.8,62.25,79.893,49.45,64.486
45.833,75.583,95.917,68.5,53.909,61.458,60.765,21.556,67.35,47.938,59.071,54.632,80.25,85.407,62.375,53.625,36.5,62.429,40.417,68.389
59.917,98.417,62.25,61.5,114.391,63.217,69.2,78.95,45.533,72.133,17.333,106.0,60.944,69.714,73.938,36.25,58.0,74.656,81.5,63.281
106.333,38.333,49.318,75.609,52.739,115.8,65.9,12.429,37.824,63.7,14.857,43.158,60.15,58.037,49.533,39.722,132.821,65.656,40.208,56.111
74.25,18.143,43.583,54.625,20.261,85.833,58.882,16.765,33.067,53.471,26.5,28.8,56.938,62.679,66.438,46.632,87.792,45.875,40.583,68.233
69.417,61.421,57.417,69.053,27.053,56.042,62.05,44.412,70.0,98.25,71.529,50.875,46.053,60.037,81.938,85.304,100.964,45.0,59.348,89.125
65.833,61.429,62.708,85.25,129.875,74.833,65.4,44.923,58.55,73.55,34.353,41.3,64.5,85.385,79.062,56.238,45.179,68.87,64.957,80.613
48.667,131.957,76.217,59.708,56.364,64.444,80.85,46.474,57.5,77.0,51.85,60.059,35.615,77.393,65.483,61.875,65.536,67.607,30.947,51.419
73.583,92.417,46.25,44.625,62.348,70.364,78.412,54.3,47.65,106.941,67.45,52.562,51.474,75.593,35.806,56.348,55.857,64.208,50.238,57.444
69.417,51.833,67.875,52.792,75.292,66.826,46.889,33.062,37.5,71.812,23.643,92.625,30.8,58.154,62.469,64.679,63.857,82.261,46.926,48.171
68.556,82.583,87.375,82.227,81.083,75.958,72.667,44.412,69.895,74.812,30.579,70.812,81.65,66.667,61.312,77.0,78.607,63.821,21.346,61.806
96.667,60.917,61.208,79.917,83.167,74.667,85.45,21.643,30.467,117.188,21.5,128.562,37.632,76.13,58.968,29.333,56.926,68.258,59.458,69.471
79.5,83.318,23.125,86.083,50.565,49.333,55.0,46.0,48.2,83.625,23.188,95.812,18.706,77.125,65.226,63.625,53.167,80.625,102.571,87.118
65.583,74.292,108.792,65.625,34.9,56.591,76.15,61.5,39.789,84.5,10.286,61.0,28.842,68.862,79.143,87.781,96.312,60.583,60.062,52.867
82.333,61.167,68.043,28.083,15.111,57.25,82.053,40.947,53.588,63.0,52.8,72.188,25.35,64.536,37.806,68.323,86.667,63.0,58.556,48.886
97.5,82.947,43.042,49.208,51.625,64.208,89.474,86.941,55.9,60.125,50.222,87.5,27.455,50.097,39.833,48.562,100.923,89.185,71.387,57.057
103.583,106.35,61.083,90.708,59.136,107.458,87.5,48.05,33.167,86.111,16.7,95.167,35.667,76.645,62.069,39.88,58.04,55.739,63.333,40.25
117.333,97.875,60.417,60.455,45.087,80.5,68.947,38.3,52.5,76.9,10.235,58.75,25.077,65.839,81.192,65.861,78.0,61.065,58.387,73.364
104.25,63.75,78.458,74.375,89.208,84.708,39.2,66.35,91.062,71.4,8.583,78.625,42.412,72.12,66.0,58.559,103.281,28.806,48.25,38.286
17.667,68.8,60.792,71.6,39.857,72.417,55.95,69.15,59.2,37.9,10.312,56.312,56.333,51.033,87.586,64.971,101.562,25.5,45.714,37.516
87.0,67.652,61.304,49.857,44.3,54.773,64.65,53.588,74.0,45.65,27.5,72.643,54.882,70.069,84.188,63.382,75.656,66.625,69.0,29.261
57.917,66.75,39.522,56.458,37.667,77.364,69.857,75.3,61.65,9.176,31.647,85.692,62.75,62.778,74.406,44.613,77.656,49.821,71.8,42.107
74.0,84.542,44.292,28.208,75.478,70.625,80.167,66.467,64.316,39.667,18.722,76.75,60.45,65.594,71.5,48.194,54.481,54.75,76.84,44.906
75.25,66.083,65.917,33.875,59.0,49.45,93.391,57.2,33.278,40.625,93.6,82.714,63.562,57.419,62.094,76.833,112.688,47.893,78.571,37.743
105.583,74.208,57.375,63.958,32.333,84.682,64.708,52.15,38.05,60.706,59.947,101.786,87.85,81.192,86.103,58.071,112.0,76.464,38.964,63.625
66.5,75.75,44.955,41.333,84.909,62.429,65.5,41.421,57.722,58.0,46.0,68.062,77.25,76.077,68.12,47.417,100.4,38.321,43.75,45.697
42.917,70.174,68.25,36.818,78.478,37.556,81.238,41.722,81.35,67.706,67.0,60.562,44.4,36.926,63.923,63.103,69.417,65.792,68.875,43.697
57.833,72.917,30.083,61.455,47.211,22.421,74.0,73.263,82.0,70.85,37.55,73.25,68.35,85.607,52.321,48.314,38.286,56.036,65.345,53.611
74.167,88.091,37.458,44.708,46.19,43.609,65.05,52.35,58.389,31.4,22.65,76.25,68.667,136.966,70.344,60.688,67.04,76.107,73.438,62.03
74.917,43.375,22.5,61.167,79.391,40.292,40.81,67.45,74.4,43.895,46.667,76.188,65.667,44.594,41.75,62.0,57.519,51.607,83.448,52.424
93.75,19.0,30.391,32.696,63.842,55.958,59.333,52.5,46.118,50.933,65.778,71.938,86.75,29.143,66.567,77.438,32.16,45.375,72.844,46.0
78.75,31.111,108.958,53.333,34.188,86.957,70.739,37.5,29.8,51.5,40.611,77.125,77.65,68.125,59.952,80.028,57.107,72.458,47.083,68.375
91.917,39.708,71.083,76.526,32.222,46.25,62.609,111.688,54.714,77.562,52.765,78.667,41.45,77.5,48.185,77.457,40.72,57.167,56.125,59.208
75.083,63.261,48.696,50.143,54.632,31.0,56.263,65.071,45.312,79.062,86.6,58.286,67.947,99.562,59.464,98.765,36.964,45.75,56.625,64.852
97.333,63.818,42.826,58.278,85.13,37.35,67.222,70.278,63.65,92.421,70.6,62.0,68.913,69.062,59.821,82.722,38.357,51.094,66.458,66.682
68.667,50.182,62.609,62.042,92.5,56.087,71.957,77.278,41.1,62.65,36.4,63.833,58.167,70.688,40.963,61.455,50.16,58.812,64.536,52.536
83.333,50.917,65.958,42.15,60.0,36.818,80.05,78.5,101.938,63.2,23.95,64.9,66.19,79.393,27.962,58.5,55.786,68.1,54.607,59.812
89.25,34.833,33.25,71.111,39.75,88.917,118.85,88.75,63.875,62.588,69.7,74.188,81.619,42.375,35.423,50.657,11.917,55.621,53.393,57.906
110.333,30.292,69.174,83.833,61.45,33.133,69.556,47.067,26.4,79.85,46.118,74.75,76.958,52.286,46.231,28.219,32.875,44.656,39.12,67.12
73.0,44.917,57.545,55.083,70.435,47.0,63.818,36.0,71.083,88.412,51.25,69.812,56.542,49.333,59.821,16.414,31.25,41.517,54.643,80.769
58.5,57.0,47.25,52.708,71.143,31.632,69.636,26.944,62.8,73.842,57.45,67.062,55.0,80.742,77.964,19.265,41.2,40.889,54.929,68.786
60.417,46.25,45.833,89.5,74.278,35.909,81.652,37.35,42.562,65.3,44.3,76.667,53.909,88.931,59.581,25.056,52.053,39.625,81.696,70.828
52.5,44.8,57.292,65.667,33.95,32.619,84.381,29.214,42.375,30.778,29.833,66.154,64.524,64.438,64.969,21.833,72.05,44.333,44.429,78.875
58.25,55.682,70.792,26.4,48.062,24.111,66.333,59.118,57.562,44.85,25.059,64.85,80.05,38.968,55.194,26.4,60.6,38.387,50.409,72.906
44.417,94.542,66.417,36.0,68.05,15.238,49.882,27.474,53.375,39.312,91.25,79.368,80.353,20.1,60.333,53.656,66.607,44.952,45.8,64.219
80.917,32.391,59.167,101.652,88.556,24.789,68.188,34.625,152.867,46.05,63.923,79.4,62.667,31.742,47.222,32.371,63.964,48.63,31.35,45.7
73.25,63.792,43.792,59.5,58.667,44.111,196.471,43.55,81.533,45.688,30.389,68.9,57.2,60.031,44.071,52.056,44.0,35.167,25.737,59.031
45.833,57.083,67.095,31.294,68.391,34.737,43.056,47.188,67.312,48.316,23.05,73.45,34.15,54.774,95.143,70.444,30.0,37.704,45.2,46.84
69.417,48.583,82.0,63.292,50.75,38.944,52.417,87.733,82.688,52.95,38.9,46.6,34.688,65.5,57.929,53.028,58.857,53.56,81.6,64.75
61.5,49.375,46.458,54.957,40.789,66.789,82.435,52.111,56.929,32.7,54.688,99.389,38.609,58.19,62.679,36.556,62.964,52.036,63.192,42.897
102.5,38.5,60.458,41.773,32.19,45.765,50.609,59.125,39.438,35.5,40.267,71.733,31.737,59.793,44.75,45.417,69.107,50.095,51.52,41.182
95.667,54.5,52.958,34.45,70.3,28.391,76.714,55.684,42.438,48.5,34.625,76.316,56.875,43.419,51.458,37.5,43.571,74.906,39.692,40.759
88.75,68.417,48.542,25.056,58.87,23.333,56.318,58.0,37.5,51.188,26.765,74.412,72.6,87.704,66.84,40.138,28.926,44.867,37.292,47.781
74.333,65.667,70.708,52.304,60.455,26.652,33.818,61.667,48.214,34.125,47.65,98.4,43.913,109.188,52.538,27.206,33.577,36.667,57.885,33.385
50.583,43.083,62.667,42.81,48.083,53.05,32.529,69.778,54.0,42.188,34.158,81.35,56.583,66.613,45.154,48.4,26.786,38.657,55.708,50.409
56.5,56.375,30.333,47.733,61.75,61.176,51.5,68.3,60.467,37.25,37.6,104.421,52.5,55.067,45.778,38.226,21.375,35.0,54.087,53.25
70.0,33.81,23.833,60.333,36.35,78.762,40.357,62.05,64.438,39.062,88.765,84.444,60.667,45.935,62.323,20.938,55.571,41.393,44.318,53.583
58.333,37.25,53.042,45.167,54.5,38.85,52.737,53.158,68.875,30.188,24.412,68.812,60.739,41.968,53.107,23.517,31.88,50.292,47.625,76.194
65.75,64.083,50.208,58.5,39.5,58.174,37.895,53.45,60.0,70.4,32.067,69.65,61.091,44.719,53.345,49.914,44.706,68.652,27.609,61.781
91.167,73.417,59.0,79.208,45.864,57.783,39.409,48.333,42.533,50.75,37.0,82.412,49.261,52.062,54.935,62.806,63.062,42.571,24.633,55.68
59.833,53.917,61.579,49.583,45.217,106.375,34.875,26.222,59.875,31.786,32.125,60.95,31.13,52.733,58.531,55.125,55.85,38.654,41.448,64.9
72.5,74.625,61.429,51.0,26.417,63.667,45.562,50.2,39.0,32.938,44.929,69.25,52.722,46.964,59.906,31.448,60.958,42.593,46.438,56.375
52.333,78.95,69.8,37.263,42.85,73.667,32.333,46.353,45.8,22.611,40.75,65.368,25.0,70.786,45.0,21.935,77.875,39.261,50.875,48.379
59.25,70.136,56.5,28.25,27.4,54.292,52.111,20.875,57.875,52.947,57.353,47.316,50.375,97.548,57.312,36.613,58.905,76.773,45.219,51.208
65.333,57.0,43.957,31.9,30.476,52.286,66.6,18.636,87.75,49.833,60.368,65.812,63.957,57.875,67.25,50.219,81.5,97.28,56.276,43.667
35.25,65.583,34.143,31.455,34.714,116.174,68.35,30.769,44.7,120.933,56.5,71.474,19.667,53.88,51.062,58.0,85.458,69.12,46.938,40.036
50.667,61.25,27.652,54.471,26.208,68.227,45.05,19.6,51.55,52.056,90.278,75.0,46.792,51.185,78.656,70.581,84.875,58.893,35.062,63.24
127.25,46.667,48.957,50.833,39.565,67.333,74.85,26.4,62.053,52.789,36.571,80.65,65.458,61.63,51.7,59.812,86.8,45.607,38.594,45.579
19.75,55.333,53.667,71.476,12.174,42.87,58.619,29.684,59.714,45.778,54.0,69.0,61.85,64.688,77.759,54.552,79.429,59.385,43.25,48.393
61.167,67.5,45.55,21.308,25.208,30.882,70.955,36.2,64.6,37.35,39.0,92.632,67.095,59.742,69.2,79.143,63.036,60.344,48.889,46.464
41.25,83.708,38.5,42.13,39.727,77.278,56.5,33.625,63.667,27.2,43.7,100.8,54.565,69.71,56.036,52.929,64.593,38.194,33.769,66.923
54.583,56.409,34.083,32.0,43.143,80.955,34.348,46.6,84.6,40.294,16.0,81.158,50.875,79.821,60.25,73.143,69.875,46.778,36.077,41.393
53.222,57.652,48.333,30.636,57.375,70.958,25.375,49.4,19.95,53.667,36.0,73.15,51.048,36.857,60.714,41.312,64.292,40.694,33.16,73.179
48.818,30.75,51.667,37.4,66.667,96.375,22.0,97.95,43.8,42.538,39.4,77.278,58.375,55.882,41.375,66.433,53.679,36.103,66.0,84.231
47.75,42.412,60.083,32.952,49.174,106.5,41.941,53.35,81.056,39.889,58.647,65.9,42.783,80.167,58.625,68.607,48.0,32.933,58.348,69.214
69.083,55.583,40.208,44.762,58.458,73.167,42.833,62.467,53.529,52.222,48.5,60.95,53.167,83.625,40.208,69.871,66.846,36.676,54.786,62.0
43.167,51.304,59.833,19.5,56.571,51.136,66.75,47.278,69.579,68.25,40.5,67.526,68.409,64.375,45.875,63.75,57.393,47.5,52.167,29.0
52.75,45.75,59.435,32.9,46.778,54.217,57.636,56.579,48.125,66.0,55.632,66.053,75.167,79.742,34.958,34.839,73.536,37.583,59.25,43.083
57.917,58.55,69.2,26.211,69.913,43.056,59.208,58.65,58.211,48.4,67.6,64.65,63.579,96.172,32.478,57.75,74.16,34.257,50.143,45.958
38.833,65.417,60.9,38.143,70.5,67.583,52.87,51.35,35.85,40.55,40.357,43.737,64.375,65.167,36.818,66.938,60.261,47.321,58.65,50.917
23.75,50.45,101.4,49.0,71.333,53.353,48.545,35.45,53.45,46.45,80.929,40.947,51.375,73.562,36.5,71.731,38.75,44.633,34.944,56.417
56.0,64.25,75.545,50.045,59.0,102.625,31.5,36.6,52.556,43.375,71.105,47.45,32.909,85.171,55.0,54.429,33.464,32.091,51.1,75.821
57.75,74.208,42.235,38.615,73.783,38.467,40.5,42.5,42.0,41.312,43.55,46.4,43.609,74.188,54.15,43.452,61.714,58.971,53.8,80.071
55.5,33.391,53.75,50.905,73.375,35.75,65.556,35.8,44.632,47.8,20.6,48.316,46.375,56.314,56.579,50.852,24.423,67.406,51.2,67.929
97.083,41.042,73.792,54.333,55.917,29.733,48.375,53.053,53.5,42.444,32.929,65.789,48.471,69.857,52.25,52.429,41.409,49.818,72.0,73.0
66.417,42.375,64.542,49.13,48.476,67.2,55.0,79.75,51.9,50.0,62.05,71.15,48.684,70.367,27.037,44.333,43.708,89.028,56.208,92.594
75.25,51.167,33.261,56.5,23.048,50.158,49.304,78.35,45.421,51.95,54.111,125.643,58.667,47.677,34.0,72.071,40.52,48.194,72.0,69.241
79.667,52.042,51.792,69.565,69.042,50.417,45.739,61.95,53.421,42.05,49.833,92.706,91.875,89.75,51.2,50.0,61.792,80.0,54.583,84.0
85.667,69.917,82.708,57.0,46.478,61.609,39.5,56.5,47.895,36.684,51.5,85.25,82.75,43.71,88.143,39.633,40.0,37.031,61.292,60.438
38.333,57.85,63.524,65.792,45.227,48.826,21.333,41.65,45.429,32.947,44.133,56.625,92.222,48.171,43.4,40.188,44.391,68.556,35.75,45.321
58.727,81.667,69.174,46.955,46.25,63.211,36.1,36.0,39.167,34.722,30.625,78.333,59.1,82.344,45.037,61.75,37.636,89.962,40.833,45.542
107.5,66.333,63.381,64.043,28.478,40.176,46.417,34.167,56.421,35.1,59.75,33.353,80.059,84.083,62.545,39.667,64.609,79.538,40.0,55.731
73.25,86.9,41.167,51.818,84.304,50.417,46.211,41.688,61.45,45.95,70.438,81.737,75.292,114.029,40.148,54.292,105.92,84.429,45.6,65.64
89.75,85.875,59.042,41.263,66.381,61.778,50.421,41.55,43.35,34.938,69.467,74.312,80.1,57.343,44.81,48.542,82.179,57.806,32.143,56.417
75.0,55.625,72.083,71.1,78.625,66.583,53.75,41.0,60.05,44.0,54.231,59.6,83.45,91.059,55.421,57.179,66.607,44.0,22.44,49.696
58.5,42.15,75.125,67.0,44.0,68.13,32.176,58.056,69.25,50.421,56.8,69.9,53.111,87.143,97.125,43.355,67.348,50.656,33.174,62.1
34.0,28.619,70.0,68.389,54.958,62.136,49.263,56.611,72.5,41.5,69.133,44.5,62.4,76.472,45.154,35.759,58.333,54.871,47.952,54.429
43.25,32.5,40.857,71.125,36.167,66.222,55.3,67.222,70.875,41.45,79.312,71.4,84.85,78.742,44.667,47.629,46.208,73.625,30.765,59.333
64.083,54.917,54.833,62.043,51.45,52.818,55.45,36.5,62.3,51.312,43.889,70.375,93.421,98.444,55.536,40.778,57.462,69.567,38.875,34.0
59.417,62.25,57.6,49.875,45.0,72.789,44.318,68.0,43.6,55.765,49.909,79.2,74.053,87.6,34.808,43.324,52.107,54.625,33.333,59.444
62.083,41.458,59.25,41.333,54.65,72.312,38.714,61.7,43.15,60.25,59.769,87.412,69.8,89.469,55.5,46.444,59.045,52.5,38.417,80.417
54.444,41.636,55.2,43.571,51.158,74.158,37.0,39.789,55.25,69.9,53.75,93.312,95.3,42.812,47.893,66.083,55.318,45.844,36.696,107.0
65.75,58.75,35.625,71.812,50.261,87.478,23.529,44.857,43.8,46.789,60.333,119.95,34.75,42.286,21.917,41.938,48.667,58.156,54.5,99.667
26.083,47.583,62.35,52.471,55.455,79.8,32.25,40.0,34.294,40.263,42.167,70.5,37.05,74.306,32.083,44.606,57.692,57.094,35.85,83.125
24.3,36.818,63.778,46.125,31.217,55.304,26.792,51.7,35.65,39.667,53.231,59.5,53.05,68.559,71.625,52.286,49.56,60.367,41.5,101.333
36.833,37.238,58.708,74.188,27.632,61.905,38.619,79.294,65.737,15.688,57.583,67.15,64.353,46.528,54.929,32.452,30.167,64.375,36.95,63.333
55.917,53.667,54.583,28.5,69.091,67.762,32.087,88.0,73.278,26.333,55.333,63.2,81.45,44.714,42.815,39.059,50.63,71.469,39.312,59.0
88.778,58.75,28.375,35.077,41.9,52.792,53.706,88.1,38.2,34.882,46.214,48.278,55.6,44.875,52.045,74.469,57.36,69.156,44.1,47.0
66.0,44.458,51.913,63.643,44.87,60.588,23.1,59.95,45.65,68.1,60.714,74.75,54.4,51.467,70.25,55.686,55.167,66.562,31.737,51.105
70.5,63.917,68.625,60.889,55.522,51.864,21.458,48.765,62.176,34.167,59.429,67.95,59.5,52.821,75.44,63.655,60.042,72.062,46.25,60.294
34.25,49.75,41.125,47.417,72.0,30.524,37.286,58.882,37.667,18.9,66.875,56.421,39.737,66.903,76.107,46.333,60.25,74.85,43.625,53.812
35.818,40.292,53.833,65.857,56.75,58.25,56.211,59.35,33.647,28.412,47.5,71.875,44.0,48.071,64.417,54.361,42.917,66.739,53.471,62.412
75.0,55.85,65.458,56.947,42.947,60.75,30.5,46.45,35.2,22.875,53.188,78.75,50.286,58.778,62.036,40.389,44.957,71.75,47.136,57.75
56.583,46.071,41.458,64.65,75.8,63.4,44.316,62.2,63.0,44.263,53.875,72.4,64.429,62.935,34.625,37.545,50.417,49.708,33.8,60.917
36.417,30.65,43.875,39.231,53.4,58.143,45.5,32.611,39.056,37.333,82.375,82.188,67.059,46.594,64.208,38.065,38.667,45.154,31.458,42.739
29.182,24.053,38.292,43.737,45.318,77.619,41.625,25.882,72.333,40.85,55.071,72.056,80.0,52.806,63.778,65.139,68.542,45.071,26.958,54.706
19.667,39.0,41.833,36.053,44.0,60.833,33.579,40.842,41.211,33.0,85.7,74.556,60.6,62.857,44.143,48.103,54.174,49.542,39.417,61.071
43.625,43.792,41.958,33.786,50.625,52.474,35.056,37.875,49.0,38.684,33.438,55.389,64.1,55.968,38.654,61.677,43.739,55.4,31.111,59.105
42.875,48.286,57.125,99.875,22.143,37.125,65.25,68.0,33.056,41.75,40.75,89.526,65.833,60.697,66.781,53.556,43.375,41.95,49.4,58.556
62.0,67.417,33.833,47.714,28.737,51.25,30.611,34.824,49.316,20.75,70.438,65.632,59.7,37.062,33.393,23.5,63.5,44.65,35.211,28.6
51.917,37.083,47.938,49.053,35.6,56.583,45.35,50.632,40.056,39.357,66.625,55.421,57.0,45.833,21.143,44.389,52.963,42.05,39.867,20.3
43.727,49.875,37.133,34.222,28.25,50.773,39.526,49.0,20.778,39.444,70.688,55.263,63.316,23.152,33.111,56.917,58.208,38.8,35.667,13.143
43.583,41.208,41.5,35.7,34.13,59.238,40.7,37.95,28.9,38.611,66.688,62.6,61.7,26.912,34.96,57.618,33.05,44.45,23.062,23.917
19.583,53.762,36.538,53.75,44.273,79.458,19.706,49.353,41.25,40.25,63.0,71.812,35.55,40.867,30.2,52.571,53.214,40.75,23.312,32.364
32.6,52.0,57.529,22.222,34.25,53.25,40.111,68.05,28.316,40.833,59.375,43.9,61.412,45.848,30.833,54.529,35.565,49.75,50.9,19.909
52.333,40.875,33.2,45.364,33.65,51.375,35.0,58.167,47.471,41.75,36.375,52.067,66.45,49.031,26.409,56.889,37.346,52.667,48.105,30.0
31.333,41.333,32.35,81.167,21.05,54.55,24.056,47.526,61.056,29.75,36.143,62.929,56.55,55.733,23.517,32.083,56.652,56.167,52.889,37.95
38.909,51.75,34.292,52.5,22.556,59.0,39.611,39.85,35.611,40.867,33.0,68.105,50.15,59.765,37.677,33.889,70.05,31.913,43.0,34.417
42.087,53.583,15.5,24.688,19.118,92.13,57.789,43.389,26.278,55.6,53.438,74.143,57.875,29.033,40.516,47.222,49.893,46.208,55.786,22.389
48.667,30.25,28.35,43.929,54.353,51.952,59.294,32.188,44.263,65.562,69.85,88.941,51.136,57.938,44.387,61.771,62.214,61.708,36.778,26.95
64.208,34.952,49.882,51.944,45.864,60.913,33.333,45.105,18.538,37.737,70.158,64.05,35.0,43.091,49.129,73.667,62.591,24.154,53.05,23.083
25.417,21.19,22.875,52.684,44.471,47.136,39.294,54.235,23.632,57.263,33.4,63.4,47.75,41.853,56.844,56.361,49.481,32.737,61.115,46.375
33.083,46.4,45.4,51.278,57.417,53.714,39.75,49.294,34.529,51.267,27.167,77.059,36.227,51.714,56.156,48.444,43.407,43.818,20.95,29.333
31.381,49.739,52.1,68.208,29.905,48.35,44.4,51.947,33.562,50.786,40.65,60.3,36.0,73.452,59.143,15.714,36.643,21.609,31.176,28.259
36.792,52.682,25.792,63.0,39.25,40.292,49.067,88.85,42.867,40.053,59.15,63.7,54.75,67.552,47.857,29.188,47.12,25.818,39.609,39.107
51.333,18.7,18.167,39.25,31.095,36.955,75.95,66.05,33.312,44.368,26.842,65.8,45.273,59.419,60.625,38.818,12.37,34.783,42.0,36.5
33.25,19.4,30.583,35.0,40.478,31.571,46.333,39.75,33.692,41.737,31.5,60.55,18.524,65.71,34.536,63.765,26.429,33.68,17.095,38.571
40.417,35.353,31.2,37.1,34.778,50.0,31.842,39.167,36.25,39.833,16.5,55.8,22.75,54.5,42.357,48.056,50.208,25.32,28.45,35.28
25.542,56.75,37.5,36.056,59.625,43.45,37.1,52.812,41.583,28.059,37.75,36.316,49.15,42.8,49.844,39.6,39.962,18.542,21.474,48.417
33.261,40.6,42.708,64.053,52.304,41.316,40.6,46.125,37.923,28.7,33.65,43.0,65.3,18.923,42.481,25.75,27.208,40.957,27.542,47.714
44.833,57.444,30.042,38.45,34.217,48.955,51.688,54.312,31.3,13.733,44.65,25.0,34.2,22.903,34.931,38.543,23.783,35.714,39.826,44.346
36.217,67.75,31.111,15.375,28.85,18.722,48.474,57.85,40.1,37.947,38.562,20.643,25.353,27.516,36.741,68.583,21.4,42.276,22.852,46.964
26.167,42.75,25.5,32.5,45.476,25.696,27.056,55.263,38.7,21.375,62.667,37.545,47.4,28.115,51.857,72.781,36.92,45.906,35.3,50.652
35.652,30.875,31.25,35.474,50.864,32.053,17.0,39.45,48.15,50.3,44.0,61.722,55.55,43.083,50.577,73.235,43.935,51.406,25.421,29.741
57.583,59.0,35.85,32.571,58.6,40.083,14.0,55.0,40.15,41.15,29.562,65.75,41.0,44.774,29.667,62.138,74.138,30.125,37.1,33.0
35.7,36.333,32.3,18.5,34.0,23.125,19.947,46.7,71.368,44.0,46.05,36.45,35.389,46.0,28.667,49.417,57.387,30.5,31.762,42.767
57.35,55.048,46.565,15.75,30.435,26.208,24.526,59.389,49.05,34.8,35.529,37.55,35.45,53.241,40.929,78.417,32.032,31.903,38.19,26.292
34.368,54.792,37.905,33.042,35.375,38.583,28.632,60.85,42.389,31.15,53.15,25.2,61.1,46.143,19.2,37.444,31.323,35.219,24.95,28.5
36.739,79.85,31.818,27.0,49.87,33.647,17.75,45.947,31.85,25.444,36.05,17.9,31.688,58.042,37.219,59.618,27.621,33.769,55.571,27.636
44.0,65.81,16.591,36.917,70.957,28.895,44.3,38.7,34.25,31.25,31.5,21.0,45.053,36.4,15.259,31.667,40.29,16.792,46.808,31.571
44.75,56.625,51.333,40.632,24.091,50.208,34.789,27.111,35.3,18.462,32.067,16.947,41.7,43.393,22.355,37.281,42.031,36.639,49.111,29.059
31.958,55.7,47.45,33.0,36.545,54.417,25.588,46.895,34.353,30.833,36.062,29.8,24.65,47.097,44.829,51.571,41.281,34.429,68.042,32.296
32.042,36.87,30.19,69.25,55.917,41.696,33.95,48.167,32.2,31.062,33.278,22.111,56.053,42.156,51.938,67.8,37.625,36.25,59.0,30.538
48.737,42.208,48.15,40.158,35.609,43.0,39.0,50.059,61.0,26.95,27.8,60.05,61.95,69.406,29.886,35.167,28.969,39.935,55.214,58.903
61.542,50.333,21.625,60.75,39.136,21.19,51.474,29.733,41.7,12.375,38.4,78.2,58.15,36.639,34.143,30.222,52.3,53.625,41.857,62.148
51.125,59.87,21.105,38.062,37.368,37.391,65.647,46.429,37.6,31.0,40.5,37.2,58.294,16.647,39.455,57.594,25.469,37.833,41.542,44.839
33.5,60.25,19.4,47.45,19.231,14.4,22.944,66.15,26.368,35.0,59.0,56.6,49.706,14.667,40.969,58.64,34.556,23.156,33.417,37.286
49.375,42.625,20.1,54.263,58.792,28.842,26.5,21.9,24.647,48.059,47.375,71.15,43.55,47.028,42.586,58.344,39.074,26.844,34.111,42.281
22.318,51.955,40.9,44.15,37.263,43.522,25.3,46.45,22.267,48.95,31.6,63.789,33.0,55.206,52.719,50.719,47.438,25.531,53.964,49.786
27.773,45.238,20.684,40.292,51.474,26.174,29.111,58.105,22.526,28.833,23.55,46.4,28.176,51.972,52.967,40.875,39.5,29.657,36.607,40.036
27.45,31.609,27.9,40.609,32.438,32.95,50.375,48.9,33.895,24.882,31.05,32.526,49.579,32.588,58.278,40.75,60.125,33.694,49.083,43.75
26.318,43.55,32.375,37.524,23.95,51.667,43.188,32.812,36.05,27.706,66.333,46.0,44.75,38.939,46.0,31.812,33.533,45.375,35.304,32.0
21.158,53.316,23.0,25.571,36.556,31.043,49.333,59.722,55.15,26.167,50.188,37.267,31.647,52.611,31.486,66.906,31.781,48.125,57.438,26.579
41.522,42.75,34.7,34.267,45.333,44.0,36.95,47.75,26.6,37.4,62.0,34.65,39.632,37.25,48.0,66.033,50.481,48.222,40.542,48.174
42.417,18.0,19.444,45.526,39.458,27.19,41.3,42.7,33.105,33.5,36.333,37.5,48.4,41.312,52.5,52.103,51.25,36.167,76.65,42.882
41.55,57.087,28.35,33.368,41.19,27.217,23.474,30.4,42.667,56.15,50.789,32.562,20.812,49.357,29.875,53.469,73.531,31.818,93.0,35.158
26.688,36.65,24.632,28.75,68.783,22.409,12.267,46.833,57.0,41.5,57.25,16.5,34.625,45.357,35.893,47.906,72.406,46.8,41.737,38.087
62.222,38.435,45.0,85.652,38.0,21.682,31.375,21.824,45.167,49.05,20.2,35.375,51.1,40.469,34.727,57.062,39.5,49.857,37.263,47.957
56.667,31.6,50.722,67.583,48.826,56.565,20.111,40.55,42.1,21.55,26.471,57.267,47.889,47.455,26.696,20.438,34.083,47.636,52.55,26.5
25.158,38.174,76.3,47.81,25.357,43.905,24.5,49.316,60.263,51.944,37.35,29.5,64.55,33.972,24.083,40.0,20.048,51.094,41.083,38.783
38.647,56.5,22.45,54.167,44.545,44.105,23.444,44.316,21.167,39.211,23.263,54.833,43.062,28.4,29.762,40.581,21.259,46.185,31.056,22.188
35.15,14.458,24.1,52.824,39.3,38.381,24.263,43.2,57.438,56.2,27.6,54.231,50.9,49.229,43.2,35.133,30.321,53.344,45.958,34.292
28.438,28.364,43.55,56.0,38.118,24.417,35.1,35.842,75.85,56.062,31.412,49.312,42.95,33.219,37.741,55.278,30.929,45.312,49.818,35.333
26.722,45.435,67.05,59.696,48.864,37.583,23.294,45.714,52.263,68.875,20.75,35.0,43.65,50.265,39.8,48.778,14.964,51.156,42.211,35.667
40.3,46.667,55.45,37.0,40.091,30.684,37.235,51.067,49.278,34.875,32.05,36.625,40.95,40.778,48.36,38.917,30.375,56.719,43.85,30.35
69.2,47.304,32.35,29.25,21.048,52.667,40.4,45.895,51.824,25.316,53.947,52.667,87.0,54.1,44.893,35.065,45.375,32.286,41.35,23.25
43.0,28.1,41.375,28.412,31.542,49.625,32.706,56.65,46.5,39.0,31.684,69.182,69.15,42.818,46.0,47.0,34.344,48.714,40.55,23.792
46.85,41.333,38.556,40.421,38.087,48.588,53.3,35.75,28.579,26.5,36.65,81.938,63.3,39.057,47.217,42.219,67.406,46.952,33.1,22.773
50.294,27.5,35.15,62.667,48.368,67.889,36.947,25.286,44.889,37.375,43.765,47.889,45.4,49.0,39.143,59.677,35.25,44.417,33.045,36.211
58.211,35.0,43.35,33.048,52.111,49.0,34.056,40.556,30.15,42.062,37.789,28.333,35.8,58.484,35.783,47.148,39.031,45.458,40.13,45.208
30.421,57.625,50.2,56.208,58.682,50.042,36.95,35.733,35.684,45.368,66.05,14.182,61.85,53.571,60.0,52.735,34.594,31.625,44.84,65.588
36.316,22.5,36.15,25.875,48.87,70.292,60.8,43.824,30.5,52.4,58.316,22.786,60.947,51.094,53.36,51.4,44.188,40.783,17.13,38.952
33.333,43.348,38.7,56.136,31.588,77.708,48.35,43.35,51.3,31.421,40.65,24.5,62.25,35.871,43.704,43.743,59.786,37.05,21.174,37.0
36.0,73.455,42.25,50.818,40.75,61.083,22.188,61.5,34.111,33.632,45.167,49.688,63.6,40.4,33.214,62.774,49.962,31.042,24.895,28.208
33.412,80.478,43.25,61.0,32.571,43.905,42.111,45.0,22.15,37.684,32.533,28.625,47.3,39.361,39.071,61.581,44.107,33.0,35.958,29.739
20.4,33.875,38.8,43.238,42.846,29.208,28.5,32.75,38.389,40.833,53.062,71.688,63.8,46.618,43.111,46.333,28.645,47.893,19.13,33.25
24.25,43.083,38.684,51.043,26.562,25.143,22.368,37.412,57.474,35.1,38.692,67.562,36.45,68.125,31.346,42.611,28.625,18.143,27.875,40.5
66.95,52.261,59.722,37.706,66.292,47.542,36.947,33.429,40.308,46.056,69.333,30.562,38.6,58.353,27.913,43.176,19.094,41.407,42.074,22.8
53.167,47.333,28.588,50.636,56.167,42.043,24.889,40.8,38.588,39.737,21.818,56.667,54.9,66.514,39.84,39.065,10.344,40.077,47.036,26.4
30.765,47.13,24.55,34.364,43.316,49.864,19.684,60.737,48.6,29.053,52.667,49.333,38.5,60.833,45.125,23.688,16.781,34.167,51.679,52.208
23.048,65.0,57.1,37.286,68.913,63.917,42.75,48.2,38.938,27.737,54.062,37.5,35.1,45.278,26.92,40.781,34.179,8.067,42.393,22.625
24.909,47.333,37.45,26.739,44.167,42.85,43.438,48.95,28.35,48.133,49.846,31.0,19.933,24.543,38.111,34.818,29.688,25.15,38.393,27.278
47.625,20.952,36.55,50.769,48.478,57.364,47.842,45.95,24.824,33.842,62.727,49.938,38.688,39.676,20.0,29.889,50.321,34.5,27.704,18.05
33.625,41.688,23.286,46.318,47.792,40.333,44.45,28.625,24.0,51.9,13.8,49.0,23.938,16.294,28.304,31.0,53.0,23.786,36.444,40.375
26.909,44.737,26.952,41.2,26.625,11.444,42.75,31.562,43.0,48.05,17.333,34.65,24.25,28.229,38.929,49.972,43.938,28.483,52.821,36.75
43.292,47.833,34.125,36.684,34.042,39.059,36.7,38.8,55.316,57.75,36.812,39.158,23.154,33.382,48.926,34.629,45.75,59.281,44.917,34.333
41.0,52.739,56.65,34.667,33.583,29.737,48.211,30.769,45.706,27.647,30.714,38.625,57.706,33.0,30.63,34.972,44.387,23.154,47.5,32.727
38.667,51.273,50.562,23.333,32.864,27.182,37.529,31.25,42.75,45.278,29.438,54.733,76.35,29.438,35.214,28.5,29.781,40.679,43.091,41.423
45.556,67.05,45.125,47.708,27.913,24.0,48.188,32.842,34.263,33.789,33.688,65.737,28.0,26.222,45.577,33.457,40.731,47.607,36.727,39.571
62.875,42.25,44.188,37.826,47.375,38.727,63.5,30.7,34.75,29.556,45.167,67.176,40.278,32.152,28.963,35.655,24.5,37.375,23.875,19.333
48.375,52.583,30.7,41.773,38.727,32.13,36.235,44.706,59.05,28.538,41.8,52.55,16.353,36.314,38.448,54.444,30.429,29.375,47.5,25.917
32.375,56.375,35.4,57.905,64.292,17.55,32.0,52.158,25.706,41.556,42.688,35.5,35.188,44.111,67.97,57.517,37.655,33.719,28.312,32.63
35.0,40.524,17.4,16.0,30.929,30.667,51.9,14.636,25.4,33.25,11.312,20.706,52.105,49.733,66.722,50.344,28.312,32.071,26.923,37.393
53.25,34.6,25.235,38.389,39.722,14.333,22.875,22.267,24.143,25.65,44.133,34.05,59.0,28.345,46.5,21.75,31.219,34.714,39.417,29.889
39.5,25.75,22.95,16.6,48.474,31.421,31.65,37.059,37.75,42.944,57.875,54.526,48.667,32.344,32.278,40.1,44.438,29.5,36.875,37.192
62.318,36.083,24.7,29.529,66.875,43.167,38.5,40.65,38.4,26.45,56.875,35.947,41.7,16.6,54.143,25.031,39.906,42.5,43.611,39.393
26.625,29.5,48.056,50.056,32.0,25.353,22.75,25.0,41.706,35.9,32.385,49.632,48.267,24.562,45.278,19.3,35.071,51.786,23.944,39.357
38.5,32.55,44.65,40.737,53.381,60.5,22.25,10.286,46.769,26.5,49.929,41.438,41.625,16.037,45.156,32.964,55.565,35.357,32.6,39.667
36.333,38.55,29.765,37.2,46.909,19.375,39.6,30.5,52.0,25.2,53.4,22.812,35.231,34.118,39.0,28.1,46.346,29.833,32.885,48.042
61.762,50.947,16.3,47.13,40.667,35.905,22.3,35.75,42.0,35.9,44.625,28.056,54.765,29.8,44.75,34.933,40.609,20.471,46.0,42.32
33.292,43.9,26.765,40.25,28.238,52.273,47.4,26.188,53.737,19.75,51.812,39.15,55.15,36.556,41.581,22.893,36.87,28.3,29.0,33.25
32.762,36.3,33.1,22.9,30.056,33.955,36.35,26.632,26.9,17.333,26.133,31.737,48.95,42.583,25.774,42.769,39.464,35.4,37.833,34.071
30.174,41.8,14.188,22.913,37.273,29.043,24.529,27.05,21.7,41.105,46.562,48.267,54.5,30.917,35.219,37.75,42.821,30.882,26.136,26.731
33.95,39.778,28.111,29.929,45.0,28.278,42.778,14.368,36.895,40.0,47.562,45.2,31.25,38.457,46.484,38.542,39.417,24.083,39.583,30.154
47.333,46.947,50.125,43.667,55.217,26.783,13.316,41.667,51.611,56.353,31.7,43.0,19.632,38.75,32.25,59.5,32.393,17.696,53.095,20.542
21.417,67.35,30.588,33.913,69.458,12.667,22.85,44.0,48.222,44.2,29.8,35.55,53.4,29.344,37.938,48.741,25.839,26.875,52.708,46.952
46.158,33.043,38.5,29.444,38.913,21.5,27.0,44.389,28.111,36.45,9.353,25.941,59.8,34.0,49.6,48.036,9.281,27.679,42.2,44.458
20.632,49.273,36.417,38.789,26.667,18.842,28.941,57.7,36.45,19.444,34.222,40.4,45.368,34.938,42.097,29.75,26.808,29.917,27.062,43.37
22.312,46.958,26.35,35.778,57.043,31.167,29.316,28.0,26.125,37.312,40.105,54.75,33.333,44.147,19.231,39.0,29.56,22.889,34.267,40.917
32.625,49.6,20.35,48.778,17.706,33.542,61.438,34.65,24.0,22.235,36.35,59.789,49.316,38.194,24.04,59.783,41.167,38.375,51.955,27.667
52.957,22.4,28.905,33.105,18.368,54.211,48.25,18.789,30.389,50.812,60.05,55.0,56.6,38.441,30.107,44.76,44.393,21.038,40.417,38.375
63.625,17.579,42.458,28.444,22.409,49.667,35.625,22.688,53.0,37.15,53.105,50.85,25.526,56.765,46.7,57.714,49.75,15.238,55.583,47.393
34.458,26.0,41.208,53.583,34.667,50.895,29.737,28.812,37.625,40.0,61.412,35.895,30.5,23.308,42.69,40.038,55.323,32.692,51.792,33.32
52.417,15.167,31.75,46.905,20.737,61.85,21.632,27.722,37.947,18.95,18.278,34.7,33.45,21.042,42.586,46.538,37.677,46.926,52.583,31.4
34.375,37.105,23.5,49.4,20.421,41.391,26.684,39.923,39.611,25.176,26.706,35.75,39.9,18.344,59.219,31.714,48.903,67.423,42.368,21.375
57.043,28.125,16.667,11.25,46.125,47.136,28.667,40.5,48.211,33.789,31.722,43.65,72.105,19.194,30.71,46.077,56.062,51.917,55.625,16.143
46.087,34.292,12.316,16.412,56.059,50.095,20.667,21.929,30.8,27.7,27.3,59.85,56.35,8.577,28.111,51.889,46.4,41.852,36.421,15.593
28.05,28.565,24.458,17.167,47.053,37.19,38.158,28.688,20.0,9.556,17.125,34.5,23.6,18.533,13.259,31.036,32.357,46.594,30.476,34.821
12.909,23.583,49.167,34.471,28.0,20.478,31.35,63.0,15.65,33.611,38.438,37.632,37.158,44.414,19.167,40.667,27.714,18.8,42.625,44.0
31.292,55.417,50.917,46.043,45.526,23.391,34.684,78.5,31.056,33.65,27.812,26.95,61.389,34.125,26.069,49.607,40.071,27.083,54.875,22.05
33.478,20.667,36.458,42.444,47.381,20.474,18.917,43.65,31.765,14.789,8.364,56.611,31.895,29.971,46.258,34.037,22.25,30.769,47.85,35.667
58.792,29.958,39.917,29.0,35.444,19.25,22.55,21.231,39.944,20.25,28.0,39.842,34.632,51.379,52.188,32.5,26.893,53.133,47.5,42.929
29.5,36.1,24.0,10.429,54.125,31.05,45.857,63.812,30.4,43.3,42.615,37.65,33.562,33.613,37.812,40.25,31.464,34.5,45.348,31.958
41.208,30.905,9.625,58.412,45.278,26.952,43.65,57.056,13.4,25.895,57.143,32.417,59.125,17.844,30.516,31.7,23.0,33.895,36.6,33.5
25.625,37.75,25.174,32.412,39.429,41.273,42.55,50.25,27.3,26.389,54.688,30.125,54.25,53.233,23.318,37.594,40.393,41.842,19.8,44.0
55.125,27.043,24.333,35.278,49.043,46.435,29.083,54.267,17.65,12.053,37.625,37.1,26.5,48.967,25.786,43.8,49.0,23.438,42.391,39.542
33.913,21.591,45.714,53.5,66.333,63.708,17.55,62.7,25.25,18.95,22.812,41.65,27.0,33.611,33.0,34.156,47.083,39.522,47.75,49.286
16.739,34.348,27.583,25.438,37.105,39.714,17.421,60.0,21.65,15.765,19.8,47.2,27.4,20.971,23.5,29.219,49.036,55.6,40.393,43.852
19.042,25.565,46.25,48.2,36.476,22.846,44.65,27.333,24.0,18.0,28.923,35.235,52.176,21.5,26.844,31.29,28.583,40.905,39.857,27.115
29.583,34.208,34.875,17.1,53.556,27.714,56.438,17.667,75.55,12.312,27.875,66.059,60.684,41.629,18.962,27.594,20.053,21.6,32.593,34.786
49.042,41.042,43.042,29.143,47.273,34.45,36.688,35.842,59.25,41.0,44.5,54.3,36.947,33.361,19.0,19.094,24.769,19.739,45.111,10.87
59.208,33.4,51.238,25.688,20.176,29.882,43.55,32.6,70.65,47.0,52.333,43.45,60.05,51.586,26.719,26.885,22.37,16.5,27.435,21.407
64.583,49.857,65.25,44.8,51.217,43.895,35.2,26.55,55.95,49.1,39.235,30.9,49.737,44.161,33.323,37.481,31.286,12.895,21.45,29.296
56.625,75.619,47.792,35.357,58.417,30.75,22.353,32.9,49.3,28.5,40.875,21.25,72.636,42.034,27.583,32.032,37.708,17.87,21.75,21.88
62.458,49.0,69.095,24.762,18.05,28.6,38.765,57.368,44.059,37.7,32.438,46.438,29.348,75.69,36.731,47.469,40.783,24.261,22.375,21.708
53.348,36.045,52.667,24.542,20.25,16.667,17.611,51.667,61.438,34.35,45.062,42.789,40.826,61.708,27.031,54.581,49.083,25.4,22.083,29.286
72.5,65.583,30.958,12.591,12.75,17.471,30.167,53.75,67.474,22.65,39.125,76.375,56.217,55.519,30.0,67.219,43.522,27.55,30.0,35.741
76.208,48.45,12.5,35.542,28.125,31.958,18.647,44.579,41.95,55.556,30.625,79.882,51.318,48.393,36.773,53.419,35.083,28.154,49.65,22.704
51.87,15.5,25.955,43.435,26.043,28.789,22.35,37.118,37.632,76.684,46.688,82.789,42.87,24.095,25.381,60.469,35.045,37.783,41.7,20.75
37.542,48.308,51.5,55.261,75.375,19.105,40.8,48.0,31.5,23.467,64.182,73.684,28.625,41.812,46.156,62.0,48.062,31.435,44.368,21.333
26.792,48.318,45.292,47.4,42.708,26.957,62.0,38.5,26.25,24.0,86.3,45.3,30.952,59.719,37.148,60.531,31.389,45.238,31.85,24.133
31.0,82.1,46.182,29.316,16.857,36.833,67.529,13.35,25.1,37.579,62.05,38.895,40.087,47.152,61.091,29.774,12.208,32.292,45.083,47.8
49.182,44.786,25.125,20.882,49.565,45.045,35.714,16.421,56.45,26.85,61.056,25.778,44.375,40.7,79.214,45.625,22.208,15.789,39.696,38.125
37.083,50.556,47.667,34.158,67.833,31.85,57.632,44.0,52.824,34.474,50.789,49.333,36.316,54.5,55.308,41.643,36.154,27.042,30.667,21.0
41.417,33.526,17.417,43.0,90.542,51.1,62.529,44.1,41.0,23.533,51.684,50.615,32.81,23.9,64.5,36.448,54.536,28.083,41.88,28.25
25.682,36.2,15.833,52.8,29.19,33.875,33.882,27.474,15.083,48.286,34.95,27.875,49.458,43.657,29.111,42.125,25.429,25.958,18.583,36.143
65.583,37.278,34.0,33.833,51.619,23.591,12.8,44.6,24.188,52.3,74.95,34.15,42.125,51.69,52.031,29.719,41.643,41.292,30.857,50.25
55.348,44.7,69.958,50.111,64.583,24.958,14.8,50.55,46.429,37.842,66.05,32.105,59.722,58.5,76.419,38.214,55.25,21.875,38.269,29.826
71.625,30.278,38.381,11.5,69.095,26.81,40.778,64.778,37.2,22.4,74.7,62.789,72.625,74.231,65.033,27.714,45.625,24.571,24.429,10.833
41.417,46.824,51.792,21.5,39.176,32.333,57.25,48.65,16.882,8.4,74.556,51.929,70.053,73.406,39.938,11.812,55.312,65.769,24.4,19.4
22.522,53.4,36.75,11.417,43.625,77.125,65.895,57.154,18.2,42.65,69.9,40.312,63.235,49.259,18.722,26.5,51.839,63.464,24.0,27.75
30.792,48.792,36.458,47.292,58.476,47.9,35.824,25.0,16.25,44.158,64.286,61.0,61.944,33.536,14.947,50.906,54.75,45.786,23.0,13.154
69.333,46.667,66.5,58.0,49.696,43.792,35.765,33.111,28.95,27.222,60.5,52.25,49.05,39.783,23.333,57.219,41.259,49.393,11.958,21.455
44.917,73.773,46.583,32.588,62.217,24.522,28.947,39.714,50.111,46.65,77.722,46.25,28.333,40.562,20.08,53.097,29.767,48.16,19.75,23.25
39.783,59.524,71.208,52.75,54.905,29.826,21.368,32.6,65.65,60.769,79.526,43.0,75.95,23.871,31.138,23.467,29.906,32.632,45.773,27.522
38.25,79.333,51.167,49.526,66.762,40.625,50.941,26.188,35.75,63.375,54.5,40.929,81.0,41.694,32.542,25.25,23.188,35.941,35.419,41.542
26.455,39.174,30.875,48.0,42.211,74.792,49.235,46.688,58.944,27.812,51.143,58.75,42.056,57.314,26.69,32.062,39.625,26.167,48.581,37.95
46.5,30.773,32.083,68.125,81.542,87.091,52.278,55.263,45.579,31.5,84.211,76.056,64.889,23.484,52.645,78.607,33.0,74.536,56.231,34.667
51.565,15.238,37.955,20.688,76.545,53.75,36.15,34.0,43.35,37.188,77.2,81.85,54.062,21.074,65.484,59.258,51.75,48.778,48.438,29.167
60.955,21.913,51.95,30.5,53.435,45.737,11.933,12.0,41.786,11.941,110.35,68.312,47.6,41.581,66.857,63.625,27.345,56.786,21.875,49.375
96.85,27.333,35.286,55.895,34.917,34.917,30.267,28.429,52.95,20.6,30.111,48.1,64.611,57.576,67.893,47.516,32.406,43.107,23.677,43.8
53.5,33.542,43.043,27.786,52.333,23.167,33.722,55.778,61.875,42.3,58.35,50.8,56.2,34.364,92.821,17.719,31.281,52.917,40.29,27.333
57.85,75.182,38.167,60.286,51.909,41.957,48.278,57.0,90.062,23.6,52.2,44.222,57.611,37.611,35.419,17.438,33.0,61.607,44.63,19.357
70.3,59.778,17.25,38.826,57.826,34.818,46.75,47.65,57.125,27.7,51.8,86.9,65.5,52.571,35.042,24.323,45.548,57.679,46.821,41.958
74.35,46.45,21.125,43.05,34.476,20.565,53.647,37.9,30.947,21.1,41.3,67.85,52.467,30.486,34.259,30.808,39.4,45.643,31.75,51.542
44.65,35.042,11.5,52.667,37.222,51.333,24.353,27.55,21.25,42.2,85.611,58.917,69.2,40.257,65.609,25.741,46.938,35.519,22.167,11.125
63.542,23.81,14.591,53.826,20.417,74.708,23.8,11.812,48.278,23.105,52.2,61.077,65.0,57.833,113.536,57.677,36.625,41.464,24.208,41.125
77.167,23.25,23.087,56.842,40.526,54.217,37.579,49.0,42.3,18.5,62.857,65.667,41.417,45.727,46.846,52.12,28.393,51.889,17.778,38.417
81.083,58.316,20.292,69.8,31.958,45.208,46.053,52.75,46.316,24.933,55.056,60.5,63.0,46.0,44.75,78.56,26.531,67.333,51.032,23.091
43.6,50.958,54.125,59.292,69.174,80.458,58.211,34.3,57.0,20.579,34.688,74.133,39.625,38.543,89.036,58.571,32.219,51.333,48.769,37.958
26.789,75.286,59.417,48.25,58.474,27.5,46.211,63.765,62.85,46.833,60.154,72.278,41.267,32.028,43.423,15.607,39.214,52.083,41.28,21.778
46.091,32.391,38.208,36.65,73.474,40.75,63.667,105.222,50.85,38.9,72.4,80.2,63.929,69.528,30.792,38.955,62.875,88.25,40.731,17.957
40.091,22.167,29.958,18.158,98.667,24.5,61.667,54.944,57.5,37.05,96.25,67.529,60.333,39.972,57.88,54.704,26.4,79.214,41.5,32.042
65.958,31.167,33.417,30.45,72.174,33.792,52.5,40.7,61.765,24.625,93.7,92.35,81.8,27.971,43.042,50.25,33.583,48.778,47.034,38.458
89.417,45.042,39.818,52.778,75.316,77.636,26.737,73.1,45.167,65.25,103.1,70.85,75.375,24.188,37.211,50.846,61.438,47.179,29.233,21.417
60.2,52.957,27.167,47.583,66.739,29.045,55.278,75.692,86.0,47.211,88.65,80.8,67.842,17.607,56.625,35.88,30.812,29.652,56.429,26.8
69.368,54.625,61.682,19.864,63.083,84.227,52.222,126.15,32.643,44.95,87.9,69.45,28.8,65.794,78.8,38.75,41.562,28.214,25.594,23.833
99.583,74.458,27.833,58.958,45.875,62.5,43.938,69.0,63.312,46.05,50.35,42.533,49.889,65.829,54.906,26.286,66.393,56.481,52.571,36.792
76.75,54.792,22.25,51.917,63.696,38.435,65.4,33.789,82.316,46.6,82.0,74.933,41.5,33.083,53.0,55.781,62.594,48.767,49.448,56.917
106.333,34.208,22.75,47.174,62.278,27.917,53.2,81.65,61.4,52.7,63.125,58.562,67.938,44.806,40.562,50.857,31.0,76.75,45.556,33.821
85.833,42.333,40.125,53.957,51.5,74.625,50.556,77.4,54.2,47.118,56.85,33.667,35.389,43.667,47.111,64.067,67.37,53.828,54.172,27.214
97.125,72.565,29.792,47.292,52.333,67.875,39.5,33.4,56.263,53.588,52.235,57.55,37.059,63.062,79.964,111.517,53.156,26.594,46.067,44.704
81.636,68.375,58.3,72.917,62.435,59.348,6.938,78.647,71.722,53.75,51.737,50.8,29.353,41.375,59.71,56.968,27.238,59.419,73.935,51.591
111.364,59.208,33.167,77.333,53.609,94.636,12.947,91.882,107.176,77.85,60.75,48.263,51.65,46.355,63.321,74.875,20.071,58.893,70.484,56.615
84.917,44.864,24.435,64.208,60.533,47.714,50.421,87.471,46.941,16.471,79.85,61.35,55.85,55.897,37.25,17.594,35.548,47.0,57.031,51.0
106.833,34.75,45.167,69.667,64.176,70.2,67.0,89.0,42.167,35.643,92.364,32.5,79.75,33.867,28.958,100.786,43.821,57.286,77.185,49.458
71.833,44.25,51.542,54.875,62.222,85.65,77.947,38.4,68.4,53.333,81.938,49.25,78.5,84.194,58.6,73.281,50.0,75.656,72.065,62.5
79.667,75.9,61.227,65.667,57.55,41.438,66.4,8.533,84.421,31.294,103.688,64.0,39.316,57.114,48.903,67.344,56.962,68.906,30.179,50.958
56.375,72.529,52.5,74.217,81.571,32.25,73.25,46.105,33.45,36.75,75.571,64.933,52.55,38.812,48.25,89.308,98.406,29.862,73.828,56.75
85.833,47.136,83.727,76.125,68.773,23.533,87.0,39.235,89.545,64.05,112.875,24.938,75.0,66.111,54.067,88.0,36.156,38.5,51.577,51.423
57.833,72.889,80.143,55.87,64.136,64.2,59.867,37.2,58.55,59.9,77.188,57.545,89.6,78.118,102.438,101.75,80.219,77.036,27.85,79.5
62.792,34.0,52.625,133.333,72.0,84.105,62.688,65.176,82.471,32.6,94.467,73.0,64.65,69.786,102.75,41.0,46.667,62.88,17.077,64.385
29.706,40.545,72.917,68.905,73.333,55.222,77.688,58.895,54.65,29.15,76.786,80.2,71.222,110.533,77.25,90.062,54.333,77.56,18.75,51.037
35.826,58.25,46.667,56.778,85.25,64.188,48.0,79.15,35.0,38.125,133.438,106.062,73.684,94.5,82.071,101.069,58.321,88.333,32.526,22.0
43.435,80.292,60.417,25.05,82.421,92.0,60.368,37.05,65.389,16.364,83.083,106.846,62.105,67.833,53.774,107.68,36.08,99.731,27.143,28.833
38.5,57.625,64.417,56.6,76.75,77.7,48.684,25.3,57.0,42.105,89.8,117.3,61.05,78.913,67.276,67.75,47.531,78.786,59.042,52.75
21.056,111.0,72.95,63.625,127.091,42.444,21.562,43.562,85.95,10.286,88.15,78.1,61.526,87.815,108.25,87.483,35.621,69.966,91.5,47.435
56.05,147.7,66.412,106.875,61.444,49.15,109.067,24.7,86.111,23.55,59.857,102.7,54.65,79.125,118.219,95.031,25.6,68.929,48.567,65.833
20.2,54.708,120.458,31.217,76.667,32.75,84.867,46.8,91.895,14.412,37.0,122.053,55.55,81.719,109.844,79.625,37.533,84.969,57.926,53.741
39.417,95.05,80.125,57.095,111.917,68.25,74.316,57.5,87.65,57.1,73.0,120.167,73.765,55.0,28.679,68.906,36.308,65.312,48.0,55.107
59.0,92.25,67.75,59.706,114.0,53.353,30.45,84.35,57.188,45.947,88.375,80.2,81.25,63.935,40.586,82.25,56.81,97.773,37.562,66.25
69.708,57.6,53.857,66.667,69.682,81.35,60.75,62.421,64.25,44.05,75.737,98.833,87.75,59.719,37.097,74.562,71.571,43.781,49.967,68.929
71.917,35.8,60.818,66.5,83.0,95.684,28.882,88.812,55.947,84.684,120.312,73.944,76.4,66.519,76.969,97.625,44.5,36.379,67.077,78.571
71.958,48.2,59.083,92.167,86.609,42.389,33.722,94.35,109.471,72.75,104.25,98.75,104.55,79.69,82.296,104.0,37.179,71.161,104.4,66.88
81.7,29.45,12.619,57.682,49.458,82.105,29.357,122.263,127.941,59.947,51.368,112.167,42.562,31.9,84.5,45.387,42.519,68.909,71.115,72.917
88.917,33.333,59.957,62.5,78.167,53.0,34.867,63.312,100.368,32.167,111.556,93.9,59.562,64.0,83.179,21.964,37.321,89.143,35.462,36.519
60.0,76.5,100.333,29.0,83.118,70.6,28.438,105.056,107.0,52.562,77.2,88.35,86.062,69.472,58.062,52.926,60.571,114.688,60.75,52.32
104.667,58.2,62.542,76.045,38.182,85.818,46.357,108.4,78.0,58.45,83.55,97.1,106.733,52.222,58.219,49.857,69.75,70.0,116.312,59.074
80.739,59.65,95.952,89.864,71.13,129.312,55.111,56.05,99.286,55.875,112.211,94.0,75.933,61.353,74.844,41.667,79.958,31.826,72.375,43.8
119.708,70.05,39.167,89.708,60.818,20.947,52.05,79.55,106.75,37.211,120.333,45.8,92.812,59.1,77.875,70.5,58.04,34.478,86.406,71.32
17.864,89.947,89.5,100.542,47.792,89.842,56.105,92.95,98.778,60.882,104.0,24.833,74.846,83.361,100.844,109.143,40.37,66.368,103.594,82.042
67.545,66.95,49.043,73.667,67.826,96.762,66.0,87.65,105.111,56.6,107.3,47.684,118.529,74.629,63.25,110.607,46.844,74.438,47.95,115.12
54.136,71.45,118.167,119.542,74.167,130.125,73.6,108.8,96.263,57.65,102.786,74.7,78.684,86.543,76.0,95.577,45.469,82.9,28.792,92.25
109.833,108.571,119.958,98.429,87.833,52.647,47.278,117.812,82.474,39.176,91.316,55.737,83.25,38.654,42.533,77.96,35.357,72.258,60.781,83.423
61.583,63.958,60.625,102.435,48.591,53.095,45.154,90.05,56.368,53.111,79.2,38.375,56.9,36.885,47.267,108.833,39.065,59.233,80.5,40.429
88.583,59.375,24.833,82.174,64.591,65.348,40.45,49.75,67.308,62.8,88.857,88.214,119.667,62.382,43.76,107.667,62.793,69.969,73.714,70.286
76.583,92.5,31.045,90.435,71.909,41.048,72.158,61.176,57.0,37.154,93.643,60.25,97.667,80.971,16.276,65.964,88.414,56.385,71.0,44.192
46.696,31.947,39.875,108.167,25.692,93.318,49.35,99.35,79.65,26.35,55.188,94.941,67.083,91.444,11.8,83.231,66.344,51.484,107.857,48.593
103.083,59.792,23.591,81.583,15.714,63.0,55.55,69.062,63.05,20.05,80.5,53.385,64.792,48.935,19.444,62.5,54.344,48.688,66.548,45.536
45.167,51.391,63.0,85.875,49.318,77.261,73.053,60.8,69.529,18.231,90.688,56.308,85.375,54.143,45.69,48.875,50.531,62.438,31.448,79.964
86.542,50.174,33.292,95.083,59.158,87.0,50.8,53.35,40.684,63.125,83.812,69.938,46.208,45.278,43.536,47.045,77.469,60.143,49.333,41.857
55.391,60.312,49.417,88.375,54.042,64.682,36.571,68.95,61.474,28.8,74.412,72.75,35.917,27.833,61.69,42.286,30.643,88.962,56.094,38.889
44.542,43.7,28.417,82.682,76.789,38.739,31.5,45.5,73.412,46.667,50.65,59.85,106.261,41.972,70.655,63.889,53.267,58.037,57.0,24.654
62.659,24.786,33.409,72.917,94.458,70.25,43.312,56.85,48.45,45.3,87.25,59.3,56.913,57.167,155.938,90.607,33.016,62.357,29.677,42.607
