24.75,59.875,9.727,13.708,59.208,19.4,8.429,14.25,2.417,10.526,1.05,2.6,6.844,2.036,4.944,10.556,27.143,2.5,24.175,3.475
26.7,63.708,6.19,10.381,41.591,15.15,13.5,15.562,2.625,4.0,10.15,16.1,1.438,4.357,19.417,1.829,3.071,3.55,4.846,7.15
17.45,24.125,10.714,31.542,19.958,26.45,15.318,15.333,5.158,6.95,12.75,5.059,2.5,15.667,2.0,1.056,17.821,20.222,8.222,7.886
12.55,107.917,10.105,35.35,8.818,17.8,21.0,3.45,15.542,6.4,2.19,9.55,12.469,26.962,6.0,2.917,12.5,3.386,18.556,5.5
41.0,47.083,7.818,11.2,18.75,31.938,38.5,8.562,21.292,4.05,3.611,6.211,16.31,13.571,4.278,12.278,3.071,6.1,3.969,9.091
18.7,29.917,10.85,15.818,9.318,15.1,3.083,4.95,11.417,2.5,10.75,6.556,3.929,6.786,6.647,4.735,1.273,4.0,8.3,4.727
17.05,32.708,20.235,5.455,17.333,16.5,33.9,12.5,4.917,11.158,8.143,3.4,7.429,11.88,12.639,1.594,1.0,33.349,7.625,3.949
20.2,30.792,19.158,13.929,23.722,10.6,29.8,3.222,5.381,16.0,2.182,4.5,2.786,2.421,18.625,0.893,1.071,11.705,7.278,2.841
15.9,45.773,28.667,24.85,13.25,3.75,22.882,39.0,8.5,13.0,3.417,1.0,2.643,1.074,4.333,3.538,2.643,13.455,7.353,10.45
19.75,23.042,21.217,35.583,6.85,9.75,15.65,15.059,5.13,15.05,9.292,3.0,3.538,2.935,3.0,3.639,2.071,17.927,12.833,1.977
44.35,46.917,18.348,14.083,19.1,19.409,25.8,11.0,5.708,15.55,6.5,6.294,2.143,17.643,14.639,4.361,1.429,6.025,4.925,3.952
35.05,73.875,9.333,32.542,37.682,14.727,13.45,4.6,4.167,23.4,16.333,1.25,2.931,6.733,3.028,3.5,3.36,10.114,2.15,20.955
23.3,44.0,5.4,18.792,44.211,9.136,18.3,8.0,24.458,5.565,10.542,9.611,5.9,3.031,22.4,4.429,1.464,4.432,8.1,1.0
11.85,45.75,22.0,13.455,69.75,28.583,5.5,7.15,6.75,15.792,1.81,16.842,9.643,1.844,3.152,7.333,1.071,30.545,8.85,4.045
10.65,34.0,13.55,24.5,9.667,37.667,22.125,16.55,17.955,21.947,1.368,3.65,5.593,7.8,1.516,4.375,1.893,10.409,26.6,8.698
9.1,43.5,20.905,26.667,6.5,4.3,10.944,7.278,3.0,3.478,13.217,1.05,5.72,3.893,5.171,5.235,3.821,7.595,15.7,7.575
10.3,34.25,24.833,7.333,1.45,10.769,10.706,6.636,2.55,3.375,1.25,2.842,4.615,24.241,12.583,5.306,8.107,4.472,3.421,16.682
25.4,24.25,20.167,21.167,3.188,8.769,18.062,10.3,3.435,17.75,2.043,3.688,17.368,18.7,4.167,6.889,4.107,4.108,14.243,6.75
30.0,14.458,18.833,12.048,10.611,9.812,23.55,21.35,4.792,5.286,4.55,3.889,8.381,20.806,11.529,10.056,9.259,2.744,4.294,8.932
36.55,37.0,9.55,13.042,15.286,10.053,19.75,5.25,14.75,15.529,3.708,3.211,5.318,26.812,7.583,4.222,11.481,0.974,3.861,3.477
44.65,33.625,16.375,14.381,22.45,25.583,29.15,3.95,14.208,8.583,2.792,4.85,8.406,22.194,3.057,2.694,3.435,1.95,4.806,14.732
19.05,107.2,10.75,16.81,13.9,25.3,14.6,5.15,9.263,12.45,4.818,4.35,6.0,5.679,4.088,1.697,3.077,2.05,4.306,2.475
17.6,37.833,10.895,8.435,73.045,4.4,6.647,11.1,13.0,5.667,5.1,1.25,4.71,7.538,8.059,2.306,7.593,5.4,16.722,1.932
19.8,44.75,16.125,15.708,9.375,7.524,11.95,2.786,6.75,4.917,4.417,2.0,3.5,6.5,3.417,5.861,5.214,2.829,4.275,1.8
23.6,111.417,7.375,15.792,7.1,16.083,7.25,5.2,17.136,14.875,22.143,2.941,2.444,10.519,13.943,9.688,5.192,2.634,2.448,3.341
25.9,69.5,26.0,12.5,8.933,11.739,23.692,6.85,5.917,5.7,9.273,11.882,3.656,16.333,4.917,5.375,1.786,9.841,5.611,2.068
19.3,43.125,17.65,5.647,27.95,14.364,11.286,2.95,30.273,5.955,9.565,2.95,14.133,8.208,3.562,12.414,1.643,8.325,4.3,4.545
44.05,28.125,40.4,25.609,22.083,13.783,17.2,5.8,16.818,7.292,4.714,34.55,6.419,3.368,3.214,3.875,8.609,6.488,2.425,2.575
32.05,33.125,16.0,22.0,6.889,23.167,16.188,22.75,5.696,5.591,3.286,4.35,2.419,1.875,5.529,6.875,32.143,9.9,1.325,5.318
14.8,32.5,18.5,13.65,5.864,6.667,11.0,8.158,9.1,23.842,3.083,1.737,3.714,10.708,4.056,14.935,4.75,19.139,2.95,1.75
17.25,39.5,15.087,33.15,6.5,10.133,22.625,3.333,4.261,11.87,4.458,1.8,34.097,26.556,8.469,4.188,2.438,10.882,8.97,1.864
18.4,34.25,11.5,20.875,8.083,17.75,9.059,2.632,4.579,3.083,10.227,0.938,5.0,9.25,8.312,1.781,3.938,15.467,2.667,2.326
16.75,50.917,27.083,29.0,14.714,13.0,11.231,2.643,10.167,5.955,17.042,2.75,11.24,10.594,4.438,3.031,1.531,18.25,3.056,6.955
21.1,30.417,23.917,11.409,27.0,18.391,9.25,15.15,9.042,9.3,2.955,1.412,3.143,42.062,11.094,1.938,3.516,10.028,5.639,6.325
31.2,26.083,15.786,18.455,6.261,52.25,5.917,2.5,4.042,10.955,3.0,0.938,4.645,5.219,3.133,2.5,40.469,8.444,5.529,6.614
15.95,14.75,12.235,20.75,7.55,21.0,16.167,5.35,3.579,3.143,2.562,0.9,13.931,2.036,4.094,5.344,11.714,3.889,2.278,6.512
23.25,38.5,15.083,14.579,10.1,5.2,11.833,3.263,10.938,12.958,7.5,0.875,3.161,2.387,9.219,6.633,23.375,3.4,5.719,4.364
28.25,33.737,23.9,31.438,42.458,12.25,4.0,8.438,7.0,17.25,3.65,6.1,4.0,4.857,5.5,8.406,15.531,2.724,4.111,6.65
9.75,57.565,33.7,12.167,16.0,17.2,20.25,7.263,4.375,20.917,2.2,8.176,3.222,14.483,3.656,4.938,19.406,2.148,1.711,1.306
15.0,64.792,16.9,7.95,19.375,30.118,10.944,5.9,7.125,11.611,4.632,2.235,2.414,4.406,1.812,2.545,5.531,0.889,5.763,3.886
45.4,16.625,22.0,13.227,19.792,7.75,7.55,2.65,5.667,5.167,2.556,4.05,6.906,1.452,3.92,5.0,17.438,5.429,3.475,6.773
29.0,34.667,28.0,38.071,22.667,7.556,16.056,3.95,6.583,11.824,1.938,5.6,5.75,2.688,4.639,4.172,19.033,7.688,1.675,5.15
32.3,38.5,25.818,27.882,27.913,12.583,70.7,2.529,3.81,23.304,5.75,50.5,3.844,6.852,2.457,6.344,11.375,9.781,5.919,4.575
20.05,46.0,13.667,24.833,10.05,3.25,21.188,4.55,5.278,7.708,3.438,23.15,1.571,2.583,4.694,3.031,9.969,8.875,18.025,10.425
24.15,38.708,26.083,14.13,4.75,18.0,13.2,4.938,3.13,9.0,1.438,7.737,2.281,7.033,4.719,14.156,14.5,2.75,8.182,1.833
25.6,27.917,30.478,4.542,3.875,7.316,13.824,3.55,5.25,12.417,14.933,7.55,2.25,8.0,4.556,11.625,9.5,2.219,9.111,1.667
32.25,54.125,7.0,8.25,20.091,7.227,14.3,25.235,5.667,5.958,6.467,8.588,2.917,4.562,2.639,4.344,6.065,0.875,6.545,4.636
25.45,58.0,16.542,23.25,13.714,13.0,8.154,4.3,3.625,18.125,3.278,5.0,2.56,5.903,4.152,2.034,6.071,0.5,12.93,1.705
40.4,63.375,17.542,15.955,9.318,7.318,17.125,3.85,5.708,10.5,2.05,3.737,1.759,3.655,7.867,3.594,14.125,1.523,18.886,2.05
27.2,35.833,22.042,16.667,29.391,12.417,5.312,14.05,11.923,6.125,1.75,11.9,2.516,5.857,3.167,10.75,22.812,1.159,3.925,1.079
9.85,24.75,20.833,11.85,9.458,9.583,9.875,8.75,15.542,2.409,1.65,14.25,3.424,2.188,3.545,3.656,30.844,0.475,3.486,1.136
29.75,29.125,22.696,5.478,9.417,7.524,7.188,4.944,6.182,5.083,2.45,4.85,3.343,1.677,4.222,2.406,13.438,4.023,11.351,0.543
33.9,34.458,9.235,20.167,5.167,8.611,9.263,14.3,5.043,1.458,3.105,4.75,7.167,1.385,4.639,2.25,6.5,6.045,2.464,1.162
22.75,26.625,12.458,8.333,1.706,15.545,17.875,7.765,8.208,4.19,2.15,4.0,3.484,2.0,11.333,2.688,2.188,1.955,12.312,11.875
27.5,16.875,28.75,10.458,2.957,6.042,20.348,4.25,3.75,11.417,28.318,3.944,17.818,1.25,8.111,5.781,6.333,1.372,7.75,2.15
29.292,41.583,24.043,13.917,9.273,10.455,14.542,13.0,4.583,9.833,7.167,12.765,6.417,1.6,14.969,3.688,22.103,8.614,3.188,2.442
23.375,26.125,25.045,17.583,28.75,2.75,1.125,3.7,5.0,7.875,4.391,3.5,8.333,2.125,3.5,2.438,33.929,1.432,3.472,2.045
8.458,23.208,11.833,15.182,25.619,4.083,4.933,3.9,6.435,4.125,25.958,3.15,4.061,1.607,5.0,7.75,8.8,5.75,6.333,1.952
18.208,28.5,9.958,17.25,9.667,9.091,14.2,4.737,16.292,3.375,3.042,7.0,6.5,13.536,2.562,2.188,3.125,2.326,4.206,2.273
36.042,24.5,9.625,13.292,7.667,9.375,24.95,4.4,7.583,2.375,1.857,6.875,6.5,43.538,8.917,4.531,12.156,16.389,11.286,4.837
35.042,9.417,10.0,10.917,13.87,7.875,7.522,6.75,14.208,9.476,3.737,9.75,5.382,2.893,2.281,4.938,3.062,1.727,2.464,2.628
36.0,9.542,14.565,13.048,12.792,4.773,6.25,4.2,3.522,8.0,13.526,4.0,6.667,1.37,5.423,7.393,5.241,1.216,9.125,2.455
26.667,15.45,86.708,15.0,10.217,27.375,16.438,2.25,2.875,5.75,3.0,4.312,5.722,4.125,0.882,4.062,5.469,7.35,3.938,7.025
36.833,9.333,36.833,18.111,5.714,6.292,7.25,22.588,4.136,20.278,3.773,3.45,5.056,5.25,0.906,3.5,1.781,11.068,3.607,3.094
22.167,37.478,24.095,15.81,13.864,3.625,15.312,22.308,3.217,14.625,10.167,2.278,12.114,4.083,7.722,7.933,8.75,2.837,3.393,11.875
28.708,25.917,17.235,21.5,28.792,2.176,10.05,6.263,2.952,7.667,17.875,3.0,6.857,11.143,1.833,9.906,3.5,2.415,3.844,3.613
41.417,25.0,15.042,12.208,14.958,3.0,8.333,8.2,3.625,8.0,7.2,2.769,3.655,3.259,1.222,7.312,1.774,6.659,3.219,2.083
34.667,25.458,23.95,22.4,1.842,2.471,7.708,9.0,22.792,4.292,3.917,5.333,4.513,4.958,1.083,4.594,1.562,2.7,2.364,2.525
27.625,23.542,4.182,23.947,3.739,8.478,7.042,6.8,2.435,3.85,2.167,1.5,6.632,1.5,1.0,3.031,1.692,7.525,2.111,4.875
33.458,14.167,15.909,32.375,13.565,7.375,6.25,3.65,2.412,16.278,1.957,4.75,4.7,1.357,0.889,1.464,1.059,1.818,2.639,4.344
23.167,26.042,25.45,12.417,28.955,8.417,9.348,3.833,14.522,27.737,18.417,3.65,3.821,3.696,2.697,0.96,1.381,5.231,1.35,9.344
14.75,27.458,14.87,13.958,24.882,4.458,11.174,3.35,6.0,2.5,21.083,3.6,3.886,26.0,2.812,1.222,2.417,5.4,4.472,1.944
24.667,22.95,12.7,39.929,16.65,6.091,7.0,4.0,3.591,13.542,1.667,8.45,4.243,16.857,2.824,1.714,3.958,2.0,12.459,4.237
19.708,25.1,13.45,7.4,5.35,6.6,7.625,4.0,4.1,2.304,1.864,4.3,13.8,10.75,6.444,1.679,4.478,2.472,1.694,7.167
11.875,23.136,17.4,4.8,9.889,4.042,9.375,6.45,9.417,9.958,2.364,9.2,17.056,3.071,1.029,1.786,5.625,1.949,1.919,4.5
17.917,11.958,12.1,8.375,9.3,3.15,7.261,2.65,3.667,2.389,9.143,18.474,9.1,0.714,8.257,4.893,7.519,2.543,7.475,11.3
31.0,14.042,16.696,7.056,15.1,6.95,13.158,8.75,2.0,3.667,13.05,3.562,5.861,2.429,0.944,1.8,5.435,15.229,2.35,4.525
21.875,45.042,14.435,7.9,18.042,8.2,3.75,4.9,2.579,13.625,1.727,7.458,3.258,3.357,1.875,4.5,4.143,2.725,1.35,4.525
16.583,31.583,21.684,12.579,45.905,6.55,4.421,4.444,7.333,3.458,1.35,4.417,2.438,3.571,23.281,5.708,1.929,8.95,9.95,6.75
15.458,16.333,18.417,10.75,7.708,6.1,8.375,10.0,8.417,4.917,3.0,6.625,1.64,2.308,4.094,2.036,10.75,6.325,2.946,10.65
14.0,24.667,4.35,9.7,0.6,8.15,9.87,3.944,16.333,12.042,10.353,4.3,2.321,0.957,3.688,7.964,10.893,7.575,19.778,2.556
34.375,25.5,19.917,13.9,3.8,14.263,13.762,11.312,6.792,3.632,2.5,7.421,2.182,1.042,4.438,2.0,10.429,2.29,6.147,2.15
43.708,21.292,10.833,9.45,17.522,5.3,16.625,7.95,3.2,4.5,1.87,3.583,7.824,2.0,8.964,2.357,2.179,3.194,2.719,2.55
30.875,34.5,11.048,7.8,32.0,3.6,5.5,9.35,2.467,3.368,1.421,3.35,5.531,6.36,3.103,1.48,1.536,11.0,3.031,1.875
23.458,23.583,17.565,44.15,14.792,3.95,6.417,5.867,4.412,2.0,5.632,4.739,3.205,32.357,2.188,1.344,1.5,2.139,2.917,1.4
18.958,20.458,23.13,13.8,9.579,25.0,4.583,18.263,3.957,2.1,2.316,4.583,5.026,4.385,1.345,2.194,1.25,1.861,2.2,2.125
25.792,15.833,8.792,8.056,33.625,18.188,5.2,4.95,4.0,1.65,12.7,4.0,13.27,4.107,1.516,1.688,1.357,1.417,1.45,5.5
23.957,15.952,8.375,8.958,6.375,8.308,7.083,5.1,4.542,2.45,22.765,4.913,5.028,2.036,3.833,0.969,4.917,1.581,1.9,1.939
28.292,18.25,9.182,30.125,13.087,5.8,7.125,4.438,4.667,2.467,2.941,3.217,3.65,2.286,2.5,1.281,2.13,1.806,10.3,2.85
31.1,23.208,7.917,40.125,12.545,14.25,10.562,4.25,4.348,3.833,2.412,3.476,3.194,2.571,2.091,2.25,2.75,2.875,2.55,14.9
26.35,34.958,8.083,35.292,9.5,13.929,5.208,2.85,4.667,1.0,2.286,2.952,2.861,2.179,2.514,2.25,1.5,1.105,1.625,1.868
17.333,20.042,13.913,21.667,10.778,30.5,3.25,3.111,4.263,1.714,2.208,4.042,2.053,1.741,2.515,2.5,1.25,0.825,2.211,8.188
14.125,22.583,17.737,12.667,9.053,18.45,3.45,5.0,3.7,1.174,3.045,2.0,2.053,1.536,2.514,1.75,4.75,1.139,2.3,1.517
21.0,27.5,11.0,10.375,9.5,6.056,8.286,13.0,4.947,1.125,3.667,2.3,1.686,11.185,3.594,0.889,10.833,0.893,4.9,2.286
8.5,27.792,12.65,8.792,8.55,6.571,7.81,3.75,3.905,6.389,7.714,2.042,2.825,18.185,1.917,5.861,11.667,2.156,1.641,2.25
44.417,15.583,8.391,6.458,7.667,7.111,6.625,4.438,13.957,1.19,5.5,2.947,3.825,2.571,1.083,2.639,12.929,2.333,1.351,1.531
25.65,21.458,9.857,20.35,5.0,25.353,4.1,3.75,3.958,28.435,3.708,2.5,1.41,1.625,1.438,7.861,6.429,2.031,1.825,1.312
22.958,17.083,10.85,17.0,7.9,15.632,1.75,2.5,9.636,3.833,5.174,5.8,12.436,1.304,1.375,7.0,4.143,2.128,2.075,8.241
20.833,14.292,14.261,16.312,12.391,11.15,2.375,2.15,4.636,2.478,1.8,7.167,18.35,1.375,4.094,8.55,9.257,1.892,2.25,1.714
4.6,14.15,7.435,26.636,3.792,4.938,4.875,2.2,4.05,2.409,4.783,4.042,18.8,1.679,11.259,12.0,4.667,2.5,1.5,2.643
29.667,16.625,12.6,13.0,4.625,4.75,9.35,3.312,6.0,1.458,7.87,9.55,9.513,1.231,3.875,12.1,2.75,9.472,0.882,1.607
25.333,20.417,16.211,14.812,3.458,14.5,30.958,2.588,8.176,1.583,2.542,11.217,3.25,1.286,2.594,3.5,3.562,1.639,1.75,1.24
19.292,45.417,10.25,4.5,3.773,21.895,1.1,1.133,5.708,1.381,1.304,5.913,2.778,0.679,2.679,7.056,5.75,2.025,0.917,1.031
11.2,37.421,8.417,6.368,23.81,28.0,0.4,3.55,2.25,6.294,3.087,4.208,3.152,0.893,2.321,1.41,3.167,1.7,0.971,4.812
21.583,25.0,15.087,10.75,20.043,38.083,1.312,28.05,4.75,1.105,3.125,3.708,4.028,1.323,1.483,5.567,5.08,2.528,12.806,6.655
17.458,34.083,17.625,9.81,18.696,44.375,0.75,7.188,31.478,1.227,9.783,2.125,2.971,2.281,2.472,2.917,2.571,8.306,9.226,2.188
14.958,19.263,13.75,12.833,10.5,27.75,1.941,3.688,18.952,1.85,3.167,3.0,5.306,2.719,1.556,4.2,2.893,1.216,2.917,4.438
14.667,7.4,31.2,5.95,8.458,18.222,3.067,4.688,5.609,2.917,2.583,2.348,3.0,2.08,2.562,2.025,8.643,1.513,2.719,1.312
16.125,15.208,25.421,8.7,56.043,8.143,4.444,4.727,5.133,17.792,7.522,2.9,3.475,6.0,2.306,1.111,9.643,9.125,4.724,1.281
15.875,21.708,27.3,8.75,30.619,5.45,4.25,4.312,7.478,1.556,2.75,3.5,2.973,10.871,5.0,1.697,2.643,2.523,1.594,2.281
11.083,20.0,20.2,10.435,21.682,7.778,2.4,2.95,4.208,5.5,3.238,2.25,5.194,3.533,5.152,5.3,2.2,2.917,2.188,1.719
5.2,24.667,35.8,12.842,12.13,5.471,3.5,3.05,5.792,5.833,4.4,2.5,2.625,8.031,4.629,4.03,2.125,5.3,4.0,7.312
9.458,20.583,20.4,14.1,7.05,22.875,9.4,5.053,4.0,3.167,3.292,2.417,4.641,5.16,5.758,2.9,1.679,2.579,2.25,2.156
11.2,30.958,22.615,14.722,10.565,2.667,2.8,3.8,10.667,3.05,2.458,2.292,3.485,2.367,1.943,1.811,3.516,2.025,4.861,1.719
12.417,12.435,20.556,13.273,11.208,2.1,6.478,2.55,4.792,3.208,1.667,1.75,2.444,4.357,3.0,2.45,1.406,1.583,2.0,1.688
19.0,14.792,15.7,12.417,7.875,4.25,8.25,4.421,5.136,3.739,1.8,2.217,3.147,1.967,1.889,1.825,2.444,1.395,8.657,5.25
23.333,21.667,10.75,25.4,9.364,25.818,8.417,4.25,5.625,3.739,1.792,3.083,3.838,5.469,1.222,1.378,2.136,4.818,2.111,2.917
19.125,18.292,6.526,12.227,4.905,11.938,7.45,6.9,4.087,3.833,1.727,3.542,4.722,2.862,1.476,7.71,1.938,1.25,2.472,2.444
16.042,23.833,9.75,19.857,10.619,12.0,6.5,6.1,4.15,6.917,1.864,3.542,5.111,5.276,2.792,2.231,2.125,0.909,2.639,2.71
14.792,21.958,13.3,21.444,9.619,7.875,4.35,3.722,4.609,4.125,1.8,4.2,9.25,0.844,7.156,1.667,1.276,1.523,1.972,1.889
10.458,30.6,8.211,12.1,10.75,6.625,2.0,4.25,4.158,3.625,1.25,3.15,11.862,1.625,2.276,1.55,1.812,6.705,1.675,1.75
12.435,24.688,9.545,16.292,7.167,5.875,4.778,3.188,3.167,3.333,1.85,4.895,4.0,6.067,2.379,5.556,2.312,3.514,2.15,1.472
20.609,25.75,14.429,16.958,2.9,6.8,6.87,2.667,3.909,3.083,6.7,1.7,5.138,1.625,9.31,1.806,5.968,1.81,7.0,1.886
22.7,25.85,6.8,9.083,18.786,7.562,7.85,3.588,13.458,3.125,3.75,8.458,6.222,2.031,2.156,2.194,4.414,10.85,3.683,1.545
21.5,27.25,14.1,15.5,8.524,18.667,8.45,3.55,4.375,3.083,13.556,13.619,10.281,1.688,2.852,2.312,4.357,1.705,1.682,1.417
19.708,18.875,11.45,13.167,11.875,8.947,8.2,3.0,4.5,9.957,3.5,4.542,27.417,12.481,3.28,1.778,16.1,2.114,15.795,0.944
16.917,20.708,28.792,15.368,8.435,6.773,7.75,4.312,5.3,3.348,5.421,13.545,7.444,2.719,4.0,1.889,14.172,6.295,1.122,1.062
12.708,16.333,14.286,12.952,9.783,5.75,9.85,3.929,7.75,4.333,7.55,2.625,4.083,2.103,2.375,1.641,2.562,5.675,9.5,0.871
14.375,13.75,15.619,9.3,7.25,8.952,9.042,3.6,8.87,6.292,11.05,4.062,3.972,2.562,2.156,9.8,6.5,3.561,4.75,1.0
20.2,17.792,12.81,12.167,4.833,6.625,9.714,3.35,5.348,15.174,12.0,6.471,8.5,4.656,8.875,3.15,4.031,4.75,3.025,1.088
16.6,17.875,7.562,21.292,6.708,10.905,4.727,15.35,6.167,10.45,3.632,4.533,3.484,7.774,1.875,2.237,4.306,6.675,1.784,6.833
23.0,15.208,24.5,5.864,11.174,10.056,19.696,8.55,9.476,12.389,4.263,6.062,3.97,5.286,5.938,6.1,4.917,3.45,1.65,2.265
25.0,12.833,17.857,12.0,8.722,8.278,5.0,2.684,4.125,11.611,2.75,15.938,5.611,1.929,3.594,2.375,7.156,3.182,1.925,3.407
18.792,21.125,5.895,22.056,7.706,7.304,6.5,5.556,5.4,3.333,3.625,26.4,2.833,1.125,1.343,2.0,1.656,4.975,20.075,5.167
6.417,22.958,17.208,11.083,9.842,10.05,3.9,3.632,3.667,2.174,1.947,3.462,2.844,3.938,1.677,1.842,2.719,3.833,11.325,10.656
7.739,24.955,19.474,11.826,5.042,7.25,2.9,5.95,2.875,2.278,2.812,2.286,9.406,9.156,14.722,1.475,3.375,3.114,2.676,2.469
16.708,16.389,16.75,38.75,2.417,10.25,6.087,6.412,13.25,1.2,2.769,2.688,6.5,3.062,19.139,2.172,1.533,4.386,6.8,1.375
23.87,19.739,10.167,6.375,46.056,13.0,13.625,6.8,3.818,1.571,3.846,2.905,5.312,5.188,2.972,1.581,3.594,4.091,7.472,1.156
25.0,20.417,4.312,10.87,12.478,9.556,5.722,24.0,3.417,1.667,2.824,4.111,12.222,3.032,3.156,2.857,2.037,3.114,3.65,1.889
18.625,28.5,41.043,9.667,2.522,13.45,4.917,3.5,3.083,6.0,3.85,4.0,5.0,1.688,6.257,9.393,2.194,4.136,1.925,1.438
15.333,21.583,26.45,5.35,23.737,5.05,4.696,1.824,4.409,2.261,3.389,4.458,19.611,2.0,7.028,6.857,7.25,13.65,7.083,1.966
15.167,16.125,11.792,5.45,22.389,2.25,7.174,2.412,3.591,2.333,14.15,3.55,2.258,5.593,11.444,5.486,2.656,16.607,10.225,2.065
13.391,47.0,16.417,5.957,16.083,4.95,21.714,3.389,2.826,2.375,6.75,4.727,2.818,9.48,18.688,1.944,2.5,2.725,3.094,2.52
22.0,21.364,34.864,7.833,13.958,5.478,10.583,3.55,2.917,1.75,3.6,3.7,7.697,2.538,23.861,1.75,2.143,2.649,9.833,2.938
23.652,17.571,9.167,23.0,37.318,8.15,9.87,6.25,4.667,3.957,6.4,3.381,3.588,3.321,2.333,1.412,2.286,2.806,22.342,7.75
16.667,18.65,9.083,9.889,10.45,31.45,6.458,4.3,3.565,2.083,18.85,3.818,3.389,10.071,15.31,1.838,1.943,2.297,7.65,2.528
19.875,19.8,11.909,19.45,9.565,7.471,5.75,2.05,12.0,2.565,10.55,3.667,6.429,2.444,13.636,5.15,10.893,10.475,7.256,4.114
14.792,18.0,10.458,11.75,7.773,7.292,6.042,7.895,8.333,2.25,5.55,7.136,9.0,17.704,4.139,2.444,2.139,6.472,7.061,5.375
21.45,21.208,18.125,4.0,9.522,6.684,5.083,3.385,4.0,2.957,1.95,5.333,13.417,4.938,2.452,8.256,2.306,15.75,8.5,2.0
13.3,26.55,39.556,19.542,6.5,6.4,6.952,15.667,3.158,7.583,2.1,6.375,17.759,9.036,5.114,2.675,1.972,2.4,7.206,4.5
19.0,33.375,10.0,27.0,5.292,6.6,4.652,1.769,4.0,3.292,15.176,2.583,10.375,2.0,11.364,1.35,5.278,11.056,1.722,0.741
17.375,12.87,9.15,35.5,8.368,6.062,30.667,10.533,10.75,2.688,7.85,1.826,4.0,4.286,1.531,6.875,2.944,5.8,6.583,1.438
19.208,22.417,8.105,8.167,8.692,7.524,6.611,4.05,6.375,3.333,5.05,3.182,14.778,1.406,1.514,11.925,2.176,9.2,0.639,1.062
15.792,34.85,12.75,10.435,8.25,7.667,3.8,2.45,2.667,6.522,2.667,11.417,5.861,2.156,1.312,10.077,1.484,6.75,2.226,3.25
13.458,24.25,15.923,13.05,6.35,25.75,2.65,5.471,3.45,1.87,5.789,3.217,3.333,3.069,1.533,3.257,9.3,4.306,1.258,1.778
27.375,32.455,37.316,10.842,8.875,9.292,20.688,13.0,4.625,1.455,2.65,1.708,3.971,7.719,2.621,2.615,1.875,8.212,10.226,0.857
46.667,22.292,6.35,16.95,8.625,6.818,4.308,13.4,6.0,2.208,2.938,2.391,2.781,5.188,2.107,10.7,3.55,2.324,13.688,1.188
11.0,20.917,8.786,6.312,5.083,8.524,2.684,6.8,9.895,3.417,2.158,7.2,3.457,2.929,2.167,1.833,2.0,2.1,9.686,1.452
20.625,16.125,9.0,2.4,6.125,7.304,7.05,8.75,3.375,2.368,4.333,4.0,2.667,2.594,9.444,10.917,13.857,1.4,3.333,1.618
16.522,17.083,5.7,7.118,7.5,51.909,5.889,2.6,3.083,11.762,4.7,3.235,8.0,1.419,2.364,4.806,1.972,4.7,5.806,1.083
22.208,13.3,9.611,10.75,8.737,13.545,8.65,3.55,8.478,4.042,8.333,9.318,2.538,5.207,1.969,9.306,9.375,2.318,1.833,0.969
24.417,19.368,19.529,14.25,10.708,4.609,7.2,11.9,3.273,6.292,7.522,5.174,2.125,2.062,3.323,9.45,4.088,1.295,5.312,0.806
16.625,18.583,10.188,14.762,8.208,3.609,5.188,29.737,2.9,14.522,1.625,3.5,2.25,2.36,3.688,3.675,3.694,6.969,9.179,7.531
15.458,18.125,12.25,22.739,9.619,8.0,8.0,9.526,7.25,12.348,1.87,9.65,2.176,5.484,14.0,1.75,3.861,2.743,0.857,1.939
17.792,22.375,14.474,32.05,8.167,0.7,3.0,22.15,4.75,7.1,4.435,4.05,3.455,15.0,9.625,1.056,4.25,1.0,3.875,1.444
19.591,17.958,7.15,21.706,12.043,0.75,7.278,30.0,5.125,3.435,12.542,4.3,4.632,3.074,13.688,1.306,2.429,1.075,2.525,5.778
29.542,14.05,8.158,8.353,8.636,1.455,15.421,7.4,4.696,4.118,1.87,4.05,4.075,11.571,13.786,1.611,0.972,3.238,1.3,2.028
29.542,8.5,19.053,15.9,14.273,5.45,7.2,3.1,3.864,2.05,2.579,2.875,1.55,10.4,2.172,3.308,1.5,8.625,1.056,8.278
35.125,8.867,5.125,9.824,5.739,20.25,4.95,2.737,4.273,5.45,2.917,8.583,1.375,14.208,3.6,7.1,2.778,8.0,1.343,1.606
19.167,14.789,9.762,7.889,31.095,18.65,5.55,3.0,9.9,6.522,3.292,9.875,3.189,2.286,3.167,1.974,2.972,1.2,0.806,1.618
17.0,15.125,7.375,27.0,8.75,0.6,9.95,3.105,3.381,2.708,21.583,1.652,4.719,1.731,2.625,1.375,1.75,1.3,1.306,6.0
23.333,18.542,3.611,9.708,7.55,1.273,7.45,3.75,2.826,1.909,6.708,1.778,2.825,1.435,4.639,2.231,11.111,1.227,1.375,1.75
26.13,21.125,4.81,8.1,7.381,3.5,4.211,7.75,13.9,1.955,3.458,1.55,2.077,3.429,4.129,3.8,1.971,1.86,1.125,5.325
23.125,20.458,7.087,9.65,17.167,3.667,3.222,7.933,9.2,2.222,10.333,2.095,2.775,1.929,4.914,2.056,5.027,6.523,1.9,4.417
20.348,12.833,9.158,11.611,14.105,5.2,2.35,11.083,3.417,4.45,3.955,2.4,2.944,1.75,4.406,10.694,1.975,1.864,1.35,1.579
32.4,26.455,9.0,8.81,11.652,15.6,1.35,3.938,4.053,2.833,3.4,2.95,2.944,2.286,1.861,7.029,6.556,2.023,2.833,1.515
16.35,25.353,9.409,7.5,10.9,4.312,1.45,3.667,7.9,10.174,5.917,2.042,2.25,14.292,1.679,7.2,6.9,1.25,1.658,3.206
30.25,57.353,10.312,6.833,10.417,5.25,1.9,7.714,6.071,4.208,9.478,2.292,2.0,5.667,1.6,8.4,2.575,6.273,1.541,1.765
29.3,25.409,8.048,7.333,7.083,2.909,1.882,16.5,9.722,6.083,17.409,1.708,3.125,5.857,1.722,3.925,1.55,1.78,2.351,1.684
20.19,23.083,5.87,6.75,6.542,4.333,2.05,4.875,3.625,2.3,13.0,5.375,5.735,10.95,2.778,3.59,0.944,2.171,6.7,1.5
21.417,29.667,4.619,10.5,20.588,5.158,12.167,4.812,9.542,4.292,3.952,2.958,2.167,2.75,1.389,1.55,4.5,2.4,10.475,5.077
38.792,20.917,14.773,16.526,3.474,18.65,5.05,7.375,2.667,2.238,2.864,1.815,6.444,2.368,1.528,2.027,1.061,3.886,2.125,2.25
30.792,22.045,12.792,10.75,6.318,53.0,4.55,15.2,2.905,2.125,2.833,2.036,1.806,2.778,2.086,3.5,6.975,1.75,10.9,1.806
35.333,15.417,5.467,11.368,17.417,21.3,9.35,5.125,2.75,2.45,2.783,1.821,2.118,2.862,5.455,3.857,1.525,4.182,4.158,1.243
22.565,16.875,10.684,15.0,7.417,7.15,6.75,4.875,6.211,3.583,3.5,4.207,3.333,11.966,1.938,1.975,3.1,3.0,6.0,4.575
58.25,16.167,7.9,16.208,10.167,3.722,10.55,4.769,3.409,2.208,4.261,5.586,2.842,1.75,1.625,2.3,6.757,7.083,1.525,9.229
24.167,18.583,9.421,11.864,8.773,5.389,21.9,12.308,3.375,7.875,3.273,1.594,8.114,1.0,12.281,5.875,2.7,10.289,3.775,3.575
20.375,27.542,9.0,10.905,7.045,4.625,2.125,8.125,3.091,4.375,7.143,2.16,7.605,0.969,2.656,3.974,1.615,1.667,1.308,4.103
20.417,14.417,7.0,13.3,18.273,7.062,1.65,2.812,2.696,4.95,4.217,2.312,3.275,2.062,5.276,3.85,4.703,5.7,8.1,4.7
17.792,19.458,7.1,8.7,8.609,16.35,9.562,6.938,2.632,10.083,2.75,3.032,7.175,6.429,17.36,3.472,2.974,7.05,2.05,1.889
10.125,17.238,6.842,10.917,18.435,3.467,2.15,20.938,3.125,2.435,2.458,2.031,1.944,7.0,2.062,2.725,2.6,2.025,2.656,5.778
11.45,15.125,10.389,7.792,2.348,4.091,13.706,10.214,3.412,2.762,2.375,1.594,8.0,3.233,1.906,2.325,4.75,2.027,5.188,1.9
12.957,16.542,8.133,9.5,1.6,5.188,3.688,4.692,3.25,2.5,4.25,1.821,1.697,2.583,3.943,2.025,4.486,2.25,1.235,2.031
17.708,21.316,13.85,7.417,3.667,2.938,18.688,15.385,10.542,4.227,8.524,8.414,2.5,4.964,2.278,3.256,1.65,5.875,8.44,1.938
18.583,18.5,18.6,7.292,6.0,11.0,4.8,14.0,3.375,6.235,5.667,5.281,3.444,5.95,5.786,3.325,5.865,2.375,3.556,2.656
22.85,15.333,12.15,11.579,10.167,5.167,3.75,13.625,3.25,3.727,3.091,1.875,2.825,2.217,5.0,2.394,2.462,8.886,2.25,2.31
29.05,37.571,6.45,7.409,8.842,4.333,10.05,3.0,8.7,26.417,3.773,2.065,1.425,6.6,12.833,5.833,4.425,8.455,8.793,1.677
12.05,20.05,7.632,5.095,25.85,5.583,1.5,3.25,12.778,5.048,5.458,1.688,1.649,2.969,1.972,2.694,8.725,2.771,5.25,3.156
24.55,25.158,13.176,5.304,6.7,3.947,3.571,2.312,4.864,5.208,1.917,2.071,2.286,2.966,2.125,7.062,2.9,5.286,2.025,8.893
21.45,10.05,10.95,10.458,6.45,10.273,4.167,5.188,5.095,3.318,2.304,3.188,2.865,2.531,2.636,1.625,2.719,2.857,7.263,2.321
11.95,12.35,35.05,9.875,9.556,7.917,1.75,6.1,7.875,7.333,2.316,1.781,2.175,1.375,3.559,3.844,0.909,2.795,2.95,1.5
18.4,16.958,13.6,8.625,10.227,8.842,2.3,2.7,2.227,2.952,1.9,6.143,1.639,1.5,2.5,4.139,0.703,1.705,1.35,1.208
14.25,10.917,6.474,18.0,8.625,5.217,2.8,5.65,3.5,13.909,5.857,4.115,1.949,8.704,4.0,2.182,0.9,8.318,7.225,1.571
13.9,17.316,20.2,12.8,13.208,3.652,8.158,2.95,17.81,13.895,10.333,2.893,8.5,1.935,1.771,12.556,1.6,10.295,3.85,2.5
10.0,17.818,10.438,16.737,12.333,16.35,3.0,9.083,4.6,12.85,2.417,3.179,2.975,5.867,2.029,3.906,0.925,2.705,2.0,1.406
12.9,17.85,10.688,12.1,4.417,5.619,3.188,13.556,4.105,2.625,2.458,1.75,2.838,3.067,3.229,3.562,2.925,2.023,2.167,2.179
32.05,18.87,8.263,8.35,1.188,11.583,10.222,2.65,3.652,3.35,3.4,2.444,5.833,8.435,3.639,3.429,7.27,1.825,2.235,1.312
15.15,15.958,10.812,9.1,3.875,6.478,8.412,2.95,5.583,3.4,2.619,2.292,6.615,2.281,7.139,4.536,1.275,8.325,5.325,1.031
18.85,13.75,8.45,9.222,5.846,8.381,19.632,2.75,3.087,2.261,2.048,3.821,4.25,5.0,15.576,3.429,8.275,5.4,3.773,1.438
23.1,13.917,7.3,16.522,12.1,30.333,4.25,4.15,8.1,2.818,2.368,1.421,3.3,10.107,2.222,5.786,1.725,3.025,3.295,1.357
22.8,13.176,7.1,10.75,20.0,15.333,9.0,5.474,2.833,15.75,3.565,1.583,4.325,6.143,2.129,4.821,2.6,11.8,4.854,1.375
15.833,20.556,7.95,11.304,13.824,13.667,10.895,2.562,4.727,14.0,3.667,0.625,7.475,4.417,2.156,7.375,2.7,3.658,3.535,8.679
15.667,9.522,5.55,7.773,12.1,32.458,23.95,4.2,3.417,5.042,16.417,1.071,11.7,3.222,6.909,4.375,11.3,5.031,1.209,5.724
19.5,18.217,11.6,11.292,4.944,19.833,11.45,14.542,13.417,3.957,2.208,1.042,4.367,2.25,4.75,5.438,5.889,1.625,1.512,7.7
16.875,9.333,12.9,28.375,7.833,16.091,4.625,18.75,4.818,6.429,2.091,1.308,2.361,2.143,4.444,4.138,8.1,2.324,1.075,2.036
10.882,22.7,15.4,33.143,7.45,4.565,12.2,2.958,3.333,6.476,1.81,1.37,3.538,2.0,1.389,13.52,2.216,1.514,6.614,3.522
22.211,7.632,8.25,8.19,14.692,4.208,18.15,4.95,4.87,11.304,5.333,3.741,3.158,6.481,3.667,3.286,2.825,3.541,1.136,2.68
16.5,7.0,8.467,9.174,9.647,4.667,3.9,3.524,4.381,7.542,1.95,12.607,1.75,10.375,2.971,6.429,1.205,3.05,2.05,2.286
21.35,22.056,15.438,7.875,20.208,9.0,6.65,3.5,5.565,13.789,2.95,1.037,2.081,2.633,2.226,9.185,1.477,14.441,3.535,1.219
23.75,16.278,13.25,12.292,18.542,4.75,3.7,2.708,5.421,9.364,2.562,2.208,4.579,7.033,1.857,2.688,0.955,6.525,2.19,1.688
14.583,9.933,4.867,13.917,5.542,4.571,2.647,12.0,3.739,5.75,3.882,2.136,6.075,7.472,7.375,3.531,1.023,7.375,4.841,5.548
18.25,33.438,13.812,8.458,29.5,22.417,12.333,14.917,8.65,5.083,2.458,2.292,3.694,5.833,3.222,15.714,1.528,1.05,2.273,1.469
13.208,16.85,7.875,5.583,7.292,5.455,4.333,9.375,13.217,13.176,3.75,1.719,1.833,1.972,2.083,3.312,1.386,1.842,1.864,1.786
15.375,4.368,4.6,17.824,6.55,9.917,6.35,13.167,3.333,8.522,4.263,7.5,2.028,1.583,2.781,1.214,4.179,3.136,3.159,1.31
13.125,6.867,7.1,9.174,21.611,7.292,10.2,2.611,2.708,9.773,3.182,3.321,1.694,1.056,2.964,1.893,4.409,2.143,1.6,1.935
10.75,5.857,9.188,17.65,4.95,3.125,24.688,2.722,6.941,8.333,2.708,2.156,1.885,1.441,5.531,3.312,5.523,1.318,5.386,1.903
22.417,12.833,7.25,16.684,3.95,6.773,5.75,2.875,8.111,16.5,3.25,6.29,1.5,1.686,5.483,2.548,14.61,8.194,3.778,4.438
25.167,13.364,21.412,6.75,6.85,3.636,17.7,2.5,3.143,5.762,2.955,7.75,4.688,3.156,1.625,4.875,2.786,2.0,1.775,2.219
19.083,12.542,12.438,6.375,2.778,4.391,20.875,3.083,4.375,6.1,3.0,3.688,11.375,1.875,3.844,4.375,1.273,3.045,2.778,2.306
15.455,14.167,21.25,9.8,4.3,3.375,11.727,2.417,3.125,5.391,3.167,9.0,2.5,2.594,3.625,1.594,1.526,7.405,2.026,23.111
22.917,17.208,13.545,10.0,10.706,6.1,5.25,3.5,4.083,2.3,3.083,7.276,4.718,1.533,1.846,1.607,1.263,7.727,2.1,1.722
11.542,26.095,13.0,11.5,10.167,2.368,4.2,4.545,4.261,3.421,3.043,7.0,1.45,1.355,2.033,3.083,1.75,4.227,5.513,1.531
9.458,17.263,8.636,15.833,19.0,2.75,3.95,9.261,3.227,6.174,5.375,1.516,1.278,1.722,14.867,9.28,2.273,9.045,1.424,4.441
18.625,7.571,5.562,10.333,8.6,7.0,8.1,3.895,4.952,3.25,2.458,1.967,4.923,1.815,8.8,3.607,2.861,1.842,1.679,3.389
21.125,3.667,4.938,8.6,10.15,13.5,3.0,3.13,2.565,2.833,2.75,1.844,4.235,1.296,2.125,1.63,6.111,3.514,5.406,3.222
15.542,4.864,5.125,6.05,14.312,5.0,4.158,4.048,3.217,7.889,3.9,2.556,2.275,2.938,2.062,5.458,4.265,1.562,1.812,2.629
15.0,6.792,11.467,5.947,16.294,4.652,9.714,6.0,6.583,3.625,7.417,3.704,6.316,1.219,12.793,1.929,2.389,2.889,9.475,2.056
12.667,5.0,16.706,12.727,5.773,4.375,4.75,2.792,4.042,3.158,2.65,2.148,1.949,2.086,4.656,1.5,3.188,2.417,4.114,2.417
15.375,10.8,14.579,15.043,16.7,11.75,2.812,2.762,4.222,2.217,4.571,1.583,3.41,1.5,5.0,2.038,3.188,7.75,4.925,2.469
12.875,14.0,7.6,19.167,18.042,4.25,11.45,2.958,4.565,3.048,7.609,1.542,2.342,4.879,2.179,3.04,6.429,3.343,1.705,1.769
27.292,15.762,5.158,14.682,7.083,2.211,4.5,3.955,12.952,2.833,6.458,2.074,3.972,1.647,2.286,1.741,4.114,1.312,1.225,3.16
12.083,6.5,5.9,6.5,4.417,6.316,8.353,2.7,21.238,2.333,3.955,1.929,8.923,1.528,2.333,1.679,2.464,3.438,1.1,1.812
11.375,9.917,5.688,6.5,5.682,5.583,4.75,2.783,3.087,2.05,2.87,1.714,6.556,4.278,2.125,2.4,2.143,2.938,4.062,4.125
11.435,9.375,3.667,6.938,6.095,5.083,4.056,2.875,4.958,2.348,3.273,2.278,3.025,9.306,2.0,1.792,4.857,2.154,2.222,3.516
11.167,3.643,6.5,7.762,4.65,5.4,6.9,2.25,5.217,3.667,4.4,3.1,2.45,2.306,5.2,11.708,1.56,1.643,4.389,1.516
15.375,6.6,6.733,7.818,11.737,3.375,2.45,3.81,13.696,10.684,2.458,2.1,2.225,2.36,1.55,3.667,1.571,1.429,6.793,1.278
8.125,15.208,7.615,8.125,17.435,1.333,2.4,5.762,11.857,3.792,2.375,2.3,6.719,1.656,1.714,2.174,1.062,1.625,8.125,2.522
13.684,4.667,6.875,9.565,8.375,2.833,3.611,3.682,8.143,2.542,3.083,1.611,6.265,1.719,1.926,1.821,0.969,1.286,6.324,1.125
9.263,8.913,8.938,8.417,4.609,2.048,3.294,11.542,4.391,2.261,3.579,1.231,3.462,2.971,20.643,1.929,1.538,1.786,1.081,3.556
12.812,12.083,6.438,7.833,16.636,3.261,4.5,3.4,3.7,9.5,2.6,1.577,2.59,4.576,1.143,2.536,1.68,1.893,3.333,5.417
11.8,18.208,8.25,10.111,5.583,4.696,4.857,3.208,3.85,3.957,2.625,1.964,4.5,2.056,1.185,10.722,3.875,4.071,7.581,8.062
15.053,4.5,13.75,7.208,3.222,3.05,14.45,2.478,4.273,3.0,3.05,2.286,10.925,1.767,1.519,3.154,2.083,1.781,5.556,2.194
18.292,4.471,17.667,8.652,3.8,4.75,4.722,2.15,3.895,2.542,3.652,2.607,1.8,2.242,2.478,2.964,5.5,1.312,3.932,4.943
13.292,8.864,15.2,14.25,4.636,13.833,3.263,2.722,3.842,3.375,4.583,15.571,2.1,1.586,1.75,1.76,5.923,3.065,1.568,2.794
20.208,6.778,8.8,11.318,5.6,19.227,3.0,2.333,4.45,2.083,2.375,1.44,1.882,1.192,1.52,9.071,1.763,9.531,1.614,4.273
12.958,5.238,7.421,8.167,8.25,3.368,3.5,4.789,4.857,2.174,2.375,2.929,2.444,1.719,4.143,3.107,5.474,7.72,1.114,1.152
13.958,5.0,11.375,5.75,11.619,7.375,3.211,2.474,4.478,3.227,2.5,6.25,7.529,1.389,2.143,4.852,12.325,2.179,1.111,0.833
11.25,5.708,4.952,7.8,14.957,4.682,3.25,2.85,6.5,4.208,2.417,4.643,3.5,1.194,3.593,4.321,2.914,8.152,1.225,1.167
14.5,5.895,5.375,4.85,18.238,7.95,11.95,3.9,3.25,2.15,3.0,1.857,2.056,1.229,1.143,5.407,1.278,9.639,1.4,8.611
9.8,3.684,16.889,7.5,11.292,2.625,9.2,9.947,3.292,2.357,13.75,4.214,4.056,2.0,1.087,2.783,1.639,1.889,2.5,3.714
6.9,7.458,14.375,22.45,3.917,9.312,5.95,16.739,3.167,9.4,2.833,9.143,6.686,6.306,1.154,2.407,2.6,1.242,2.395,0.844
11.75,6.952,9.043,13.583,8.208,2.9,5.231,4.136,4.05,1.35,2.333,4.75,3.75,1.556,3.417,2.036,1.3,2.76,5.103,2.139
13.529,10.65,15.125,8.05,11.917,4.0,3.4,2.476,4.667,4.1,3.0,4.125,2.278,2.4,19.583,1.893,1.923,8.583,8.312,7.694
15.7,8.857,8.889,7.05,27.409,4.5,7.889,10.65,2.65,12.7,3.0,2.667,1.636,1.771,2.333,3.464,3.05,2.214,2.325,2.278
15.733,4.542,6.917,11.941,12.105,5.765,5.105,18.261,2.85,2.692,3.706,1.5,6.429,1.306,1.5,1.625,0.944,1.714,2.725,6.528
18.0,4.292,8.0,7.0,7.833,22.333,7.0,15.0,3.25,1.85,3.737,1.381,7.972,4.194,1.174,2.643,1.818,1.65,2.75,4.0
19.1,7.737,6.583,6.4,15.708,9.625,7.0,8.562,2.789,1.583,2.375,1.75,3.375,8.812,2.778,5.88,4.0,1.275,1.417,7.75
12.75,6.765,7.042,12.955,29.952,5.95,3.438,5.708,2.857,1.667,1.9,10.179,1.793,2.944,4.656,2.393,9.8,3.132,2.4,2.083
10.263,8.81,15.208,7.15,4.792,12.882,2.0,7.292,2.737,1.5,2.35,3.107,1.606,1.417,1.375,1.929,13.818,3.857,1.694,2.062
8.9,7.826,13.045,7.0,5.167,0.812,2.917,2.476,2.45,1.5,3.167,1.292,3.824,1.343,1.406,2.704,9.421,5.152,1.917,1.429
13.864,8.875,7.958,4.65,12.25,2.273,7.429,4.458,19.875,1.909,2.1,3.963,3.872,3.056,1.281,1.679,1.415,1.275,1.097,2.75
24.125,6.75,21.042,5.15,10.864,9.304,4.167,3.261,17.667,2.05,7.1,12.458,2.763,7.571,1.179,1.714,1.048,1.0,11.139,1.111
12.958,12.625,13.167,5.471,4.739,4.05,12.062,2.208,13.375,2.625,2.909,1.8,15.25,2.741,1.821,1.455,1.325,1.5,2.771,1.222
18.042,11.55,18.833,10.294,8.667,5.667,8.688,2.818,13.81,5.273,5.75,1.286,14.692,2.9,2.639,2.143,1.318,1.05,1.2,1.306
17.708,17.571,24.5,8.9,9.0,4.375,2.833,3.375,13.958,18.5,4.75,1.464,14.811,4.294,1.625,1.286,1.614,1.0,0.625,1.441
28.083,15.222,14.75,6.85,2.25,2.762,9.75,7.136,3.5,3.5,1.417,1.667,1.861,7.057,2.4,3.714,3.318,1.1,0.722,1.03
19.043,8.125,20.583,7.4,0.562,5.0,1.3,10.857,16.917,4.35,3.875,2.16,5.139,4.844,2.667,3.214,4.364,1.0,0.743,2.667
28.478,8.522,6.833,4.1,2.308,5.826,3.5,5.318,22.583,3.667,1.947,10.786,15.556,2.344,1.944,6.107,2.45,1.19,1.115,6.914
28.875,11.0,4.35,6.062,3.182,5.333,1.188,4.042,7.333,10.143,2.2,5.111,16.657,8.188,1.743,10.893,1.9,1.841,6.281,1.611
23.0,4.938,4.087,9.583,7.0,6.0,1.15,6.458,5.708,11.619,3.158,8.444,4.889,1.586,2.0,6.679,2.111,2.409,1.75,0.941
15.417,11.4,13.591,13.056,20.542,5.5,2.9,5.304,6.565,2.417,5.0,4.786,5.444,2.062,2.5,6.88,4.086,1.581,1.935,0.906
11.8,14.0,8.542,13.417,23.227,6.188,10.357,3.333,3.167,1.364,10.042,3.679,1.743,7.188,1.889,2.893,1.231,1.738,1.069,1.0
14.958,21.214,9.85,11.5,10.458,7.923,7.812,3.048,3.667,1.625,10.792,1.682,5.194,2.125,14.5,1.107,0.975,1.683,1.667,4.091
20.125,9.947,5.208,7.952,20.958,7.824,19.875,3.261,15.0,2.583,3.857,1.636,6.143,4.333,3.611,3.286,0.875,1.317,3.875,4.5
21.375,12.409,9.667,6.95,15.579,5.25,14.333,6.364,13.0,2.0,3.217,2.391,2.357,3.306,7.25,10.929,1.333,1.061,1.1,1.056
22.208,11.042,3.318,10.3,26.522,9.2,8.0,8.167,7.0,1.286,3.048,7.632,1.645,2.0,4.25,2.481,9.917,0.889,1.325,3.028
17.524,8.45,3.75,32.9,13.208,4.55,1.9,4.042,2.062,12.952,1.826,1.25,2.688,4.0,1.278,1.75,0.833,1.05,1.216,5.212
25.333,7.0,12.818,9.4,13.955,3.333,1.375,5.917,2.188,9.625,4.792,1.704,4.5,7.0,9.5,1.536,1.75,4.15,1.969,12.972
17.5,5.25,20.667,13.368,5.778,2.542,1.75,6.25,4.615,5.667,6.167,2.214,7.625,4.423,13.667,1.852,17.7,0.825,1.306,3.743
35.417,7.818,11.35,6.5,10.1,10.318,3.1,6.5,3.429,1.125,5.792,10.259,6.647,13.481,15.861,1.333,9.225,0.833,2.528,1.357
33.917,8.783,11.696,5.6,4.85,2.647,5.8,5.375,2.438,1.042,4.217,6.273,4.727,7.656,5.917,1.179,6.975,1.925,1.625,1.147
9.647,22.042,10.792,3.75,11.5,15.708,14.0,5.292,2.25,2.0,3.909,1.412,7.35,10.192,2.083,1.625,10.925,8.025,1.611,1.361
8.5,23.708,23.042,10.118,9.118,14.0,4.176,3.739,2.05,5.316,3.111,16.0,2.44,2.25,1.818,3.179,28.864,4.778,1.639,0.778
30.208,17.708,43.125,20.353,5.65,11.125,4.25,4.333,4.65,2.05,3.875,17.812,3.214,1.759,1.781,5.75,1.9,2.556,0.919,1.0
23.083,23.0,12.833,4.273,23.4,6.565,7.3,9.55,14.75,7.952,5.818,2.15,1.464,4.241,1.344,5.286,1.167,2.028,1.0,2.281
13.792,19.792,19.667,17.417,15.067,6.0,2.05,5.947,14.0,4.571,7.042,7.55,10.714,1.469,1.375,1.92,1.295,1.323,1.886,6.0
12.842,17.708,10.917,16.933,19.4,11.958,3.9,6.7,3.7,3.6,4.125,1.278,13.741,7.912,1.435,1.607,1.659,1.517,1.659,2.222
8.773,12.957,9.87,20.917,4.95,16.565,3.353,8.35,11.7,3.0,4.524,4.833,3.25,10.226,1.281,19.393,14.244,0.966,5.659,9.594
15.143,6.682,8.292,34.375,67.105,22.261,3.412,9.826,6.85,2.824,5.714,16.103,9.393,1.656,6.677,31.76,1.488,3.972,5.105,1.361
23.9,5.667,9.5,9.174,22.7,28.0,4.8,6.895,18.7,5.412,6.0,6.219,2.957,1.812,6.312,2.786,4.865,3.875,2.273,7.556
25.045,4.833,10.312,11.167,11.0,10.304,1.65,2.9,4.294,2.2,5.708,2.609,2.964,4.735,7.031,5.393,0.917,2.778,3.523,2.583
31.85,6.375,10.133,12.0,7.714,3.75,10.75,2.571,2.105,2.55,2.375,2.607,7.929,6.528,8.088,2.857,1.425,4.722,1.14,1.806
25.909,6.917,9.696,5.438,20.045,4.909,6.5,5.789,4.471,3.091,9.5,5.321,2.593,3.361,28.571,1.75,1.3,2.5,2.073,1.758
27.958,10.571,7.208,10.941,15.458,11.227,5.4,17.45,11.875,3.25,17.792,2.0,6.0,2.083,1.778,1.607,1.375,2.75,1.5,1.0
25.625,19.682,4.083,8.5,9.875,1.273,3.625,21.65,6.118,5.105,9.304,14.179,2.406,3.5,2.111,1.821,2.125,4.55,1.639,2.625
23.15,13.55,3.1,14.7,8.0,4.083,39.9,13.4,6.4,21.737,7.833,20.464,2.688,2.143,1.75,6.536,3.833,6.25,1.4,14.656
25.35,17.625,3.786,7.762,7.833,32.952,3.118,8.15,4.6,24.35,13.565,13.952,10.161,2.333,11.286,5.071,8.325,1.682,0.975,3.944
24.125,8.333,3.8,18.75,8.5,30.542,2.8,2.55,8.3,2.238,3.042,2.5,2.5,6.583,8.722,5.929,3.8,26.545,1.974,4.143
29.292,7.7,8.263,12.292,16.857,11.417,9.95,5.706,6.125,2.059,4.353,3.321,1.714,2.129,1.515,9.3,1.625,11.45,0.897,8.75
34.667,9.583,11.87,20.955,3.609,8.917,6.7,12.632,6.368,1.231,8.739,8.286,2.25,15.375,7.667,23.786,1.2,12.75,3.062,2.639
15.435,15.565,10.0,12.958,21.0,32.0,49.368,5.059,6.25,2.0,9.292,5.2,3.214,1.639,13.452,9.75,5.375,10.167,8.815,5.917
20.783,31.524,16.208,3.591,23.458,5.0,6.353,8.0,6.3,8.75,15.381,5.792,4.214,2.25,2.375,2.107,3.667,11.75,5.5,1.429
24.833,12.0,14.125,1.5,27.2,30.882,7.65,19.478,5.1,5.792,8.042,27.679,7.75,4.528,3.156,3.08,16.075,27.71,2.034,1.028
24.917,5.958,11.917,3.0,28.583,7.625,7.389,13.667,4.5,3.739,7.6,2.464,8.92,5.694,2.844,6.036,2.061,8.861,1.656,4.722
22.583,10.542,14.435,8.542,19.957,14.55,8.7,10.583,5.1,1.765,5.35,7.0,13.812,1.75,1.8,7.536,7.889,5.25,6.968,2.194
33.05,13.6,16.955,24.737,19.5,29.5,3.45,15.292,8.316,3.952,16.0,6.857,5.871,1.556,1.333,13.143,8.114,10.528,1.781,1.0
29.9,8.792,6.143,14.5,12.765,7.312,4.824,31.824,10.062,8.722,44.25,4.429,6.452,1.111,6.375,2.036,1.5,1.083,2.286,1.469
26.947,11.043,21.9,3.708,8.65,25.25,4.118,19.381,3.471,3.85,7.55,8.481,3.844,2.333,5.143,1.786,2.475,1.225,6.222,1.143
25.375,18.348,11.579,23.667,13.25,18.45,4.15,7.833,5.882,5.05,3.35,1.579,8.219,10.722,4.278,3.357,2.475,8.25,1.788,2.5
27.0,14.708,14.167,14.417,14.625,7.474,9.105,4.455,3.158,9.7,5.0,5.273,1.679,2.306,3.056,5.25,18.818,6.5,2.306,7.833
43.083,11.333,6.375,13.35,12.571,3.958,23.0,15.542,4.5,2.75,3.474,4.083,10.429,2.889,2.611,4.0,2.811,11.244,1.833,6.735
41.417,15.0,20.583,14.571,13.522,18.208,6.562,34.542,12.35,7.438,3.85,2.696,1.222,12.056,2.636,14.107,2.5,7.818,3.5,2.944
33.0,29.696,22.417,3.875,10.188,20.5,12.5,4.625,12.667,2.857,4.2,3.667,1.571,4.848,8.812,22.042,9.773,1.273,1.389,3.833
17.375,47.208,42.45,28.5,10.238,12.542,2.2,9.458,9.0,5.4,8.042,4.679,2.25,3.129,6.344,6.464,1.114,3.477,2.861,2.897
73.5,11.957,12.4,23.824,11.333,31.833,1.769,16.286,18.438,9.8,7.125,3.679,11.179,3.219,2.714,16.393,1.523,2.553,3.971,4.719
12.25,12.455,8.652,21.042,6.4,39.111,4.706,10.667,5.294,2.5,6.458,5.778,7.156,3.172,1.417,1.429,3.977,1.75,3.389,4.438
40.292,15.111,11.625,17.292,8.2,23.917,20.462,7.053,6.3,3.5,8.158,1.7,12.893,1.719,1.861,21.583,5.068,2.973,3.839,10.778
42.042,12.8,16.458,6.348,14.211,21.917,18.733,4.083,9.95,6.385,13.0,2.733,13.031,7.71,2.222,19.75,6.395,8.318,2.425,11.528
35.458,16.25,17.682,17.042,10.957,10.762,24.7,3.333,14.737,2.35,7.042,12.267,1.531,4.0,3.083,13.357,3.05,3.977,1.175,3.885
33.958,21.333,21.0,14.792,12.455,7.792,12.188,5.833,4.0,3.5,4.389,3.2,6.344,2.31,2.333,5.625,12.227,3.409,13.075,1.781
37.583,10.458,70.458,21.25,13.783,5.667,14.333,8.571,11.778,2.9,6.958,1.643,9.375,4.343,4.676,6.458,2.159,2.139,4.632,2.656
31.833,12.75,16.833,2.562,12.333,8.375,8.0,7.842,9.55,16.208,6.458,5.731,9.406,14.0,20.312,7.25,3.614,5.923,1.25,10.667
29.875,9.87,10.045,41.35,11.125,16.833,7.75,16.955,9.25,2.292,4.579,8.037,3.552,14.448,13.5,9.8,2.684,17.9,0.812,9.706
31.818,9.667,54.958,23.05,14.909,22.0,9.5,11.208,4.45,2.792,8.458,27.458,4.552,15.636,7.556,18.875,1.444,11.05,1.057,4.676
17.042,11.917,11.167,14.421,23.053,23.857,4.75,18.333,3.947,0.6,31.043,10.75,5.75,20.583,10.424,12.167,2.205,13.275,1.611,1.448
29.826,53.292,31.375,6.957,10.9,15.308,11.95,18.042,6.111,1.381,14.9,6.167,4.156,8.188,2.156,19.08,1.667,16.079,1.667,2.714
15.167,26.955,23.958,16.286,28.3,12.938,8.15,3.864,6.5,1.25,16.8,6.9,2.406,6.533,3.606,4.148,1.952,12.5,4.121,3.607
14.833,56.5,18.333,30.696,39.5,7.133,2.062,4.312,7.15,0.958,15.333,7.531,3.393,3.536,5.556,28.818,1.349,8.056,15.128,2.188
27.292,52.917,20.895,43.667,17.7,8.25,27.667,4.389,6.0,1.917,16.105,18.633,2.929,6.938,7.6,6.429,0.86,9.222,4.775,2.875
13.833,26.25,55.182,3.083,26.65,10.375,18.083,3.95,13.05,0.875,3.5,22.391,16.375,14.724,28.111,14.821,0.721,18.056,3.295,3.556
26.0,34.13,36.261,20.708,20.263,31.5,14.867,5.25,13.2,3.5,5.0,16.333,3.964,3.438,3.389,5.615,1.475,3.1,1.8,4.667
21.75,34.792,17.375,15.0,50.75,8.875,2.9,7.158,7.2,4.136,18.792,11.906,6.156,11.875,3.25,29.571,2.694,1.583,1.682,7.667
35.875,8.562,14.417,12.619,14.571,33.389,5.4,4.85,5.312,7.471,4.409,7.0,5.393,4.6,1.7,6.821,6.65,9.775,2.591,4.469
31.875,11.2,14.7,9.417,18.706,24.8,6.65,19.889,4.412,15.0,14.773,10.871,4.321,5.375,5.417,14.24,5.162,14.425,20.537,3.781
28.125,9.9,10.65,19.0,25.529,13.85,7.25,11.125,5.188,15.105,12.708,18.0,6.107,24.25,6.778,9.107,5.55,20.528,9.806,2.656
49.708,13.609,5.864,16.708,3.625,32.611,15.15,32.304,47.7,8.625,5.043,25.6,2.043,1.281,26.361,2.536,4.75,14.464,7.9,5.344
32.583,12.0,13.773,14.0,19.938,13.75,6.667,11.091,42.895,3.708,16.619,19.844,3.571,6.4,15.706,1.107,4.955,16.08,1.15,2.194
30.875,14.458,41.708,6.625,17.2,24.55,6.556,12.217,15.438,9.105,16.667,8.71,4.536,8.639,12.833,2.607,7.136,12.0,8.806,3.583
37.625,16.708,25.083,14.75,5.077,18.227,4.765,10.667,7.188,3.579,7.222,12.531,8.074,14.944,7.167,2.679,4.667,3.5,20.227,5.056
37.333,23.75,25.565,23.083,12.261,2.882,11.5,4.375,9.714,10.2,6.81,5.156,12.875,15.206,10.333,2.75,4.318,1.667,18.955,1.548
46.625,18.652,12.083,31.864,22.6,3.111,10.9,11.529,7.6,5.273,7.565,3.375,11.857,7.0,4.778,3.042,4.4,2.889,18.273,6.571
10.75,53.421,15.947,30.95,7.125,35.1,12.1,10.9,12.0,4.591,6.958,2.812,14.562,12.472,5.219,15.821,1.955,5.25,9.295,7.031
31.5,14.708,12.4,47.125,7.25,37.348,11.9,13.0,8.842,7.042,18.875,3.742,19.8,8.182,3.694,12.75,5.091,11.125,1.444,11.464
18.958,10.706,44.222,53.875,41.15,50.857,19.625,10.667,15.789,8.542,8.2,3.333,6.0,6.361,7.083,18.444,2.182,4.868,9.116,11.464
58.083,33.708,21.9,46.435,13.55,10.182,6.6,11.25,7.158,4.227,6.25,2.312,13.148,1.25,1.972,13.52,2.721,4.475,7.114,22.389
35.5,15.875,17.45,49.083,17.1,13.476,3.889,6.45,9.211,3.792,6.947,2.172,13.062,2.083,2.694,11.042,3.744,2.868,12.35,14.5
61.042,11.909,10.15,42.5,16.35,26.478,2.25,4.35,6.471,3.167,21.45,13.52,17.688,3.364,1.611,8.074,12.917,6.55,7.417,6.412
48.875,49.087,14.708,21.333,18.062,7.783,1.9,11.6,4.133,1.25,10.875,7.094,17.355,12.444,1.639,4.357,19.2,6.75,23.425,2.722
38.917,10.455,9.8,27.708,6.867,7.478,5.65,5.5,9.1,1.417,6.35,8.393,8.75,14.444,0.743,12.571,4.95,9.15,16.675,2.389
40.75,9.737,9.632,21.25,2.0,19.478,34.05,4.789,3.8,1.292,8.95,3.214,2.688,3.167,1.139,4.0,3.568,5.625,6.061,5.25
27.125,9.632,41.417,17.542,21.5,15.85,27.118,3.35,6.125,1.708,13.938,7.654,3.097,3.75,2.25,1.0,3.049,4.3,1.447,6.25
33.5,11.174,7.333,23.583,23.727,16.3,2.824,4.762,2.421,22.917,6.529,8.964,2.0,3.944,4.667,2.571,13.525,6.925,2.025,1.889
36.2,12.25,14.375,17.458,20.15,9.263,2.167,10.833,8.211,3.174,2.529,5.821,1.906,1.444,3.361,1.679,2.068,11.6,5.625,2.306
23.917,21.45,10.708,15.273,34.357,6.0,2.05,4.292,9.944,2.739,2.35,4.607,6.516,2.083,4.125,5.929,4.0,12.2,3.825,1.444
30.125,10.316,8.524,15.083,24.725,7.625,5.0,8.458,10.59,5.1,1.818,4.438,2.952,4.472,19.361,8.75,2.148,9.4,4.3,4.438
