Date,OPUVindex
2005-01-01,7.6000
2005-01-02,6.5000
2005-01-03,8.3000
2005-01-03,4.9000
2005-01-04,7.2000
2005-01-05,5.4000
2005-01-06,7.1000
2005-01-07,5.6000
2005-01-08,7.1000
2005-01-09,6.1000
2005-01-10,8.2000
2005-01-11,7.1000
2005-01-12,8.3000
2005-01-12,5.4000
2005-01-13,7.7000
2005-01-14,6.3000
2005-01-15,8.5000
2005-01-16,7.0000
2005-01-17,9.3000
2005-01-18,7.5000
2005-01-19,8.7000
2005-01-19,5.5000
2005-01-21,6.0000
2005-01-22,8.2000
2005-01-23,6.7000
2005-01-24,8.5000
2005-01-25,7.3000
2005-01-26,8.8000
2005-01-27,7.8000
2005-01-28,9.5000
2005-01-28,6.3000
2005-01-29,8.7000
2005-01-30,7.3000
2005-01-31,9.5000
2005-02-01,7.8000
2005-02-02,9.8000
2005-02-03,8.2000
2005-02-04,10.2000
2005-02-04,6.7000
2005-02-05,9.6000
2005-02-06,7.1000
2005-02-07,8.9000
2005-02-08,7.5000
2005-02-09,9.2000
2005-02-10,8.4000
2005-02-11,9.9000
2005-02-12,9.2000
2005-02-13,10.1000
2005-02-13,6.9000
2005-02-14,9.4000
2005-02-15,7.6000
2005-02-16,9.9000
2005-02-17,8.4000
2005-02-18,10.8000
2005-02-19,9.5000
2005-02-20,11.4000
2005-02-20,7.6000
2005-02-22,8.1000
2005-02-23,10.4000
2005-02-24,8.6000
2005-02-25,11.1000
2005-02-26,10.1000
2005-02-27,11.8000
2005-02-28,10.9000
2005-03-01,11.7000
2005-03-01,8.0000
2005-03-02,11.2000
2005-03-03,8.8000
2005-03-04,11.0000
2005-03-05,9.4000
2005-03-06,11.8000
2005-03-07,9.7000
2005-03-08,12.0000
2005-03-08,7.7000
2005-03-09,10.6000
2005-03-10,8.8000
2005-03-11,11.3000
2005-03-12,9.6000
2005-03-13,12.4000
2005-03-14,10.4000
2005-03-15,13.4000
2005-03-16,11.8000
2005-03-17,12.8000
2005-03-17,8.6000
2005-03-18,11.8000
2005-03-19,9.7000
2005-03-20,11.8000
2005-03-21,10.4000
2005-03-22,12.5000
2005-03-23,11.0000
2005-03-24,13.9000
2005-03-24,9.2000
2005-03-26,10.3000
2005-03-27,13.8000
2005-03-28,10.9000
2005-03-29,13.8000
2005-03-30,11.7000
2005-03-31,13.8000
2005-04-01,11.4000
2005-04-02,12.2000
2005-04-02,8.1000
2005-04-03,11.3000
2005-04-04,9.2000
2005-04-05,11.8000
2005-04-06,10.0000
2005-04-07,12.7000
2005-04-08,10.7000
2005-04-09,13.4000
2005-04-09,8.7000
2005-04-10,11.6000
2005-04-11,9.3000
2005-04-12,11.8000
2005-04-13,9.7000
2005-04-14,12.3000
2005-04-15,10.4000
2005-04-16,12.8000
2005-04-17,11.7000
2005-04-18,14.5000
2005-04-18,9.7000
2005-04-19,12.8000
2005-04-20,10.4000
2005-04-21,13.5000
2005-04-22,11.4000
2005-04-23,13.9000
2005-04-24,12.0000
2005-04-25,13.7000
2005-04-25,8.9000
2005-04-27,10.0000
2005-04-28,13.3000
2005-04-29,10.2000
2005-04-30,13.5000
2005-05-01,11.3000
2005-05-02,12.9000
2005-05-03,11.2000
2005-05-04,12.8000
2005-05-04,8.8000
2005-05-05,11.1000
2005-05-06,9.1000
2005-05-07,12.1000
2005-05-08,9.6000
2005-05-09,12.2000
2005-05-10,10.4000
2005-05-11,12.8000
2005-05-11,8.4000
2005-05-12,11.2000
2005-05-13,9.5000
2005-05-14,12.4000
2005-05-15,10.0000
2005-05-16,12.4000
2005-05-17,10.5000
2005-05-18,12.6000
2005-05-19,10.2000
2005-05-20,12.1000
2005-05-20,8.2000
2005-05-21,10.9000
2005-05-22,9.2000
2005-05-23,12.1000
2005-05-24,10.0000
2005-05-25,12.7000
2005-05-26,11.0000
2005-05-27,14.2000
2005-05-27,9.2000
2005-05-29,9.8000
2005-05-30,12.1000
2005-05-31,10.4000
2005-06-01,14.5000
2005-06-02,12.9000
2005-06-03,14.7000
2005-06-04,12.9000
2005-06-05,15.0000
2005-06-05,10.5000
2005-06-06,13.7000
2005-06-07,11.6000
2005-06-08,14.5000
2005-06-09,12.0000
2005-06-10,14.7000
2005-06-11,13.0000
2005-06-12,15.7000
2005-06-12,10.5000
2005-06-13,13.2000
2005-06-14,11.0000
2005-06-15,14.6000
2005-06-16,12.0000
2005-06-17,14.2000
2005-06-18,12.5000
2005-06-19,14.6000
2005-06-20,13.0000
2005-06-21,15.6000
2005-06-21,10.7000
2005-06-22,14.6000
2005-06-23,11.6000
2005-06-24,14.5000
2005-06-25,12.1000
2005-06-26,14.6000
2005-06-27,13.4000
2005-06-28,16.0000
2005-06-28,10.8000
2005-06-30,11.5000
2005-07-01,14.0000
2005-07-02,11.7000
2005-07-03,14.3000
2005-07-04,13.3000
2005-07-05,15.3000
2005-07-06,13.4000
2005-07-07,14.9000
2005-07-07,10.5000
2005-07-08,13.5000
2005-07-09,11.2000
2005-07-10,14.0000
2005-07-11,12.0000
2005-07-12,14.7000
2005-07-13,12.9000
2005-07-14,15.1000
2005-07-14,10.4000
2005-07-15,13.2000
2005-07-16,11.0000
2005-07-17,13.4000
2005-07-18,11.5000
2005-07-19,14.6000
2005-07-20,12.6000
2005-07-21,15.1000
2005-07-22,12.1000
2005-07-23,15.4000
2005-07-23,10.5000
2005-07-24,14.7000
2005-07-25,11.4000
2005-07-26,13.5000
2005-07-27,12.1000
2005-07-28,14.2000
2005-07-29,12.3000
2005-07-30,14.5000
2005-07-30,10.0000
2005-08-01,10.8000
2005-08-02,14.4000
2005-08-03,11.7000
2005-08-04,14.5000
2005-08-05,12.6000
2005-08-06,14.8000
2005-08-07,12.9000
2005-08-08,15.4000
2005-08-08,10.7000
2005-08-09,13.6000
2005-08-10,11.0000
2005-08-11,14.2000
2005-08-12,11.6000
2005-08-13,15.1000
2005-08-14,12.9000
2005-08-15,15.2000
2005-08-15,10.1000
2005-08-16,13.0000
2005-08-17,11.0000
2005-08-18,13.8000
2005-08-19,11.3000
2005-08-20,14.6000
2005-08-21,12.6000
2005-08-22,15.0000
2005-08-23,12.8000
2005-08-24,14.6000
2005-08-24,10.1000
2005-08-25,13.3000
2005-08-26,10.7000
2005-08-27,14.1000
2005-08-28,11.7000
2005-08-29,14.2000
2005-08-30,11.7000
2005-08-31,14.3000
2005-08-31,9.2000
2005-09-02,10.1000
2005-09-03,13.7000
2005-09-04,10.9000
2005-09-05,13.6000
2005-09-06,11.7000
2005-09-07,13.4000
2005-09-08,11.8000
2005-09-09,14.1000
2005-09-09,9.3000
2005-09-10,12.4000
2005-09-11,9.9000
2005-09-12,12.5000
2005-09-13,10.4000
2005-09-14,13.3000
2005-09-15,11.0000
2005-09-16,13.9000
2005-09-17,11.7000
2005-09-18,9.2000
2005-09-19,12.1000
2005-09-20,9.6000
2005-09-21,12.5000
2005-09-22,10.3000
2005-09-23,12.7000
2005-09-24,10.6000
2005-09-25,13.2000
2005-09-25,7.5000
2005-09-26,11.9000
2005-09-27,9.3000
2005-09-28,12.2000
2005-09-29,9.6000
2005-09-30,12.3000
2005-10-01,10.2000
2005-10-02,13.1000
2005-10-02,6.6000
2005-10-04,8.4000
2005-10-05,11.4000
2005-10-06,9.0000
2005-10-07,11.6000
2005-10-08,9.7000
2005-10-09,12.0000
2005-10-10,9.8000
2005-10-11,12.1000
2005-10-11,7.2000
2005-10-12,10.2000
2005-10-13,7.4000
2005-10-14,10.7000
2005-10-15,8.3000
2005-10-16,11.2000
2005-10-17,8.9000
2005-10-18,11.4000
2005-10-18,6.4000
2005-10-19,9.7000
2005-10-20,7.4000
2005-10-21,10.3000
2005-10-22,7.7000
2005-10-23,10.2000
2005-10-24,8.2000
2005-10-25,10.5000
2005-10-26,8.4000
2005-10-27,10.7000
2005-10-27,6.0000
2005-10-28,9.1000
2005-10-29,6.9000
2005-10-30,9.8000
2005-10-31,7.5000
2005-11-01,10.1000
2005-11-02,8.0000
2005-11-03,10.6000
2005-11-05,6.2000
2005-11-06,8.8000
2005-11-07,6.6000
2005-11-08,9.4000
2005-11-09,7.2000
2005-11-10,9.2000
2005-11-11,7.6000
2005-11-12,9.4000
2005-11-12,5.3000
2005-11-13,8.1000
2005-11-14,6.0000
2005-11-15,8.4000
2005-11-16,6.5000
2005-11-17,9.0000
2005-11-18,7.1000
2005-11-19,9.1000
2005-11-19,5.0000
2005-11-20,7.8000
2005-11-21,5.5000
2005-11-22,7.9000
2005-11-23,5.9000
2005-11-24,8.0000
2005-11-25,6.5000
2005-11-26,8.7000
2005-11-27,7.3000
2005-11-28,8.8000
2005-11-28,5.0000
2005-11-29,7.6000
2005-11-30,5.5000
2005-12-01,7.5000
2005-12-02,6.0000
2005-12-03,8.1000
2005-12-04,6.6000
2005-12-05,8.6000
2005-12-05,4.7000
2005-12-07,5.2000
2005-12-08,7.7000
2005-12-09,5.5000
2005-12-10,7.7000
2005-12-11,6.3000
2005-12-12,8.0000
2005-12-13,6.7000
2005-12-14,8.1000
2005-12-14,4.8000
2005-12-15,7.3000
2005-12-16,5.4000
2005-12-17,7.7000
2005-12-18,6.5000
2005-12-19,8.7000
2005-12-20,7.0000
2005-12-21,8.4000
2005-12-21,4.8000
2005-12-22,6.9000
2005-12-23,5.2000
2005-12-24,7.4000
2005-12-25,5.7000
2005-12-26,7.2000
2005-12-27,6.7000
2005-12-28,8.4000
2005-12-29,7.2000
2005-12-30,8.9000
2005-12-30,5.5000
2005-12-31,8.0000
2006-01-01,5.8000
2006-01-02,7.9000
2006-01-03,6.7000
2006-01-04,8.5000
2006-01-05,7.1000
2006-01-06,9.0000
2006-01-06,5.4000
2006-01-08,5.9000
2006-01-09,8.3000
2006-01-10,6.6000
2006-01-11,9.2000
2006-01-12,7.8000
2006-01-13,9.4000
2006-01-14,8.5000
2006-01-15,9.6000
2006-01-15,6.3000
2006-01-16,8.5000
2006-01-17,6.7000
2006-01-18,8.8000
2006-01-19,7.3000
2006-01-20,9.5000
2006-01-21,8.2000
2006-01-22,10.4000
2006-01-22,6.6000
2006-01-23,9.2000
2006-01-24,7.2000
2006-01-25,9.6000
2006-01-26,7.7000
2006-01-27,10.1000
2006-01-28,9.0000
2006-01-29,10.6000
2006-01-30,9.2000
2006-01-31,10.3000
2006-01-31,7.1000
2006-02-01,9.4000
2006-02-02,7.6000
2006-02-03,9.7000
2006-02-04,8.4000
2006-02-05,10.4000
2006-02-06,9.1000
2006-02-07,11.0000
2006-02-07,7.2000
2006-02-09,8.0000
2006-02-10,10.7000
2006-02-11,9.1000
2006-02-12,11.1000
2006-02-13,9.7000
2006-02-14,11.2000
2006-02-15,10.1000
2006-02-16,12.0000
2006-02-16,8.3000
2006-02-17,11.2000
2006-02-18,9.3000
2006-02-19,11.3000
2006-02-20,9.8000
2006-02-21,12.3000
2006-02-22,10.6000
2006-02-23,12.4000
2006-02-23,8.3000
2006-02-24,10.9000
2006-02-25,9.2000
2006-02-26,11.8000
2006-02-27,9.5000
2006-03-03,10.9000
2006-03-04,12.4000
2006-03-04,8.5000
2006-03-05,11.6000
2006-03-06,9.5000
2006-03-07,12.4000
2006-03-08,10.5000
2006-03-09,13.7000
2006-03-10,11.7000
2006-03-11,13.8000
2006-03-11,9.1000
2006-03-12,11.8000
2006-03-13,9.6000
2006-03-14,12.1000
2006-03-15,9.8000
2006-03-16,12.1000
2006-03-17,10.2000
2006-03-18,12.2000
2006-03-19,11.3000
2006-03-20,13.3000
2006-03-20,8.8000
2006-03-21,11.8000
2006-03-22,9.8000
2006-03-23,12.3000
2006-03-24,10.5000
2006-03-25,13.1000
2006-03-26,10.8000
2006-03-27,13.8000
2006-03-27,9.0000
2006-03-28,11.8000
2006-03-29,10.0000
2006-03-30,13.1000
2006-03-31,10.9000
2006-04-01,12.8000
2006-04-02,10.7000
2006-04-03,12.9000
2006-04-04,11.3000
2006-04-05,13.3000
2006-04-05,8.9000
2006-04-06,12.1000
2006-04-07,9.7000
2006-04-08,12.3000
2006-04-09,11.0000
2006-04-10,13.5000
2006-04-11,11.4000
2006-04-12,13.8000
2006-04-12,9.1000
2006-04-13,12.1000
2006-04-14,9.8000
2006-04-15,12.6000
2006-04-16,10.0000
2006-04-17,13.0000
2006-04-18,10.7000
2006-04-19,13.3000
2006-04-20,11.2000
2006-04-21,13.5000
2006-04-21,9.1000
2006-04-22,12.5000
2006-04-23,10.0000
2006-04-24,12.9000
2006-04-25,10.6000
2006-04-26,13.2000
2006-04-27,11.2000
2006-04-28,13.4000
2006-04-28,8.9000
2006-04-29,11.6000
2006-04-30,9.6000
2006-05-01,12.0000
2006-05-02,10.0000
2006-05-03,12.3000
2006-05-04,10.5000
2006-05-05,13.3000
2006-05-06,11.4000
2006-05-07,13.9000
2006-05-07,9.0000
2006-05-08,12.0000
2006-05-09,9.9000
2006-05-10,12.4000
2006-05-11,10.4000
2006-05-12,13.4000
2006-05-13,10.7000
2006-05-14,12.8000
2006-05-14,8.4000
2006-05-15,11.1000
2006-05-16,8.8000
2006-05-17,11.4000
2006-05-18,10.1000
2006-05-19,12.4000
2006-05-20,10.5000
2006-05-21,12.6000
2006-05-22,11.5000
2006-05-23,13.3000
2006-05-23,8.8000
2006-05-24,11.4000
2006-05-25,9.4000
2006-05-26,11.6000
2006-05-27,10.4000
2006-05-28,13.3000
2006-05-29,10.7000
2006-05-30,13.5000
2006-05-30,8.8000
2006-05-31,11.3000
2006-06-01,10.5000
2006-06-02,13.7000
2006-06-03,12.0000
2006-06-04,14.7000
2006-06-05,12.0000
2006-06-06,14.6000
2006-06-07,12.9000
2006-06-08,15.0000
2006-06-08,10.2000
2006-06-09,13.0000
2006-06-10,10.6000
2006-06-11,13.0000
2006-06-12,11.3000
2006-06-13,13.9000
2006-06-14,11.9000
2006-06-15,14.6000
2006-06-15,9.8000
2006-06-17,10.6000
2006-06-18,13.5000
2006-06-19,11.2000
2006-06-20,13.3000
2006-06-21,11.4000
2006-06-22,13.9000
2006-06-23,12.2000
2006-06-24,14.2000
2006-06-24,10.0000
2006-06-25,12.9000
2006-06-26,10.5000
2006-06-27,13.3000
2006-06-28,11.5000
2006-06-29,14.6000
2006-06-30,12.2000
2006-07-01,14.5000
2006-07-01,9.7000
2006-07-02,12.8000
2006-07-03,10.9000
2006-07-04,13.9000
2006-07-05,11.4000
2006-07-06,13.6000
2006-07-07,11.7000
2006-07-08,14.3000
2006-07-09,11.7000
2006-07-10,14.6000
2006-07-10,10.1000
2006-07-11,13.0000
2006-07-12,10.7000
2006-07-13,12.5000
2006-07-14,10.6000
2006-07-15,14.5000
2006-07-16,12.4000
2006-07-17,13.9000
2006-07-17,9.5000
2006-07-19,10.4000
2006-07-20,13.5000
2006-07-21,11.8000
2006-07-22,14.2000
2006-07-23,12.5000
2006-07-24,15.2000
2006-07-25,12.5000
2006-07-26,14.8000
2006-07-26,10.4000
2006-07-27,12.6000
2006-07-28,10.8000
2006-07-29,13.5000
2006-07-30,11.7000
2006-07-31,14.7000
2006-08-01,11.9000
2006-08-02,14.8000
2006-08-02,9.7000
2006-08-03,12.5000
2006-08-04,11.0000
2006-08-05,13.7000
2006-08-06,11.0000
2006-08-07,13.8000
2006-08-08,11.6000
2006-08-09,14.3000
2006-08-10,12.2000
2006-08-11,14.5000
2006-08-11,10.0000
2006-08-12,13.1000
2006-08-13,10.7000
2006-08-14,13.5000
2006-08-15,11.6000
2006-08-16,13.7000
2006-08-17,12.0000
2006-08-18,14.4000
2006-08-18,9.5000
2006-08-20,9.8000
2006-08-21,12.5000
2006-08-22,11.0000
2006-08-23,14.0000
2006-08-24,11.3000
2006-08-25,13.8000
2006-08-26,12.2000
2006-08-27,14.3000
2006-08-27,9.5000
2006-08-28,12.5000
2006-08-29,10.3000
2006-08-30,13.5000
2006-08-31,11.5000
2006-09-01,13.6000
2006-09-02,11.1000
2006-09-03,13.6000
2006-09-03,8.8000
2006-09-04,11.5000
2006-09-05,9.6000
2006-09-06,12.2000
2006-09-07,10.1000
2006-09-08,12.6000
2006-09-09,10.7000
2006-09-10,13.4000
2006-09-11,11.3000
2006-09-12,13.6000
2006-09-12,8.5000
2006-09-13,12.3000
2006-09-14,9.9000
2006-09-15,12.3000
2006-09-16,10.0000
2006-09-17,12.6000
2006-09-18,10.5000
2006-09-19,13.4000
2006-09-21,9.0000
2006-09-22,11.5000
2006-09-23,9.0000
2006-09-24,11.9000
2006-09-25,9.9000
2006-09-26,12.2000
2006-09-27,10.2000
2006-09-28,12.5000
2006-09-28,7.8000
2006-09-29,10.9000
2006-09-30,8.2000
2006-10-01,11.1000
2006-10-02,8.9000
2006-10-03,11.8000
2006-10-04,9.6000
2006-10-05,12.0000
2006-10-05,6.9000
2006-10-06,9.5000
2006-10-07,7.5000
2006-10-08,10.5000
2006-10-09,8.3000
2006-10-10,11.2000
2006-10-11,8.8000
2006-10-12,11.9000
2006-10-13,9.5000
2006-10-14,12.1000
2006-10-14,6.9000
2006-10-15,10.8000
2006-10-16,7.6000
2006-10-17,10.8000
2006-10-18,8.3000
2006-10-19,11.0000
2006-10-20,8.3000
2006-10-21,10.6000
2006-10-24,8.8000
2006-10-25,6.8000
2006-10-26,9.0000
2006-10-27,7.6000
2006-10-28,10.1000
2006-10-29,8.3000
2006-10-31,9.0000
2006-11-01,5.6000
2006-11-02,9.6000
2006-11-03,7.4000
2006-11-04,9.9000
2006-11-05,7.7000
2006-11-06,10.2000
2006-11-06,5.2000
2006-11-07,8.1000
2006-11-08,5.7000
2006-11-09,9.2000
2006-11-10,6.7000
2006-11-11,9.4000
2006-11-12,7.2000
2006-11-13,9.6000
2006-11-14,7.3000
2006-11-15,8.9000
2006-11-15,4.8000
2006-11-16,7.5000
2006-11-17,5.3000
2006-11-18,8.1000
2006-11-19,6.4000
2006-11-20,8.4000
2006-11-21,6.7000
2006-11-22,8.7000
2006-11-22,4.5000
2006-11-24,5.1000
2006-11-25,7.7000
2006-11-26,5.6000
2006-11-27,7.9000
2006-11-28,6.2000
2006-11-29,8.3000
2006-11-30,6.8000
2006-12-01,8.5000
2006-12-01,4.7000
2006-12-02,7.2000
2006-12-03,5.3000
2006-12-04,8.0000
2006-12-05,6.0000
2006-12-06,8.1000
2006-12-07,6.4000
2006-12-08,8.0000
2006-12-08,4.1000
2006-12-09,6.4000
2006-12-10,4.9000
2006-12-11,7.2000
2006-12-12,5.6000
2006-12-13,8.4000
2006-12-14,6.5000
2006-12-15,8.0000
2006-12-16,6.8000
2006-12-17,8.0000
2006-12-17,4.6000
2006-12-18,6.7000
2006-12-19,5.2000
2006-12-20,7.6000
2006-12-21,5.9000
2006-12-22,7.6000
2006-12-23,6.4000
2006-12-24,9.0000
2006-12-24,5.0000
2006-12-26,5.4000
2006-12-27,7.5000
2006-12-28,5.6000
2006-12-29,7.8000
2006-12-30,6.8000
2006-12-31,9.2000
2007-01-01,7.2000
2007-01-02,8.0000
2007-01-02,4.9000
2007-01-03,7.1000
2007-01-04,5.2000
2007-01-05,7.3000
2007-01-06,6.0000
2007-01-07,8.1000
2007-01-08,6.8000
2007-01-09,8.4000
2007-01-09,4.9000
2007-01-10,7.1000
2007-01-11,5.4000
2007-01-12,7.8000
2007-01-13,6.3000
2007-01-14,8.3000
2007-01-15,6.9000
2007-01-16,8.6000
2007-01-17,7.7000
2007-01-18,8.6000
2007-01-18,5.6000
2007-01-19,7.7000
2007-01-20,6.2000
2007-01-21,8.4000
2007-01-22,7.0000
2007-01-23,9.3000
2007-01-24,7.9000
2007-01-25,9.5000
2007-01-25,5.9000
2007-01-27,6.6000
2007-01-28,8.3000
2007-01-29,7.3000
2007-01-30,9.5000
2007-01-31,8.1000
2007-02-01,9.9000
2007-02-02,8.5000
2007-02-03,10.3000
2007-02-03,6.7000
2007-02-04,9.6000
2007-02-05,7.7000
2007-02-06,9.8000
2007-02-07,8.4000
2007-02-08,9.9000
2007-02-09,8.5000
2007-02-10,9.8000
2007-02-10,6.2000
2007-02-11,8.5000
2007-02-12,7.4000
2007-02-13,10.8000
2007-02-14,8.8000
2007-02-15,11.5000
2007-02-16,10.4000
2007-02-17,11.6000
2007-02-18,10.6000
2007-02-19,12.0000
2007-02-19,8.1000
2007-02-20,11.2000
2007-02-21,8.9000
2007-02-22,11.2000
2007-02-23,9.6000
2007-02-24,12.2000
2007-02-25,10.4000
2007-02-26,11.8000
2007-02-26,7.9000
2007-02-28,8.2000
2007-03-01,10.4000
2007-03-02,8.8000
2007-03-03,10.8000
2007-03-04,9.1000
2007-03-05,11.0000
2007-03-06,9.7000
2007-03-07,11.5000
2007-03-07,7.7000
2007-03-08,10.3000
2007-03-09,8.6000
2007-03-10,11.3000
2007-03-11,9.0000
2007-03-12,11.6000
2007-03-13,9.7000
2007-03-14,11.9000
2007-03-14,7.8000
2007-03-15,11.0000
2007-03-16,8.7000
2007-03-17,11.3000
2007-03-18,9.2000
2007-03-19,11.6000
2007-03-20,10.1000
2007-03-21,12.6000
2007-03-22,11.1000
2007-03-23,12.7000
2007-03-23,8.5000
2007-03-24,11.7000
2007-03-25,9.5000
2007-03-26,12.1000
2007-03-27,10.3000
2007-03-28,12.7000
2007-03-29,11.1000
2007-03-30,13.1000
2007-03-30,8.6000
2007-04-01,8.9000
2007-04-02,12.1000
2007-04-03,9.7000
2007-04-04,11.9000
2007-04-05,10.2000
2007-04-06,12.1000
2007-04-07,10.3000
2007-04-08,13.0000
2007-04-08,8.5000
2007-04-09,12.0000
2007-04-10,8.9000
2007-04-11,12.0000
2007-04-12,10.0000
2007-04-13,13.1000
2007-04-14,11.3000
2007-04-15,13.5000
2007-04-15,8.8000
2007-04-16,12.4000
2007-04-17,9.5000
2007-04-18,12.6000
2007-04-19,10.0000
2007-04-20,13.0000
2007-04-21,11.1000
2007-04-22,13.4000
2007-04-23,11.6000
2007-04-24,13.6000
2007-04-24,8.9000
2007-04-25,11.9000
2007-04-26,9.6000
2007-04-27,12.9000
2007-04-28,10.8000
2007-04-29,13.7000
2007-04-30,10.4000
2007-05-01,12.9000
2007-05-01,8.1000
2007-05-03,8.9000
2007-05-04,12.1000
2007-05-05,9.7000
2007-05-06,13.0000
2007-05-07,10.7000
2007-05-08,12.8000
2007-05-09,11.0000
2007-05-10,13.1000
2007-05-10,8.7000
2007-05-11,11.5000
2007-05-12,9.6000
2007-05-13,12.8000
2007-05-14,10.1000
2007-05-15,12.8000
2007-05-16,11.1000
2007-05-17,13.2000
2007-05-17,8.3000
2007-05-18,11.8000
2007-05-19,9.4000
2007-05-20,12.9000
2007-05-21,10.2000
2007-05-22,13.0000
2007-05-23,11.1000
2007-05-24,13.2000
2007-05-25,11.5000
2007-05-26,13.5000
2007-05-26,8.9000
2007-05-27,12.3000
2007-05-28,9.8000
2007-05-29,12.9000
2007-05-30,10.6000
2007-05-31,12.6000
2007-06-01,12.5000
2007-06-02,14.8000
2007-06-02,9.7000
2007-06-04,10.6000
2007-06-05,13.7000
2007-06-06,11.0000
2007-06-07,14.0000
2007-06-08,12.1000
2007-06-09,14.8000
2007-06-10,12.3000
2007-06-11,14.2000
2007-06-11,9.8000
2007-06-12,12.4000
2007-06-13,10.4000
2007-06-14,13.5000
2007-06-15,12.1000
2007-06-16,15.3000
2007-06-17,12.4000
2007-06-18,15.4000
2007-06-18,10.1000
2007-06-19,12.7000
2007-06-20,11.0000
2007-06-21,13.3000
2007-06-22,11.0000
2007-06-23,13.9000
2007-06-24,11.8000
2007-06-25,14.5000
2007-06-26,12.2000
2007-06-27,14.8000
2007-06-27,10.4000
2007-06-28,13.3000
2007-06-29,10.9000
2007-06-30,13.9000
2007-07-01,12.1000
2007-07-02,14.2000
2007-07-03,12.1000
2007-07-04,15.3000
2007-07-04,10.2000
2007-07-06,10.6000
2007-07-07,13.4000
2007-07-08,11.1000
2007-07-09,14.0000
2007-07-10,11.5000
2007-07-11,14.1000
2007-07-12,12.7000
2007-07-13,15.0000
2007-07-13,10.4000
2007-07-14,12.8000
2007-07-15,10.9000
2007-07-16,13.8000
2007-07-17,12.0000
2007-07-18,15.0000
2007-07-19,13.0000
2007-07-20,14.6000
2007-07-20,10.1000
2007-07-21,12.6000
2007-07-22,10.7000
2007-07-23,13.1000
2007-07-24,11.0000
2007-07-25,14.1000
2007-07-26,12.4000
2007-07-27,14.8000
2007-07-28,12.7000
2007-07-29,15.1000
2007-07-29,10.3000
2007-07-30,13.1000
2007-07-31,11.0000
2007-08-01,13.7000
2007-08-02,11.8000
2007-08-03,14.5000
2007-08-04,12.7000
2007-08-05,15.0000
2007-08-05,10.0000
2007-08-07,11.4000
2007-08-08,13.8000
2007-08-09,11.3000
2007-08-10,13.6000
2007-08-11,11.8000
2007-08-12,14.7000
2007-08-13,12.5000
2007-08-14,14.4000
2007-08-14,9.8000
2007-08-15,13.6000
2007-08-16,11.1000
2007-08-17,13.9000
2007-08-18,11.4000
2007-08-19,13.9000
2007-08-20,11.6000
2007-08-21,14.7000
2007-08-21,9.7000
2007-08-22,14.0000
2007-08-23,10.8000
2007-08-24,13.6000
2007-08-25,11.2000
2007-08-26,14.2000
2007-08-27,12.2000
2007-08-28,14.5000
2007-08-29,11.6000
2007-08-30,14.8000
2007-08-30,9.5000
2007-08-31,13.1000
2007-09-01,10.8000
2007-09-02,14.2000
2007-09-03,11.3000
2007-09-04,13.3000
2007-09-05,10.9000
2007-09-06,14.1000
2007-09-08,9.6000
2007-09-09,12.7000
2007-09-10,9.9000
2007-09-11,12.7000
2007-09-12,10.5000
2007-09-13,13.2000
2007-09-14,11.3000
2007-09-15,13.8000
2007-09-16,11.9000
2007-09-17,9.2000
2007-09-18,11.8000
2007-09-19,9.6000
2007-09-20,12.5000
2007-09-21,10.2000
2007-09-22,12.7000
2007-09-23,11.7000
2007-09-24,8.3000
2007-09-25,11.7000
2007-09-26,9.0000
2007-09-27,12.8000
2007-09-28,9.9000
2007-09-29,12.6000
2007-09-30,10.2000
2007-10-01,12.8000
2007-10-01,4.8000
2007-10-02,11.2000
2007-10-03,7.6000
2007-10-04,10.8000
2007-10-05,8.6000
2007-10-06,11.2000
2007-10-07,9.2000
2007-10-08,11.5000
2007-10-08,6.7000
2007-10-10,7.6000
2007-10-11,11.1000
2007-10-12,8.3000
2007-10-13,11.0000
2007-10-14,8.9000
2007-10-15,11.3000
2007-10-16,9.3000
2007-10-17,11.4000
2007-10-17,6.6000
2007-10-18,9.4000
2007-10-19,7.1000
2007-10-20,10.1000
2007-10-21,7.8000
2007-10-22,10.7000
2007-10-23,8.3000
2007-10-24,11.1000
2007-10-24,5.9000
2007-10-25,8.9000
2007-10-26,6.2000
2007-10-27,9.0000
2007-10-28,6.5000
2007-10-29,9.0000
2007-10-30,7.3000
2007-10-31,9.8000
2007-11-01,8.1000
2007-11-02,10.1000
2007-11-03,8.2000
2007-11-04,6.1000
2007-11-05,9.0000
2007-11-06,7.0000
2007-11-07,9.9000
2007-11-08,7.4000
2007-11-09,9.6000
2007-11-09,5.0000
2007-11-11,5.5000
2007-11-12,8.0000
2007-11-13,6.2000
2007-11-14,8.5000
2007-11-15,6.7000
2007-11-16,8.8000
2007-11-17,7.1000
2007-11-18,8.8000
2007-11-18,4.9000
2007-11-19,7.6000
2007-11-20,5.4000
2007-11-21,8.1000
2007-11-22,6.1000
2007-11-23,8.3000
2007-11-24,6.4000
2007-11-25,8.8000
2007-11-25,4.6000
2007-11-26,7.1000
2007-11-27,5.1000
2007-11-28,7.7000
2007-11-29,5.7000
2007-11-30,8.2000
2007-12-01,5.6000
2007-12-02,8.3000
2007-12-03,6.8000
2007-12-04,8.3000
2007-12-04,4.8000
2007-12-05,7.2000
2007-12-06,5.0000
2007-12-07,7.3000
2007-12-08,5.8000
2007-12-09,7.9000
2007-12-10,6.1000
2007-12-11,8.3000
2007-12-11,4.5000
2007-12-13,5.1000
2007-12-14,7.3000
2007-12-15,5.5000
2007-12-16,7.8000
2007-12-17,6.2000
2007-12-18,8.1000
2007-12-20,7.8000
2007-12-20,4.9000
2007-12-21,7.4000
2007-12-22,6.0000
2007-12-23,7.8000
2007-12-24,6.3000
2007-12-25,8.4000
2007-12-26,6.9000
2007-12-27,8.9000
2007-12-27,5.1000
2007-12-28,7.4000
2007-12-29,5.7000
2007-12-30,8.3000
2007-12-31,6.7000
2008-01-01,8.7000
2008-01-02,7.0000
2008-01-03,8.6000
2008-01-04,7.2000
2008-01-05,5.5000
2008-01-06,7.4000
2008-01-07,6.4000
2008-01-08,8.0000
2008-01-09,6.8000
2008-01-10,8.9000
2008-01-11,7.6000
2008-01-12,9.5000
2008-01-12,5.8000
2008-01-14,6.3000
2008-01-15,8.3000
2008-01-16,7.1000
2008-01-17,9.8000
2008-01-18,8.2000
2008-01-19,10.4000
2008-01-20,9.2000
2008-01-21,7.1000
2008-01-22,9.5000
2008-01-23,7.3000
2008-01-24,9.9000
2008-01-25,8.2000
2008-01-26,9.9000
2008-01-27,8.6000
2008-01-28,10.2000
2008-01-28,6.6000
2008-01-29,9.1000
2008-01-30,7.6000
2008-01-31,9.9000
2008-02-01,8.2000
2008-02-02,10.0000
2008-02-03,9.0000
2008-02-04,11.0000
2008-02-04,6.7000
2008-02-05,9.8000
2008-02-06,7.7000
2008-02-07,10.0000
2008-02-08,8.0000
2008-02-09,10.0000
2008-02-10,8.2000
2008-02-11,10.2000
2008-02-12,9.4000
2008-02-13,10.9000
2008-02-13,7.1000
2008-02-15,7.9000
2008-02-16,10.6000
2008-02-17,8.8000
2008-02-18,11.4000
2008-02-19,9.9000
2008-02-20,11.7000
2008-02-20,7.9000
2008-02-21,10.9000
2008-02-22,8.4000
2008-02-23,11.1000
2008-02-24,9.5000
2008-02-25,11.8000
2008-02-26,9.9000
2008-02-27,12.2000
2008-02-28,10.8000
2008-02-29,12.8000
2008-02-29,8.9000
2008-03-01,11.3000
2008-03-02,9.3000
2008-03-03,11.9000
2008-03-04,10.3000
2008-03-05,12.4000
2008-03-06,10.7000
2008-03-07,12.7000
2008-03-07,8.5000
2008-03-08,11.6000
2008-03-09,9.1000
2008-03-10,12.8000
2008-03-11,10.3000
2008-03-12,13.3000
2008-03-13,10.6000
2008-03-14,13.4000
2008-03-15,11.3000
2008-03-16,13.8000
2008-03-16,9.4000
2008-03-18,10.3000
2008-03-19,12.8000
2008-03-20,10.4000
2008-03-21,12.6000
2008-03-22,11.0000
2008-03-23,13.9000
2008-03-24,12.3000
2008-03-25,9.8000
2008-03-26,13.2000
2008-03-27,10.4000
2008-03-28,13.8000
2008-03-29,11.7000
2008-03-30,14.4000
2008-03-31,12.3000
2008-04-01,13.8000
2008-04-01,9.5000
2008-04-02,12.6000
2008-04-03,10.0000
2008-04-04,12.8000
2008-04-05,10.8000
2008-04-06,13.5000
2008-04-07,11.3000
2008-04-08,13.9000
2008-04-08,9.1000
2008-04-09,12.1000
2008-04-10,9.5000
2008-04-11,12.3000
2008-04-12,10.5000
2008-04-13,13.6000
2008-04-14,11.5000
2008-04-15,14.0000
2008-04-16,12.2000
2008-04-17,14.0000
2008-04-17,9.3000
2008-04-19,9.9000
2008-04-20,12.8000
2008-04-21,10.4000
2008-04-22,13.0000
2008-04-23,11.5000
2008-04-24,13.5000
2008-04-24,8.6000
2008-04-25,11.7000
2008-04-26,9.5000
2008-04-27,13.2000
2008-04-28,10.6000
2008-04-29,13.9000
2008-04-30,10.6000
2008-05-01,13.8000
2008-05-02,11.8000
2008-05-03,10.5000
2008-05-03,9.0000
2008-05-04,11.8000
2008-05-05,9.9000
2008-05-06,12.4000
2008-05-07,10.8000
2008-05-08,13.0000
2008-05-09,11.6000
2008-05-10,14.5000
2008-05-10,9.3000
2008-05-11,12.1000
2008-05-12,9.3000
2008-05-13,12.1000
2008-05-14,10.6000
2008-05-15,13.6000
2008-05-16,11.0000
2008-05-17,14.4000
2008-05-18,12.1000
2008-05-19,9.3000
2008-05-21,10.1000
2008-05-22,12.5000
2008-05-23,10.8000
2008-05-24,13.1000
2008-05-25,11.5000
2008-05-26,13.3000
2008-05-26,8.8000
2008-05-27,11.9000
2008-05-28,9.6000
2008-05-29,12.1000
2008-05-30,10.2000
2008-05-31,12.9000
2008-06-01,12.3000
2008-06-02,15.0000
2008-06-03,13.5000
2008-06-04,10.2000
2008-06-05,13.2000
2008-06-06,11.3000
2008-06-07,14.3000
2008-06-08,12.1000
2008-06-09,15.1000
2008-06-10,12.0000
2008-06-11,14.9000
2008-06-11,9.7000
2008-06-12,12.8000
2008-06-13,10.6000
2008-06-14,13.1000
2008-06-15,11.3000
2008-06-16,13.7000
2008-06-17,11.7000
2008-06-18,14.6000
2008-06-19,12.5000
2008-06-20,10.3000
2008-06-22,11.7000
2008-06-23,14.1000
2008-06-24,11.8000
2008-06-25,14.3000
2008-06-26,11.8000
2008-06-27,14.3000
2008-06-27,9.7000
2008-06-28,12.3000
2008-06-29,10.2000
2008-06-30,13.6000
2008-07-01,11.7000
2008-07-02,14.0000
2008-07-03,12.2000
2008-07-04,15.1000
2008-07-05,12.8000
2008-07-06,10.8000
2008-07-07,14.1000
2008-07-08,12.1000
2008-07-09,14.6000
2008-07-10,12.0000
2008-07-11,14.5000
2008-07-12,11.9000
2008-07-13,14.3000
2008-07-13,9.8000
2008-07-14,12.5000
2008-07-15,10.6000
2008-07-16,12.8000
2008-07-17,10.9000
2008-07-18,13.5000
2008-07-19,11.9000
2008-07-20,15.8000
2008-07-21,12.3000
2008-07-22,10.7000
2008-07-24,11.5000
2008-07-25,13.8000
2008-07-26,11.4000
2008-07-27,14.1000
2008-07-28,11.9000
2008-07-29,14.4000
2008-07-29,9.7000
2008-07-30,12.2000
2008-07-31,10.5000
2008-08-01,13.0000
2008-08-02,11.4000
2008-08-03,14.5000
2008-08-04,12.0000
2008-08-05,14.7000
2008-08-06,12.5000
2008-08-07,7.8000
2008-08-07,10.2000
2008-08-08,13.1000
2008-08-09,11.1000
2008-08-10,13.4000
2008-08-11,11.6000
2008-08-12,14.0000
2008-08-13,11.7000
2008-08-14,14.5000
2008-08-14,9.7000
2008-08-15,12.6000
2008-08-16,10.4000
2008-08-17,13.0000
2008-08-18,10.8000
2008-08-19,14.0000
2008-08-20,11.5000
2008-08-21,14.8000
2008-08-22,12.6000
2008-08-23,10.5000
2008-08-23,9.7000
2008-08-25,11.0000
2008-08-26,13.2000
2008-08-27,11.4000
2008-08-28,13.8000
2008-08-29,10.8000
2008-08-30,14.4000
2008-08-30,8.5000
2008-08-31,12.0000
2008-09-01,9.9000
2008-09-02,12.8000
2008-09-03,10.5000
2008-09-04,13.2000
2008-09-05,10.6000
2008-09-06,14.3000
2008-09-07,12.3000
2008-09-08,7.8000
2008-09-09,12.6000
2008-09-10,10.6000
2008-09-11,12.8000
2008-09-12,10.3000
2008-09-13,14.0000
2008-09-14,10.7000
2008-09-15,13.7000
2008-09-16,11.0000
2008-09-18,12.3000
2008-09-19,9.2000
2008-09-20,12.4000
2008-09-21,10.2000
2008-09-22,12.9000
2008-09-23,11.1000
2008-09-24,13.1000
2008-09-24,8.2000
2008-09-26,9.0000
2008-09-30,9.9000
2008-10-01,12.6000
2008-10-01,7.1000
2008-10-02,10.5000
2008-10-03,7.6000
2008-10-04,10.9000
2008-10-05,8.2000
2008-10-06,11.3000
2008-10-07,8.7000
2008-10-08,11.9000
2008-10-09,9.6000
2008-10-10,6.4000
2008-10-10,7.1000
2008-10-11,10.8000
2008-10-12,8.4000
2008-10-13,11.0000
2008-10-14,8.0000
2008-10-15,10.7000
2008-10-16,8.5000
2008-10-17,11.3000
2008-10-18,9.4000
2008-10-20,9.3000
2008-10-21,7.1000
2008-10-22,9.9000
2008-10-23,7.7000
2008-10-24,10.3000
2008-10-25,8.4000
2008-10-28,7.0000
2008-10-29,9.4000
2008-10-30,7.4000
2008-10-31,9.7000
2008-11-01,7.6000
2008-11-02,9.4000
2008-11-03,7.9000
2008-11-05,8.3000
2008-11-06,6.5000
2008-11-07,9.0000
2008-11-08,6.9000
2008-11-09,9.6000
2008-11-10,7.6000
2008-11-11,8.3000
2008-11-11,5.1000
2008-11-12,8.5000
2008-11-13,6.1000
2008-11-14,8.4000
2008-11-15,6.3000
2008-11-16,8.7000
2008-11-17,6.8000
2008-11-18,9.1000
2008-11-18,4.6000
2008-11-19,7.5000
2008-11-20,5.1000
2008-11-21,7.7000
2008-11-22,5.7000
2008-11-23,7.9000
2008-11-24,6.2000
2008-11-25,8.3000
2008-11-26,6.6000
2008-11-27,4.8000
2008-11-29,5.3000
2008-11-30,7.1000
2008-12-01,5.4000
2008-12-02,7.4000
2008-12-03,6.0000
2008-12-04,7.7000
2008-12-04,4.0000
2008-12-05,6.6000
2008-12-06,4.6000
2008-12-07,6.8000
2008-12-08,5.2000
2008-12-09,7.6000
2008-12-10,5.8000
2008-12-11,8.3000
2008-12-12,6.4000
2008-12-13,4.6000
2008-12-14,6.6000
2008-12-15,5.2000
2008-12-16,7.1000
2008-12-17,5.6000
2008-12-18,7.5000
2008-12-19,6.2000
2008-12-20,7.9000
2008-12-20,4.3000
2008-12-21,6.7000
2008-12-22,4.7000
2008-12-23,6.9000
2008-12-24,5.6000
2008-12-25,7.5000
2008-12-26,6.1000
2008-12-27,8.1000
2008-12-28,6.7000
2008-12-29,5.2000
2008-12-31,5.5000
2009-01-01,6.9000
2009-01-02,5.6000
2009-01-03,7.5000
2009-01-04,6.4000
2009-01-05,8.2000
2009-01-05,4.7000
2009-01-06,7.0000
2009-01-07,5.3000
2009-01-08,7.5000
2009-01-09,5.9000
2009-01-10,7.8000
2009-01-11,5.5000
2009-01-12,8.3000
2009-01-13,6.9000
2009-01-14,5.4000
2009-01-14,5.3000
2009-01-15,7.6000
2009-01-16,5.8000
2009-01-17,7.2000
2009-01-18,5.9000
2009-01-19,7.4000
2009-01-20,6.3000
2009-01-21,8.2000
2009-01-21,5.0000
2009-01-22,7.5000
2009-01-23,6.2000
2009-01-24,8.8000
2009-01-25,7.6000
2009-01-26,9.5000
2009-01-28,10.5000
2009-01-29,9.2000
2009-01-30,4.9000
2009-01-30,7.3000
2009-02-01,8.0000
2009-02-02,10.2000
2009-02-03,8.1000
2009-02-04,9.6000
2009-02-06,6.5000
2009-02-07,9.2000
2009-02-08,7.3000
2009-02-09,10.6000
2009-02-10,8.5000
2009-02-11,10.5000
2009-02-13,11.4000
2009-02-14,10.1000
2009-02-15,8.3000
2009-02-15,7.5000
2009-02-16,10.2000
2009-02-17,8.1000
2009-02-18,10.7000
2009-02-19,9.0000
2009-02-20,11.6000
2009-02-22,11.2000
2009-02-22,6.3000
2009-02-23,10.2000
2009-02-24,7.9000
2009-02-25,10.8000
2009-02-26,8.3000
2009-02-27,10.4000
2009-03-01,10.9000
2009-03-02,9.6000
2009-03-05,8.3000
2009-03-06,10.4000
2009-03-07,8.9000
2009-03-08,11.7000
2009-03-10,12.7000
2009-03-10,7.8000
2009-03-11,10.8000
2009-03-12,8.5000
2009-03-13,11.3000
2009-03-14,9.5000
2009-03-15,12.2000
2009-03-17,13.1000
2009-03-18,11.2000
2009-03-19,8.8000
2009-03-20,11.4000
2009-03-21,9.3000
2009-03-22,11.5000
2009-03-23,9.9000
2009-03-24,12.2000
2009-03-26,12.6000
2009-03-26,7.9000
2009-03-27,11.1000
2009-03-28,8.8000
2009-03-29,12.0000
2009-03-30,10.1000
2009-03-31,12.8000
2009-04-02,13.2000
2009-04-03,11.6000
2009-04-04,9.1000
2009-04-06,10.0000
2009-04-07,12.2000
2009-04-08,10.0000
2009-04-09,12.3000
2009-04-11,13.6000
2009-04-11,8.3000
2009-04-12,12.2000
2009-04-13,8.6000
2009-04-14,12.4000
2009-04-15,9.6000
2009-04-16,12.2000
2009-04-17,10.5000
2009-04-18,13.3000
2009-04-19,10.6000
2009-04-20,8.6000
2009-04-21,12.0000
2009-04-22,9.7000
2009-04-23,12.4000
2009-04-25,12.7000
2009-04-27,13.2000
2009-04-27,8.2000
2009-04-28,11.6000
2009-04-29,9.2000
2009-04-30,11.8000
2009-05-01,9.2000
2009-05-02,11.7000
2009-05-03,10.1000
2009-05-04,13.1000
2009-05-05,11.2000
2009-05-06,8.9000
2009-05-08,9.2000
2009-05-09,11.6000
2009-05-10,10.1000
2009-05-11,12.4000
2009-05-13,13.1000
2009-05-13,8.4000
2009-05-14,11.2000
2009-05-15,9.3000
2009-05-16,12.0000
2009-05-17,9.8000
2009-05-18,12.8000
2009-05-20,13.5000
2009-05-21,11.4000
2009-05-22,9.0000
2009-05-23,11.3000
2009-05-24,6.7000
2009-05-25,11.9000
2009-05-27,12.8000
2009-05-29,13.7000
2009-05-29,8.7000
2009-05-30,11.8000
2009-05-31,9.7000
2009-06-01,14.1000
2009-06-02,11.4000
2009-06-03,14.3000
2009-06-04,11.9000
2009-06-05,14.7000
2009-06-06,12.9000
2009-06-07,10.5000
2009-06-09,11.5000
2009-06-10,14.3000
2009-06-11,12.2000
2009-06-12,14.5000
2009-06-14,15.2000
2009-06-14,10.0000
2009-06-15,12.6000
2009-06-16,9.9000
2009-06-17,13.7000
2009-06-18,11.7000
2009-06-19,14.0000
2009-06-20,11.2000
2009-06-21,14.4000
2009-06-22,12.9000
2009-06-23,10.4000
2009-06-24,12.8000
2009-06-25,11.5000
2009-06-26,13.0000
2009-06-27,11.3000
2009-06-28,13.5000
2009-06-30,14.4000
2009-06-30,9.9000
2009-07-01,12.4000
2009-07-02,10.5000
2009-07-03,13.7000
2009-07-04,11.3000
2009-07-05,14.1000
2009-07-06,11.4000
2009-07-07,14.3000
2009-07-08,12.0000
2009-07-09,10.2000
2009-07-11,11.1000
2009-07-12,12.1000
2009-07-13,11.8000
2009-07-14,13.7000
2009-07-16,14.2000
2009-07-16,9.5000
2009-07-17,12.1000
2009-07-18,10.2000
2009-07-19,12.9000
2009-07-20,11.1000
2009-07-21,13.3000
2009-07-22,11.0000
2009-07-23,14.5000
2009-07-24,12.6000
2009-07-25,10.6000
2009-07-26,13.0000
2009-07-27,11.1000
2009-07-28,13.3000
2009-07-29,12.3000
2009-07-30,14.0000
2009-08-01,14.8000
2009-08-01,9.7000
2009-08-02,12.8000
2009-08-03,10.4000
2009-08-04,13.4000
2009-08-05,11.2000
2009-08-06,14.0000
2009-08-07,11.5000
2009-08-08,14.6000
2009-08-09,12.9000
2009-08-10,10.7000
2009-08-12,10.6000
2009-08-13,13.3000
2009-08-14,11.7000
2009-08-15,14.6000
2009-08-17,14.4000
2009-08-17,9.4000
2009-08-18,12.7000
2009-08-19,10.4000
2009-08-20,13.5000
2009-08-21,10.8000
2009-08-22,13.6000
2009-08-23,11.3000
2009-08-24,14.4000
2009-08-25,12.9000
2009-08-26,10.1000
2009-08-27,12.9000
2009-08-28,11.0000
2009-08-29,14.0000
2009-08-30,11.8000
2009-08-31,14.2000
2009-09-02,14.4000
2009-09-02,8.9000
2009-09-03,12.1000
2009-09-04,9.8000
2009-09-05,13.2000
2009-09-06,10.2000
2009-09-07,13.4000
2009-09-08,10.4000
2009-09-09,14.6000
2009-09-10,11.9000
2009-09-11,9.3000
2009-09-13,10.2000
2009-09-14,12.9000
2009-09-15,10.3000
2009-09-16,13.4000
2009-09-18,13.5000
2009-09-18,8.4000
2009-09-19,11.4000
2009-09-20,8.7000
2009-09-21,11.6000
2009-09-22,9.1000
2009-09-23,12.7000
2009-09-25,13.2000
2009-09-26,11.2000
2009-09-27,4.8000
2009-09-28,11.1000
2009-09-29,7.8000
2009-09-30,11.8000
2009-10-02,11.8000
2009-10-04,12.6000
2009-10-04,7.1000
2009-10-05,11.0000
2009-10-06,7.8000
2009-10-07,11.3000
2009-10-08,8.3000
2009-10-09,11.8000
2009-10-11,12.1000
2009-10-12,9.8000
2009-10-13,7.2000
2009-10-16,10.1000
2009-10-18,11.1000
2009-10-20,11.5000
2009-10-21,9.6000
2009-10-22,6.6000
2009-10-23,9.5000
2009-10-25,10.2000
2009-10-27,11.1000
2009-10-28,8.7000
2009-10-29,6.2000
2009-10-30,9.4000
2009-11-01,8.7000
2009-11-03,8.9000
2009-11-05,9.2000
2009-11-05,4.7000
2009-11-06,7.5000
2009-11-07,5.4000
2009-11-08,8.1000
2009-11-10,8.7000
2009-11-12,9.2000
2009-11-13,7.2000
2009-11-14,5.1000
2009-11-16,5.6000
2009-11-17,8.1000
2009-11-19,8.5000
2009-11-21,8.8000
2009-11-21,4.5000
2009-11-22,7.2000
2009-11-23,5.1000
2009-11-24,7.7000
2009-11-25,5.4000
2009-11-26,7.8000
2009-11-28,8.3000
2009-11-29,7.3000
2009-11-30,5.0000
2009-12-01,7.3000
2009-12-02,4.8000
2009-12-03,7.6000
2009-12-05,8.1000
2009-12-07,8.6000
2009-12-07,4.5000
2009-12-08,7.6000
2009-12-09,5.0000
2009-12-10,7.6000
2009-12-12,7.7000
2009-12-14,8.9000
2009-12-15,7.0000
2009-12-16,5.1000
2009-12-18,4.8000
2009-12-19,7.6000
2009-12-21,7.7000
2009-12-23,8.2000
2009-12-23,4.5000
2009-12-24,6.8000
2009-12-25,5.2000
2009-12-26,7.5000
2009-12-28,7.8000
2009-12-30,8.9000
2009-12-31,7.8000
2010-01-01,5.3000
2010-01-02,7.7000
2010-01-03,1.0000
2010-01-04,8.1000
2010-01-06,8.2000
2010-01-08,8.7000
2010-01-08,5.1000
2010-01-09,7.3000
2010-01-10,5.6000
2010-01-11,7.7000
2010-01-13,7.7000
2010-01-16,7.9000
2010-01-17,5.9000
2010-01-19,5.7000
2010-01-20,8.4000
2010-01-22,9.4000
2010-01-24,9.9000
2010-01-24,6.2000
2010-01-25,8.6000
2010-01-26,6.7000
2010-01-27,9.4000
2010-01-29,9.2000
2010-01-31,9.6000
2010-02-01,8.5000
2010-02-02,7.1000
2010-02-03,9.6000
2010-02-04,7.4000
2010-02-05,9.8000
2010-02-07,10.6000
2010-02-09,11.4000
2010-02-09,7.4000
2010-02-10,10.5000
2010-02-11,8.2000
2010-02-12,10.3000
2010-02-14,10.6000
2010-02-16,11.8000
2010-02-17,3.9000
2010-02-18,8.4000
2010-02-20,8.6000
2010-02-21,12.3000
2010-02-23,13.1000
2010-02-25,11.6000
2010-02-25,7.7000
2010-02-26,11.0000
2010-02-27,9.0000
2010-02-28,11.9000
2010-03-02,10.5000
2010-03-04,12.0000
2010-03-05,9.3000
2010-03-06,8.7000
2010-03-07,11.1000
2010-03-08,9.3000
2010-03-09,12.2000
2010-03-10,10.4000
2010-03-11,12.4000
2010-03-13,12.5000
2010-03-13,8.0000
2010-03-14,11.6000
2010-03-15,9.2000
2010-03-16,12.3000
2010-03-17,9.2000
2010-03-18,12.3000
2010-03-19,10.5000
2010-03-20,12.7000
2010-03-21,11.7000
2010-03-22,9.3000
2010-03-24,10.2000
2010-03-25,12.7000
2010-03-26,10.8000
2010-03-27,13.0000
2010-03-29,14.2000
2010-03-29,9.0000
2010-03-30,12.5000
2010-03-31,9.2000
2010-04-01,12.3000
2010-04-03,12.9000
2010-04-04,10.6000
2010-04-05,13.7000
2010-04-06,11.8000
2010-04-07,8.8000
2010-04-08,12.0000
2010-04-09,10.3000
2010-04-10,12.8000
2010-04-11,11.1000
2010-04-12,13.7000
2010-04-14,13.4000
2010-04-14,8.4000
2010-04-15,10.8000
2010-04-16,8.3000
2010-04-17,10.9000
2010-04-19,13.0000
2010-04-20,10.6000
2010-04-21,13.4000
2010-04-22,8.2000
2010-04-23,9.7000
2010-04-26,12.3000
2010-04-27,11.1000
2010-04-28,14.0000
2010-04-30,13.5000
2010-04-30,8.5000
2010-05-01,11.8000
2010-05-02,9.4000
2010-05-03,12.2000
2010-05-05,12.2000
2010-05-06,10.8000
2010-05-07,12.9000
2010-05-08,10.1000
2010-05-09,9.0000
2010-05-10,11.3000
2010-05-11,9.3000
2010-05-12,11.9000
2010-05-13,10.6000
2010-05-14,12.7000
2010-05-16,13.3000
2010-05-16,8.7000
2010-05-17,12.0000
2010-05-18,9.5000
2010-05-19,12.5000
2010-05-21,12.6000
2010-05-23,12.8000
2010-05-24,10.6000
2010-05-25,9.2000
2010-05-27,9.4000
2010-05-28,12.4000
2010-05-30,12.4000
2010-06-01,15.3000
2010-06-01,9.9000
2010-06-02,13.5000
2010-06-03,10.6000
2010-06-04,13.4000
2010-06-06,14.0000
2010-06-07,12.0000
2010-06-08,15.2000
2010-06-09,11.9000
2010-06-10,10.4000
2010-06-11,12.7000
2010-06-12,4.5000
2010-06-13,13.4000
2010-06-14,11.1000
2010-06-15,13.8000
2010-06-17,14.8000
2010-06-17,9.8000
2010-06-18,12.5000
2010-06-19,10.3000
2010-06-20,13.4000
2010-06-22,13.5000
2010-06-23,11.4000
2010-06-24,14.8000
2010-06-25,8.4000
2010-06-26,10.8000
2010-06-28,7.6000
2010-06-29,14.1000
2010-06-30,11.5000
2010-07-01,14.5000
2010-07-03,15.3000
2010-07-03,10.2000
2010-07-04,13.0000
2010-07-05,10.5000
2010-07-06,13.6000
2010-07-08,14.3000
2010-07-09,12.0000
2010-07-10,14.6000
2010-07-11,8.4000
2010-07-12,10.7000
2010-07-13,12.8000
2010-07-14,6.9000
2010-07-15,13.6000
2010-07-16,11.8000
2010-07-17,14.1000
2010-07-19,15.1000
2010-07-19,10.6000
2010-07-20,13.8000
2010-07-21,11.1000
2010-07-22,14.8000
2010-07-24,15.2000
2010-07-25,12.4000
2010-07-26,15.4000
2010-07-27,8.0000
2010-07-28,10.9000
2010-07-30,7.2000
2010-07-31,13.1000
2010-08-01,11.9000
2010-08-02,14.1000
2010-08-04,15.0000
2010-08-04,10.0000
2010-08-05,13.2000
2010-08-06,10.9000
2010-08-07,14.2000
2010-08-09,14.3000
2010-08-10,12.1000
2010-08-11,14.3000
2010-08-12,9.2000
2010-08-13,10.9000
2010-08-14,13.6000
2010-08-15,6.6000
2010-08-16,14.7000
2010-08-17,11.8000
2010-08-18,14.5000
2010-08-20,15.4000
2010-08-20,9.8000
2010-08-21,13.1000
2010-08-22,10.7000
2010-08-23,14.2000
2010-08-25,13.8000
2010-08-26,11.5000
2010-08-27,14.6000
2010-08-28,8.5000
2010-08-29,10.6000
2010-08-31,3.8000
2010-09-01,14.2000
2010-09-02,11.0000
2010-09-03,13.5000
2010-09-05,15.0000
2010-09-05,9.3000
2010-09-06,13.1000
2010-09-07,9.7000
2010-09-08,12.4000
2010-09-10,12.6000
2010-09-11,10.8000
2010-09-12,14.4000
2010-09-13,9.8000
2010-09-15,12.1000
2010-09-17,13.7000
2010-09-18,11.1000
2010-09-19,13.6000
2010-09-21,12.9000
2010-09-22,10.9000
2010-09-24,11.4000
2010-09-26,13.0000
2010-09-28,13.1000
2010-09-29,9.2000
2010-09-30,7.5000
2010-10-02,6.8000
2010-10-03,11.5000
2010-10-05,11.4000
2010-10-07,11.7000
2010-10-07,6.7000
2010-10-08,9.8000
2010-10-09,7.4000
2010-10-10,10.3000
2010-10-12,11.0000
2010-10-13,8.8000
2010-10-14,11.4000
2010-10-15,8.0000
2010-10-16,6.7000
2010-10-17,9.4000
2010-10-18,6.5000
2010-10-19,10.2000
2010-10-21,10.3000
2010-10-23,10.7000
2010-10-23,5.7000
2010-10-24,8.7000
2010-10-25,6.4000
2010-10-26,9.2000
2010-10-28,9.7000
2010-10-30,10.2000
2010-10-31,7.4000
2010-11-01,5.9000
2010-11-04,8.6000
2010-11-06,8.8000
2010-11-08,9.5000
2010-11-08,4.9000
2010-11-09,7.8000
2010-11-10,5.7000
2010-11-11,8.8000
2010-11-13,9.0000
2010-11-15,9.2000
2010-11-16,6.6000
2010-11-17,5.1000
2010-11-18,7.5000
2010-11-19,3.2000
2010-11-20,7.6000
2010-11-22,7.8000
2010-11-24,8.3000
2010-11-24,4.3000
2010-11-25,6.8000
2010-11-26,4.9000
2010-11-27,7.6000
2010-11-29,7.9000
2010-12-01,8.9000
2010-12-02,6.1000
2010-12-03,4.8000
2010-12-05,4.9000
2010-12-06,7.0000
2010-12-08,7.2000
2010-12-10,7.3000
2010-12-10,3.9000
2010-12-11,6.1000
2010-12-12,4.4000
2010-12-13,6.8000
2010-12-15,7.0000
2010-12-17,7.5000
2010-12-19,6.5000
2010-12-19,4.7000
2010-12-20,6.9000
2010-12-21,5.2000
2010-12-22,7.3000
2010-12-24,7.7000
2010-12-26,7.8000
2010-12-26,4.4000
2010-12-27,6.7000
2010-12-28,5.1000
2010-12-29,7.6000
2010-12-31,7.9000
2011-01-02,8.0000
2011-01-04,7.1000
2011-01-04,5.1000
2011-01-06,5.9000
2011-01-07,8.2000
2011-01-09,8.1000
2011-01-11,8.6000
2011-01-11,5.2000
2011-01-12,7.7000
2011-01-13,6.0000
2011-01-14,8.3000
2011-01-16,8.3000
2011-01-18,8.5000
2011-01-20,8.4000
2011-01-20,6.4000
2011-01-21,8.6000
2011-01-22,6.8000
2011-01-23,9.1000
2011-01-25,9.6000
2011-01-27,10.3000
2011-01-27,6.5000
2011-01-28,8.4000
2011-01-29,6.8000
2011-01-30,8.9000
2011-02-01,9.9000
2011-02-03,10.1000
2011-02-04,3.3000
2011-02-05,7.2000
2011-02-07,7.1000
2011-02-08,9.3000
2011-02-10,9.2000
2011-02-12,9.8000
2011-02-12,6.3000
2011-02-13,8.9000
2011-02-14,6.9000
2011-02-15,9.2000
2011-02-17,9.5000
2011-02-19,10.9000
2011-02-20,9.1000
2011-02-21,7.9000
2011-02-22,10.3000
2011-02-23,8.4000
2011-02-24,11.2000
2011-02-26,11.6000
2011-02-28,11.9000
2011-02-28,7.8000
2011-03-01,10.6000
2011-03-02,8.4000
2011-03-03,10.7000
2011-03-05,10.6000
2011-03-06,9.1000
2011-03-07,10.7000
2011-03-08,9.2000
2011-03-09,7.5000
2011-03-11,7.8000
2011-03-12,10.2000
2011-03-13,9.0000
2011-03-14,11.3000
2011-03-16,11.7000
2011-03-16,7.6000
2011-03-17,10.5000
2011-03-18,8.5000
2011-03-19,11.5000
2011-03-21,11.9000
2011-03-22,10.1000
2011-03-23,12.7000
2011-03-24,10.8000
2011-03-25,9.0000
2011-03-26,11.6000
2011-03-27,8.1000
2011-03-28,12.2000
2011-03-29,10.7000
2011-03-30,13.0000
2011-04-01,12.6000
2011-04-01,7.9000
2011-04-02,10.8000
2011-04-03,8.7000
2011-04-04,11.6000
2011-04-06,12.4000
2011-04-07,10.5000
2011-04-08,13.1000
2011-04-09,10.6000
2011-04-10,9.7000
2011-04-12,9.3000
2011-04-13,11.9000
2011-04-14,9.8000
2011-04-15,12.7000
2011-04-17,13.8000
2011-04-18,12.3000
2011-04-19,9.6000
2011-04-20,12.0000
2011-04-21,9.9000
2011-04-22,12.0000
2011-04-23,10.6000
2011-04-24,13.9000
2011-04-26,9.1000
2011-04-27,11.6000
2011-04-28,9.0000
2011-04-29,12.6000
2011-04-30,10.6000
2011-05-01,13.1000
2011-05-03,13.3000
2011-05-03,8.6000
2011-05-04,11.1000
2011-05-05,9.4000
2011-05-06,12.8000
2011-05-07,10.0000
2011-05-08,12.2000
2011-05-09,10.7000
2011-05-10,13.4000
2011-05-12,9.6000
2011-05-14,7.0000
2011-05-15,13.1000
2011-05-16,10.5000
2011-05-17,12.9000
2011-05-19,13.2000
2011-05-19,8.7000
2011-05-20,10.8000
2011-05-21,9.2000
2011-05-22,12.4000
2011-05-24,12.7000
2011-05-25,11.3000
2011-05-26,13.5000
2011-05-28,9.4000
2011-05-29,11.9000
2011-05-30,9.5000
2011-05-31,12.5000
2011-06-01,11.6000
2011-06-02,13.8000
2011-06-04,14.8000
2011-06-04,9.7000
2011-06-05,13.4000
2011-06-06,10.5000
2011-06-07,13.5000
2011-06-09,14.6000
2011-06-10,11.8000
2011-06-11,14.8000
2011-06-13,10.6000
2011-06-15,10.8000
2011-06-16,13.9000
2011-06-17,12.3000
2011-06-18,14.8000
2011-06-20,15.4000
2011-06-20,10.4000
2011-06-21,14.2000
2011-06-22,11.3000
2011-06-23,14.3000
2011-06-24,11.2000
2011-06-25,14.5000
2011-06-26,12.2000
2011-06-27,15.0000
2011-06-29,11.5000
2011-06-30,14.7000
2011-07-01,12.0000
2011-07-02,14.4000
2011-07-04,14.2000
2011-07-06,15.1000
2011-07-06,10.4000
2011-07-07,13.3000
2011-07-08,11.6000
2011-07-09,14.1000
2011-07-10,11.3000
2011-07-11,14.9000
2011-07-13,15.9000
2011-07-15,10.9000
2011-07-17,12.4000
2011-07-18,14.7000
2011-07-20,15.0000
2011-07-22,15.0000
2011-07-22,10.3000
2011-07-23,12.9000
2011-07-24,11.0000
2011-07-25,13.6000
2011-07-26,11.3000
2011-07-27,14.3000
2011-07-29,15.2000
2011-07-31,10.7000
2011-08-01,13.7000
2011-08-02,10.7000
2011-08-03,14.6000
2011-08-04,11.8000
2011-08-05,14.3000
2011-08-07,15.0000
2011-08-07,10.0000
2011-08-08,13.3000
2011-08-09,10.9000
2011-08-10,13.9000
2011-08-11,11.0000
2011-08-12,13.9000
2011-08-14,14.6000
2011-08-16,10.7000
2011-08-18,10.6000
2011-08-19,13.8000
2011-08-21,14.2000
2011-08-23,14.8000
2011-08-23,9.4000
2011-08-24,12.2000
2011-08-25,10.1000
2011-08-26,13.8000
2011-08-27,10.6000
2011-08-28,13.4000
2011-08-30,15.0000
2011-09-01,10.4000
2011-09-02,13.5000
2011-09-03,10.8000
2011-09-04,13.6000
2011-09-06,13.5000
2011-09-08,14.7000
2011-09-08,9.1000
2011-09-09,12.2000
2011-09-10,9.4000
2011-09-11,12.6000
2011-09-12,9.5000
2011-09-13,13.1000
2011-09-15,13.7000
2011-09-17,8.9000
2011-09-19,9.1000
2011-09-20,12.2000
2011-09-22,13.1000
2011-09-24,13.3000
2011-09-24,7.8000
2011-09-25,11.3000
2011-09-26,8.4000
2011-09-27,11.4000
2011-09-28,8.8000
2011-09-29,11.8000
2011-10-01,12.9000
2011-10-03,8.0000
2011-10-04,10.6000
2011-10-05,8.3000
2011-10-06,11.3000
2011-10-08,11.5000
2011-10-10,12.4000
2011-10-10,7.0000
2011-10-11,10.5000
2011-10-12,7.5000
2011-10-13,10.6000
2011-10-14,8.1000
2011-10-15,10.8000
2011-10-17,11.4000
2011-10-19,6.7000
2011-10-21,7.5000
2011-10-22,9.8000
2011-10-23,7.2000
2011-10-24,9.7000
2011-10-26,10.3000
2011-10-26,5.5000
2011-10-27,8.2000
2011-10-29,8.7000
2011-10-30,6.8000
2011-10-31,9.4000
2011-11-02,9.8000
2011-11-05,8.2000
2011-11-06,6.0000
2011-11-07,8.6000
2011-11-08,6.0000
2011-11-09,8.6000
2011-11-11,9.2000
2011-11-11,4.8000
2011-11-12,7.7000
2011-11-13,5.3000
2011-11-14,8.0000
2011-11-15,6.1000
2011-11-16,8.4000
2011-11-18,8.9000
2011-11-20,5.0000
2011-11-22,5.7000
2011-11-23,8.0000
2011-11-24,6.1000
2011-11-25,8.0000
2011-11-27,8.7000
2011-11-27,4.6000
2011-11-28,7.0000
2011-11-29,5.1000
2011-11-30,7.6000
2011-12-01,5.7000
2011-12-02,7.6000
2011-12-04,7.7000
2011-12-06,4.7000
2011-12-07,6.2000
2011-12-08,5.2000
2011-12-09,7.0000
2011-12-10,5.5000
2011-12-11,7.4000
2011-12-13,7.9000
2011-12-13,4.4000
2011-12-14,7.0000
2011-12-15,4.9000
2011-12-16,7.4000
2011-12-17,5.5000
2011-12-18,7.6000
2011-12-19,6.0000
2011-12-20,7.9000
2011-12-22,4.9000
2011-12-24,5.6000
2011-12-25,7.3000
2011-12-26,6.0000
2011-12-27,7.7000
2011-12-29,7.9000
2011-12-29,4.5000
2011-12-30,6.7000
2011-12-31,5.1000
2012-01-01,7.0000
2012-01-02,5.3000
2012-01-03,7.2000
2012-01-04,5.9000
2012-01-05,7.7000
2012-01-07,5.2000
2012-01-08,7.1000
2012-01-09,6.1000
2012-01-10,8.1000
2012-01-11,6.2000
2012-01-12,7.9000
2012-01-14,8.7000
2012-01-14,5.3000
2012-01-15,8.3000
2012-01-16,6.1000
2012-01-17,8.1000
2012-01-18,6.7000
2012-01-19,8.5000
2012-01-20,7.4000
2012-01-21,9.4000
2012-01-23,6.4000
2012-01-25,7.1000
2012-01-26,8.9000
2012-01-27,7.2000
2012-01-28,9.3000
2012-01-30,9.9000
2012-01-30,6.2000
2012-01-31,8.8000
2012-02-01,6.9000
2012-02-02,8.8000
2012-02-03,7.4000
2012-02-04,9.4000
2012-02-05,7.8000
2012-02-06,9.4000
2012-02-08,6.8000
2012-02-09,9.4000
2012-02-10,8.3000
2012-02-11,10.5000
2012-02-12,8.8000
2012-02-13,10.9000
2012-02-15,11.5000
2012-02-15,7.3000
2012-02-16,10.7000
2012-02-17,8.2000
2012-02-18,10.9000
2012-02-19,9.2000
2012-02-20,11.5000
2012-02-21,9.6000
2012-02-22,12.0000
2012-02-24,8.3000
2012-02-26,9.4000
2012-02-27,11.7000
2012-02-28,9.5000
2012-02-29,11.8000
2012-03-02,11.9000
2012-03-02,7.8000
2012-03-03,10.5000
2012-03-04,8.5000
2012-03-05,11.3000
2012-03-06,8.9000
2012-03-07,11.3000
2012-03-08,9.9000
2012-03-09,12.4000
2012-03-11,8.7000
2012-03-12,11.6000
2012-03-13,9.5000
2012-03-14,11.6000
2012-03-15,9.4000
2012-03-16,11.5000
2012-03-18,13.0000
2012-03-18,8.4000
2012-03-19,10.9000
2012-03-20,8.5000
2012-03-21,11.1000
2012-03-22,9.3000
2012-03-23,11.6000
2012-03-24,9.8000
2012-03-25,11.8000
2012-03-27,8.5000
2012-03-29,9.7000
2012-03-30,12.4000
2012-03-31,10.3000
2012-04-01,12.7000
2012-04-03,12.2000
2012-04-03,7.8000
2012-04-04,11.2000
2012-04-05,8.8000
2012-04-06,12.4000
2012-04-07,9.9000
2012-04-08,12.8000
2012-04-09,10.4000
2012-04-10,13.0000
2012-04-12,8.8000
2012-04-13,10.5000
2012-04-14,9.5000
2012-04-15,12.3000
2012-04-16,10.2000
2012-04-17,12.2000
2012-04-19,12.9000
2012-04-19,8.0000
2012-04-20,11.0000
2012-04-21,8.7000
2012-04-22,12.0000
2012-04-23,9.4000
2012-04-24,11.8000
2012-04-25,10.1000
2012-04-26,12.6000
2012-04-28,9.0000
2012-04-30,9.5000
2012-05-01,11.7000
2012-05-02,9.7000
2012-05-03,11.7000
2012-05-05,12.5000
2012-05-05,8.3000
2012-05-06,11.0000
2012-05-07,9.0000
2012-05-08,12.1000
2012-05-09,9.7000
2012-05-10,12.8000
2012-05-11,10.2000
2012-05-12,13.2000
2012-05-14,9.2000
2012-05-15,12.1000
2012-05-16,9.9000
2012-05-17,12.6000
2012-05-18,10.0000
2012-05-19,12.5000
2012-05-21,12.6000
2012-05-21,8.3000
2012-05-22,11.3000
2012-05-23,9.2000
2012-05-24,12.7000
2012-05-25,10.2000
2012-05-26,12.4000
2012-05-27,10.5000
2012-05-28,12.4000
2012-05-30,8.7000
2012-06-01,10.9000
2012-06-02,13.6000
2012-06-03,11.9000
2012-06-04,14.0000
2012-06-06,14.4000
2012-06-06,9.5000
2012-06-07,12.5000
2012-06-08,10.5000
2012-06-09,13.2000
2012-06-10,11.2000
2012-06-11,13.7000
2012-06-12,11.9000
2012-06-13,14.3000
2012-06-15,10.5000
2012-06-16,13.9000
2012-06-17,10.7000
2012-06-18,13.4000
2012-06-19,11.6000
2012-06-20,14.6000
2012-06-22,15.1000
2012-06-22,9.9000
2012-06-23,13.0000
2012-06-24,10.4000
2012-06-25,13.1000
2012-06-26,11.0000
2012-06-27,14.3000
2012-06-28,12.3000
2012-06-29,14.6000
2012-07-01,10.4000
2012-07-03,11.0000
2012-07-04,13.6000
2012-07-05,11.2000
2012-07-06,13.5000
2012-07-08,14.1000
2012-07-08,9.7000
2012-07-09,12.8000
2012-07-10,10.1000
2012-07-11,12.9000
2012-07-12,10.7000
2012-07-13,12.7000
2012-07-14,10.9000
2012-07-15,14.3000
2012-07-17,10.6000
2012-07-18,11.8000
2012-07-19,10.8000
2012-07-20,13.6000
2012-07-21,11.0000
2012-07-22,13.4000
2012-07-24,14.0000
2012-07-24,10.1000
2012-07-25,11.2000
2012-07-26,10.1000
2012-07-27,12.8000
2012-07-28,10.9000
2012-07-29,13.4000
2012-07-30,11.1000
2012-07-31,14.1000
2012-08-02,10.3000
2012-08-04,10.8000
2012-08-05,13.4000
2012-08-06,11.1000
2012-08-07,13.3000
2012-08-09,15.6000
2012-08-09,10.3000
2012-08-10,13.1000
2012-08-11,10.8000
2012-08-12,14.2000
2012-08-13,11.5000
2012-08-14,14.3000
2012-08-15,11.9000
2012-08-16,14.2000
2012-08-18,10.7000
2012-08-19,13.6000
2012-08-20,11.3000
2012-08-21,13.9000
2012-08-22,11.0000
2012-08-23,14.3000
2012-08-25,14.5000
2012-08-25,9.3000
2012-08-26,12.1000
2012-08-27,10.1000
2012-08-28,12.6000
2012-08-29,10.5000
2012-08-30,13.5000
2012-08-31,11.3000
2012-09-01,14.3000
2012-09-02,10.9000
2012-09-03,9.5000
2012-09-05,10.1000
2012-09-06,12.8000
2012-09-07,10.7000
2012-09-08,12.8000
2012-09-10,13.5000
2012-09-10,8.3000
2012-09-11,11.0000
2012-09-12,9.2000
2012-09-13,11.9000
2012-09-14,9.7000
2012-09-15,12.6000
2012-09-16,9.7000
2012-09-17,13.5000
2012-09-19,8.7000
2012-09-20,11.6000
2012-09-21,9.4000
2012-09-22,11.7000
2012-09-23,9.7000
2012-09-24,13.2000
2012-09-26,13.3000
2012-09-26,4.0000
2012-09-27,10.3000
2012-09-28,8.1000
2012-09-29,11.3000
2012-09-30,9.0000
2012-10-01,11.9000
2012-10-03,12.4000
2012-10-05,7.8000
2012-10-07,8.4000
2012-10-08,11.3000
2012-10-09,8.9000
2012-10-10,11.9000
2012-10-12,12.3000
2012-10-12,6.8000
2012-10-13,10.0000
2012-10-14,7.5000
2012-10-15,10.3000
2012-10-16,8.0000
2012-10-17,10.9000
2012-10-19,12.0000
2012-10-21,6.9000
2012-10-22,9.5000
2012-10-23,7.2000
2012-10-24,9.8000
2012-10-25,7.6000
2012-10-26,10.3000
2012-10-28,10.5000
2012-10-28,5.5000
2012-10-29,8.9000
2012-10-30,5.9000
2012-10-31,8.7000
2012-11-01,6.9000
2012-11-02,9.8000
2012-11-04,10.6000
2012-11-06,6.0000
2012-11-08,6.6000
2012-11-09,8.9000
2012-11-10,6.7000
2012-11-11,8.8000
2012-11-13,9.6000
2012-11-13,5.0000
2012-11-14,7.6000
2012-11-15,5.5000
2012-11-16,8.1000
2012-11-17,6.1000
2012-11-18,8.4000
2012-11-19,6.4000
2012-11-20,8.8000
2012-11-22,5.1000
2012-11-23,7.5000
2012-11-24,5.8000
2012-11-25,8.2000
2012-11-26,6.1000
2012-11-27,8.2000
2012-11-29,8.5000
2012-11-29,4.5000
2012-11-30,7.1000
2012-12-01,5.0000
2012-12-02,7.5000
2012-12-03,5.6000
2012-12-04,7.8000
2012-12-06,8.3000
2012-12-08,5.0000
2012-12-10,5.9000
2012-12-11,8.0000
2012-12-12,6.1000
2012-12-13,8.5000
2012-12-15,8.6000
2012-12-15,4.8000
2012-12-16,7.3000
2012-12-17,5.3000
2012-12-18,7.9000
2012-12-19,6.2000
2012-12-20,8.2000
2012-12-22,8.7000
2012-12-24,5.4000
2012-12-25,7.5000
2012-12-26,6.1000
2012-12-27,8.2000
2012-12-28,6.4000
2012-12-29,8.3000
2012-12-31,8.9000
2012-12-31,5.3000
2013-01-01,7.6000
2013-01-02,5.8000
2013-01-03,8.0000
2013-01-04,6.2000
2013-01-05,7.8000
2013-01-07,8.5000
2013-01-09,5.4000
2013-01-11,6.4000
2013-01-12,8.3000
2013-01-13,7.2000
2013-01-14,9.1000
2013-01-16,9.7000
2013-01-16,6.0000
2013-01-17,8.7000
2013-01-18,6.8000
2013-01-19,9.2000
2013-01-20,7.6000
2013-01-21,10.2000
2013-01-23,10.4000
2013-01-25,7.1000
2013-01-26,9.3000
2013-01-27,7.8000
2013-01-28,10.0000
2013-01-29,8.4000
2013-01-30,10.8000
2013-02-01,10.8000
2013-02-01,6.8000
2013-02-02,9.9000
2013-02-03,7.3000
2013-02-04,9.9000
2013-02-05,7.9000
2013-02-06,9.9000
2013-02-07,7.3000
2013-02-08,10.6000
2013-02-10,10.6000
2013-02-10,7.9000
2013-02-12,9.6000
2013-02-13,11.9000
2013-02-14,9.8000
2013-02-15,12.1000
2013-02-17,12.2000
2013-02-17,7.7000
2013-02-18,10.9000
2013-02-19,8.6000
2013-02-20,11.7000
2013-02-21,9.7000
2013-02-22,12.0000
2013-02-23,10.0000
2013-02-24,12.7000
2013-02-26,7.8000
2013-02-26,8.6000
2013-02-27,11.7000
2013-02-28,9.8000
2013-03-01,12.3000
2013-03-02,9.8000
2013-03-03,11.3000
2013-03-05,12.8000
2013-03-05,8.3000
2013-03-06,10.5000
2013-03-07,9.2000
2013-03-08,12.7000
2013-03-09,10.6000
2013-03-10,13.7000
2013-03-11,10.7000
2013-03-12,13.3000
2013-03-14,7.6000
2013-03-14,9.1000
2013-03-16,10.0000
2013-03-17,12.9000
2013-03-18,11.0000
2013-03-19,13.7000
2013-03-21,14.3000
2013-03-21,8.9000
2013-03-22,11.8000
2013-03-23,10.2000
2013-03-24,13.4000
2013-03-25,11.0000
2013-03-26,13.9000
2013-03-27,12.2000
2013-03-28,14.7000
2013-03-29,11.7000
2013-03-30,10.6000
2013-03-31,13.9000
2013-04-01,11.4000
2013-04-02,13.7000
2013-04-03,11.2000
2013-04-04,13.3000
2013-04-06,14.0000
2013-04-06,8.9000
2013-04-07,12.4000
2013-04-08,9.9000
2013-04-09,13.4000
2013-04-10,10.8000
2013-04-11,13.7000
2013-04-12,11.4000
2013-04-13,14.3000
2013-04-14,11.6000
2013-04-15,9.4000
2013-04-17,10.0000
2013-04-18,12.8000
2013-04-19,10.8000
2013-04-20,13.6000
2013-04-22,14.0000
2013-04-22,9.0000
2013-04-23,12.0000
2013-04-24,10.1000
2013-04-25,13.3000
2013-04-26,11.2000
2013-04-27,13.9000
2013-04-28,12.2000
2013-04-29,14.4000
2013-04-30,10.8000
2013-05-01,9.1000
2013-05-02,11.1000
2013-05-03,10.2000
2013-05-04,12.6000
2013-05-05,10.2000
2013-05-06,12.6000
2013-05-08,14.0000
2013-05-08,9.1000
2013-05-09,12.0000
2013-05-10,9.8000
2013-05-11,12.3000
2013-05-12,10.2000
2013-05-13,13.6000
2013-05-14,10.7000
2013-05-15,13.5000
2013-05-16,10.6000
2013-05-17,9.5000
2013-05-19,9.9000
2013-05-20,12.6000
2013-05-21,10.4000
2013-05-22,12.9000
2013-05-24,13.5000
2013-05-24,8.9000
2013-05-25,11.7000
2013-05-26,9.3000
2013-05-27,12.4000
2013-05-28,10.1000
2013-05-29,12.5000
2013-05-30,11.0000
2013-05-31,12.2000
2013-06-01,9.0000
2013-06-02,10.1000
2013-06-03,12.6000
2013-06-04,11.1000
2013-06-05,14.0000
2013-06-06,11.9000
2013-06-07,14.3000
2013-06-09,14.6000
2013-06-09,9.7000
2013-06-10,12.6000
2013-06-11,10.4000
2013-06-12,13.0000
2013-06-13,10.5000
2013-06-14,14.5000
2013-06-15,11.8000
2013-06-16,14.4000
2013-06-17,11.1000
2013-06-18,10.1000
2013-06-20,11.7000
2013-06-21,13.6000
2013-06-22,11.8000
2013-06-23,14.5000
2013-06-25,14.5000
2013-06-25,9.7000
2013-06-26,12.1000
2013-06-27,9.7000
2013-06-28,12.3000
2013-06-29,10.8000
2013-06-30,13.9000
2013-07-01,12.2000
2013-07-02,14.5000
2013-07-03,9.8000
2013-07-04,10.9000
2013-07-05,12.6000
2013-07-06,12.0000
2013-07-07,13.8000
2013-07-08,11.6000
2013-07-09,13.7000
2013-07-11,13.7000
2013-07-11,9.5000
2013-07-12,12.4000
2013-07-13,10.4000
2013-07-14,12.6000
2013-07-15,10.5000
2013-07-16,12.7000
2013-07-17,11.6000
2013-07-18,13.7000
2013-07-19,8.0000
2013-07-20,10.4000
2013-07-22,11.1000
2013-07-23,12.9000
2013-07-24,11.3000
2013-07-25,13.1000
2013-07-27,13.5000
2013-07-27,9.3000
2013-07-28,11.7000
2013-07-29,10.1000
2013-07-30,12.9000
2013-07-31,11.1000
2013-08-01,13.3000
2013-08-02,11.4000
2013-08-03,13.7000
2013-08-04,10.7000
2013-08-05,9.9000
2013-08-06,12.8000
2013-08-07,10.4000
2013-08-08,13.0000
2013-08-09,10.7000
2013-08-10,14.1000
2013-08-12,14.5000
2013-08-12,9.9000
2013-08-13,12.1000
2013-08-14,10.1000
2013-08-15,12.5000
2013-08-16,11.2000
2013-08-17,13.5000
2013-08-18,11.3000
2013-08-19,13.6000
2013-08-20,8.7000
2013-08-21,10.0000
2013-08-23,11.0000
2013-08-24,13.0000
2013-08-25,11.2000
2013-08-26,14.5000
2013-08-28,14.5000
2013-08-28,9.3000
2013-08-29,11.8000
2013-08-30,9.9000
2013-08-31,12.5000
2013-09-01,10.4000
2013-09-02,13.6000
2013-09-03,10.9000
2013-09-04,14.3000
2013-09-05,2.3000
2013-09-06,9.6000
2013-09-07,12.4000
2013-09-08,10.4000
2013-09-09,13.3000
2013-09-10,10.3000
2013-09-11,13.0000
2013-09-13,14.5000
2013-09-13,8.6000
2013-09-14,12.9000
2013-09-15,9.3000
2013-09-16,13.0000
2013-09-17,9.9000
2013-09-18,12.7000
2013-09-19,10.3000
2013-09-20,13.1000
2013-09-21,7.3000
2013-09-22,8.5000
2013-09-24,8.9000
2013-09-25,12.2000
2013-09-26,10.0000
2013-09-27,12.2000
2013-09-29,12.3000
2013-09-29,7.2000
2013-09-30,10.1000
2013-10-01,7.6000
2013-10-02,10.1000
2013-10-03,8.4000
2013-10-04,10.9000
2013-10-05,8.6000
2013-10-06,11.7000
2013-10-07,6.3000
2013-10-08,7.4000
2013-10-09,10.2000
2013-10-10,8.3000
2013-10-11,10.7000
2013-10-12,8.2000
2013-10-13,10.9000
2013-10-15,11.3000
2013-10-15,6.2000
2013-10-16,9.5000
2013-10-17,6.7000
2013-10-18,10.1000
2013-10-19,7.5000
2013-10-20,10.4000
2013-10-22,10.8000
2013-10-23,4.3000
2013-10-24,6.2000
2013-10-26,7.0000
2013-10-27,9.9000
2013-10-28,7.2000
2013-10-29,10.0000
2013-10-31,10.3000
2013-10-31,5.3000
2013-11-01,8.1000
2013-11-02,6.2000
2013-11-03,9.2000
2013-11-04,6.6000
2013-11-05,9.3000
2013-11-07,9.7000
2013-11-08,7.1000
2013-11-09,5.4000
2013-11-10,7.7000
2013-11-11,6.0000
2013-11-12,8.4000
2013-11-13,6.0000
2013-11-14,8.4000
2013-11-16,8.7000
2013-11-16,4.5000
2013-11-17,7.1000
2013-11-18,5.2000
2013-11-19,7.7000
2013-11-20,5.6000
2013-11-21,8.2000
2013-11-23,8.6000
2013-11-24,6.5000
2013-11-25,5.0000
2013-11-27,5.4000
2013-11-28,7.5000
2013-11-29,5.7000
2013-11-30,8.0000
2013-12-02,8.4000
2013-12-02,4.4000
2013-12-03,6.8000
2013-12-04,4.9000
2013-12-05,7.3000
2013-12-06,5.6000
2013-12-07,7.8000
2013-12-09,8.4000
2013-12-10,6.2000
2013-12-11,5.0000
2013-12-12,7.2000
2013-12-13,5.7000
2013-12-14,7.5000
2013-12-15,5.5410
2013-12-16,7.6583
2013-12-18,8.2400
2013-12-18,4.5689
2013-12-19,6.8828
2013-12-20,5.3466
2013-12-21,7.5614
2013-12-22,5.8164
2013-12-23,8.0461
2013-12-25,8.7247
2013-12-27,5.2348
2013-12-29,5.7195
2013-12-30,7.7553
2013-12-31,6.1242
2014-01-01,7.6369
2014-01-03,7.5438
2014-01-03,4.4151
2014-01-04,6.6125
2014-01-05,5.0726
2014-01-06,7.3575
2014-01-07,5.6811
2014-01-08,7.3575
2014-01-10,7.7301
2014-01-12,5.4949
2014-01-13,7.5438
2014-01-14,6.3331
2014-01-15,8.0095
2014-01-16,6.1060
2014-01-17,7.8232
2014-01-19,8.1957
2014-01-19,5.0726
2014-01-20,7.1713
2014-01-21,5.6363
2014-01-22,7.7301
2014-01-23,6.7056
2014-01-24,8.1026
2014-01-26,8.9408
2014-01-27,6.5594
2014-01-28,6.1468
2014-01-30,6.7056
2014-01-31,8.6614
2014-02-01,7.0727
2014-02-02,8.9491
2014-02-04,9.5027
2014-02-04,6.0623
2014-02-05,8.6723
2014-02-06,6.8889
2014-02-07,9.2259
2014-02-08,7.8420
2014-02-09,9.7794
2014-02-11,10.6100
2014-02-12,8.6047
2014-02-13,7.1039
2014-02-14,9.2259
2014-02-15,7.7497
2014-02-16,9.9640
2014-02-17,8.5801
2014-02-18,10.3330
2014-02-20,11.4400
2014-02-20,7.4401
2014-02-21,10.2410
2014-02-22,8.0830
2014-02-23,11.1630
2014-02-24,9.1336
2014-02-25,11.5320
2014-02-27,11.4400
2014-02-28,9.5300
2014-03-01,7.8900
2014-03-03,9.3246
2014-03-04,11.8350
2014-03-05,9.5039
2014-03-06,11.2070
2014-03-08,11.5660
2014-03-08,7.5928
2014-03-09,11.0280
2014-03-10,8.8583
2014-03-11,11.5660
2014-03-12,9.5935
2014-03-13,11.7450
2014-03-15,12.3730
2014-03-16,11.3440
2014-03-17,8.9659
2014-03-18,11.8350
2014-03-19,10.1310
2014-03-20,12.2930
2014-03-21,10.4850
2014-03-22,12.4630
2014-03-24,13.1800
2014-03-24,8.5871
2014-03-25,11.8350
2014-03-26,9.5814
2014-03-27,12.5520
2014-03-28,9.9522
2014-03-29,12.5520
2014-03-30,10.3950
2014-03-31,13.2700
2014-04-01,10.2550
2014-04-02,8.8835
2014-04-04,9.9287
2014-04-05,12.5090
2014-04-06,10.1030
2014-04-07,12.5410
2014-04-09,12.6290
2014-04-09,7.9919
2014-04-10,11.2350
2014-04-11,8.8606
2014-04-12,12.0190
2014-04-13,9.8416
2014-04-14,12.6290
2014-04-15,9.9899
2014-04-16,12.9770
2014-04-17,10.4300
2014-04-18,9.3190
2014-04-19,12.1060
2014-04-20,9.9287
2014-04-21,12.0190
2014-04-22,10.3640
2014-04-25,13.7610
2014-04-25,8.5131
2014-04-26,11.7580
2014-04-27,9.2949
2014-04-28,12.2800
2014-04-29,10.0160
2014-04-30,13.1510
2014-05-01,10.8290
2014-05-02,13.2360
2014-05-03,10.2540
2014-05-04,8.9939
2014-05-06,10.1820
2014-05-07,12.8970
2014-05-08,10.5210
2014-05-09,12.5570
2014-05-11,12.9820
2014-05-11,8.4222
2014-05-12,11.7940
2014-05-13,9.1957
2014-05-14,11.6240
2014-05-15,9.5030
2014-05-16,11.9640
2014-05-17,10.1410
2014-05-18,12.8120
2014-05-19,9.4065
2014-05-20,9.0787
2014-05-21,11.1150
2014-05-22,9.6726
2014-05-23,12.1330
2014-05-24,10.0120
2014-05-25,12.3880
2014-05-27,12.8970
2014-05-27,8.4222
2014-05-28,11.3700
2014-05-29,9.3676
2014-05-30,12.1330
2014-05-31,9.6726
2014-06-01,13.7800
2014-06-03,14.8400
2014-06-04,11.5060
2014-06-05,10.3110
2014-06-07,11.3710
2014-06-08,14.8400
2014-06-09,11.7560
2014-06-10,14.6470
2014-06-12,15.0330
2014-06-12,10.0030
2014-06-13,13.2980
2014-06-14,10.7730
2014-06-15,13.4910
2014-06-16,11.3710
2014-06-17,13.9730
2014-06-19,14.4540
2014-06-21,10.7930
2014-06-22,13.0090
2014-06-23,11.4670
2014-06-24,13.8760
2014-06-25,11.7560
2014-06-26,14.6470
2014-06-28,15.0330
2014-06-28,9.9070
2014-06-29,12.3340
2014-06-30,10.8690
2014-07-01,13.7070
2014-07-02,11.4060
2014-07-03,13.6110
2014-07-04,7.4552
2014-07-05,14.4740
2014-07-06,5.6417
2014-07-07,10.5440
2014-07-09,11.5020
2014-07-10,13.2280
2014-07-11,9.5853
2014-07-12,13.6110
2014-07-14,13.8990
2014-07-14,9.6316
2014-07-15,13.0360
2014-07-16,10.7870
2014-07-17,14.1860
2014-07-18,11.3110
2014-07-19,13.5150
2014-07-21,14.0900
2014-07-22,9.5622
2014-07-23,10.4480
2014-07-24,12.7480
2014-07-25,11.4060
2014-07-26,13.5810
2014-07-27,11.3110
2014-07-28,13.1320
2014-07-30,14.2820
2014-07-30,9.7280
2014-07-31,12.4610
2014-08-01,10.1410
2014-08-02,13.0510
2014-08-04,13.5340
2014-08-06,14.4040
2014-08-07,10.7100
2014-08-08,10.9240
2014-08-10,11.0210
2014-08-11,13.6310
2014-08-12,11.0210
2014-08-13,13.4370
2014-08-15,14.4040
2014-08-15,9.6581
2014-08-16,12.4710
2014-08-17,10.1410
2014-08-18,13.2440
2014-08-19,11.4070
2014-08-20,13.4370
2014-08-22,14.8870
2014-08-23,10.7100
2014-08-24,10.3440
2014-08-25,11.8910
2014-08-26,10.5370
2014-08-27,13.5340
2014-08-28,11.2140
2014-08-29,13.7270
2014-08-31,14.0170
2014-08-31,8.8855
2014-09-01,11.1070
2014-09-02,9.8461
2014-09-03,13.4250
2014-09-04,10.6240
2014-09-05,12.8460
2014-09-07,13.5220
2014-09-08,9.7610
2014-09-09,9.4654
2014-09-11,9.9484
2014-09-12,12.9430
2014-09-13,10.5280
2014-09-14,13.1360
2014-09-16,14.1020
2014-09-16,8.4947
2014-09-17,11.9770
2014-09-18,8.9773
2014-09-19,12.1700
2014-09-20,9.3689
2014-09-21,12.4600
2014-09-23,13.2320
2014-09-24,7.3449
2014-09-25,8.1132
2014-09-26,11.0110
2014-09-27,8.6928
2014-09-28,11.4940
2014-09-30,11.5900
2014-10-02,12.3260
2014-10-02,6.9036
2014-10-03,10.0930
2014-10-04,7.8759
2014-10-05,11.2580
2014-10-06,8.0704
2014-10-07,11.1610
2014-10-09,11.1610
2014-10-10,6.4803
2014-10-11,7.1818
2014-10-13,7.6671
2014-10-14,9.8993
2014-10-16,11.1610
2014-10-18,11.4520
2014-10-18,6.1257
2014-10-19,9.2199
2014-10-20,6.7091
2014-10-21,9.8022
2014-10-22,7.0981
2014-10-23,9.9963
2014-10-25,10.5790
2014-10-26,6.6737
2014-10-27,5.9201
2014-10-28,8.2494
2014-10-29,6.5025
2014-10-30,9.2372
2014-11-01,9.3339
2014-11-03,10.3060
2014-11-03,5.3535
2014-11-04,8.5561
2014-11-05,5.8401
2014-11-06,8.6533
2014-11-07,6.1321
2014-11-08,8.8478
2014-11-10,9.0422
2014-11-12,5.2503
2014-11-14,5.7365
2014-11-15,7.9727
2014-11-17,8.3616
2014-11-19,8.6533
2014-11-19,4.4774
2014-11-20,7.1949
2014-11-21,5.0615
2014-11-22,7.9727
2014-11-23,5.6455
2014-11-24,8.5561
2014-11-26,8.6533
2014-11-27,6.5739
2014-11-28,5.0559
2014-11-29,7.3894
2014-11-30,5.4448
2014-12-01,7.2706
2014-12-02,5.4438
2014-12-03,7.6583
2014-12-05,8.0461
2014-12-05,4.2772
2014-12-06,6.7859
2014-12-07,4.8605
2014-12-08,7.1736
2014-12-09,5.3466
2014-12-10,7.7553
2014-12-12,8.4338
2014-12-13,5.8659
2014-12-14,4.8470
2014-12-16,5.4287
2014-12-17,7.3675
2014-12-19,7.7553
2014-12-21,7.9491
2014-12-21,4.4717
2014-12-22,6.8828
2014-12-23,4.9577
2014-12-24,7.3675
2014-12-25,5.4438
2014-12-26,7.6583
2014-12-28,7.8522
2014-12-30,5.0409
2014-12-31,6.8828
2015-01-01,5.1223
2015-01-02,7.3271
2015-01-03,5.6811
2015-01-04,7.9163
2015-01-06,8.4751
2015-01-06,5.0726
2015-01-07,7.3575
2015-01-08,5.5423
2015-01-09,7.5438
2015-01-10,5.8241
2015-01-11,7.8232
2015-01-13,8.9408
2015-01-15,5.7743
2015-01-17,6.3331
2015-01-18,7.9847
2015-01-20,8.7545
2015-01-22,9.0339
2015-01-22,5.7302
2015-01-23,8.3820
2015-01-24,6.2938
2015-01-25,8.8477
2015-01-26,7.0453
2015-01-27,8.9408
2015-01-29,9.2202
2015-01-30,7.5756
2015-01-31,6.5193
2015-02-01,8.8568
2015-02-02,7.4730
2015-02-03,9.5949
2015-02-05,9.7794
2015-02-07,8.6723
2015-02-07,5.5112
2015-02-08,8.3033
2015-02-09,6.4297
2015-02-10,8.8568
2015-02-11,7.1039
2015-02-12,9.5027
2015-02-16,7.8420
2015-02-18,8.6723
2015-02-19,10.1960
2015-02-21,10.9790
2015-02-23,11.4400
2015-02-23,7.2564
2015-02-24,9.9640
2015-02-25,7.8075
2015-02-26,10.6100
2015-02-27,8.9491
2015-02-28,10.8870
2015-03-02,10.9380
2015-03-04,7.8004
2015-03-05,10.3110
2015-03-06,8.7866
2015-03-07,10.5760
2015-03-09,11.2070
2015-03-11,10.9380
2015-03-11,7.2313
2015-03-12,9.2349
2015-03-13,8.0448
2015-03-14,10.6690
2015-03-15,9.1295
2015-03-16,11.9250
2015-03-18,12.5520
2015-03-20,8.8763
2015-03-22,9.6832
2015-03-23,12.8360
2015-03-24,10.4900
2015-03-25,12.6420
2015-03-27,12.9110
2015-03-27,8.2256
2015-03-28,10.8490
2015-03-29,8.5871
2015-03-30,11.3870
2015-03-31,9.5039
2015-04-01,11.8450
2015-04-03,12.2800
2015-04-05,8.1868
2015-04-06,10.7130
2015-04-07,9.4061
2015-04-08,12.0190
2015-04-09,9.5803
2015-04-10,12.1930
2015-04-12,13.0640
2015-04-12,8.5131
2015-04-13,10.8870
2015-04-14,9.0343
2015-04-15,12.2800
2015-04-16,10.4510
2015-04-17,13.2380
2015-04-19,13.5000
2015-04-20,11.1310
2015-04-21,9.0577
2015-04-23,10.3640
2015-04-24,12.2800
2015-04-25,10.6250
2015-04-26,13.0640
2015-04-28,13.4120
2015-04-28,8.6868
2015-04-29,11.7580
2015-04-30,8.9474
2015-05-01,12.0480
2015-05-02,9.7575
2015-05-03,12.2180
2015-05-04,5.6645
2015-05-05,13.3210
2015-05-07,9.3333
2015-05-08,12.2180
2015-05-09,9.8423
2015-05-10,12.7270
2015-05-11,10.2270
2015-05-12,12.9820
2015-05-14,12.7270
2015-05-14,8.3363
2015-05-15,11.2000
2015-05-16,8.9379
2015-05-17,11.8790
2015-05-18,9.7575
2015-05-19,12.2180
2015-05-20,7.4668
2015-05-21,12.7270
2015-05-22,10.0840
2015-05-23,9.0787
2015-05-25,9.9272
2015-05-26,11.7090
2015-05-27,9.7973
2015-05-28,12.2180
2015-05-30,12.4730
2015-05-30,8.4222
2015-05-31,10.8610
2015-06-01,9.9070
2015-06-02,13.1050
2015-06-03,11.0820
2015-06-04,13.8760
2015-06-06,15.1290
2015-06-07,8.9170
2015-06-08,10.0220
2015-06-09,12.9130
2015-06-10,11.1780
2015-06-11,13.5870
2015-06-13,14.0690
2015-06-15,14.2620
2015-06-15,9.5223
2015-06-16,12.5270
2015-06-17,10.0990
2015-06-18,13.1050
2015-06-19,10.9850
2015-06-20,13.2980
2015-06-22,13.8760
2015-06-23,10.6430
2015-06-24,9.7326
2015-06-26,11.0820
2015-06-27,13.1050
2015-06-28,11.6380
2015-06-29,14.0690
2015-07-01,14.1860
2015-07-01,9.6316
2015-07-02,12.3650
2015-07-03,10.0170
2015-07-04,12.9400
2015-07-05,10.3520
2015-07-06,13.3240
2015-07-08,13.7070
2015-07-09,10.4230
2015-07-10,10.2560
2015-07-11,13.3240
2015-07-12,11.5020
2015-07-13,13.2280
2015-07-14,10.9800
2015-07-15,13.0360
2015-07-17,13.3240
2015-07-17,9.3427
2015-07-18,13.2280
2015-07-19,10.2100
2015-07-20,12.6530
2015-07-21,11.0230
2015-07-22,13.8990
2015-07-24,14.4740
2015-07-25,11.9530
2015-07-26,10.1600
2015-07-28,10.7350
2015-07-29,13.4190
2015-07-31,13.6110
2015-08-02,13.8240
2015-08-02,9.3684
2015-08-04,10.2380
2015-08-05,12.7610
2015-08-06,10.4410
2015-08-07,13.5340
2015-08-09,14.1140
2015-08-10,11.0960
2015-08-11,10.1500
2015-08-12,12.2770
2015-08-13,11.1170
2015-08-14,13.4370
2015-08-15,11.2030
2015-08-16,13.8240
2015-08-18,14.3070
2015-08-18,9.5616
2015-08-19,12.2770
2015-08-20,10.0440
2015-08-21,12.9540
2015-08-22,10.7210
2015-08-23,13.3410
2015-08-25,14.2110
2015-08-26,8.9732
2015-08-27,9.7638
2015-08-29,10.3440
2015-08-30,13.0380
2015-08-31,10.3440
2015-09-01,13.2320
2015-09-03,13.8120
2015-09-03,8.8808
2015-09-04,11.5900
2015-09-05,9.4600
2015-09-06,12.5560
2015-09-07,10.3350
2015-09-08,12.5560
2015-09-10,13.6190
2015-09-11,8.1181
2015-09-12,9.2723
2015-09-13,11.4940
2015-09-14,9.8518
2015-09-15,12.3630
2015-09-16,10.4250
2015-09-17,12.9430
2015-09-19,13.3290
2015-09-19,8.0120
2015-09-20,10.4310
2015-09-21,8.3016
2015-09-22,11.5900
2015-09-23,9.4654
2015-09-24,12.2660
2015-09-26,13.1360
2015-09-27,8.0214
2015-09-28,8.3064
2015-09-30,8.9825
2015-10-01,10.7930
2015-10-02,9.5111
2015-10-03,11.7430
2015-10-05,12.5200
2015-10-05,7.1953
2015-10-06,10.2870
2015-10-07,7.3898
2015-10-08,10.3850
2015-10-09,7.9582
2015-10-10,10.8700
2015-10-12,11.4520
2015-10-14,7.0848
2015-10-15,9.9963
2015-10-16,7.5700
2015-10-17,10.4820
2015-10-19,10.5790
2015-10-21,11.1610
2015-10-21,6.0285
2015-10-22,9.6081
2015-10-23,6.8064
2015-10-24,10.0930
2015-10-25,7.1953
2015-10-26,10.2870
2015-10-28,10.6760
2015-10-30,6.2113
2015-11-01,6.6115
2015-11-02,9.2367
2015-11-04,9.6256
2015-11-06,9.8201
2015-11-06,5.1588
2015-11-07,8.1672
2015-11-08,5.7428
2015-11-09,8.2644
2015-11-10,5.8401
2015-11-11,8.4589
2015-11-13,9.3339
2015-11-15,5.5420
2015-11-16,7.8755
2015-11-17,6.1254
2015-11-18,8.4589
2015-11-20,8.0700
2015-11-23,6.8060
2015-11-24,4.7694
2015-11-25,7.4866
2015-11-26,5.3535
2015-11-27,7.7783
2015-11-29,8.1672
2015-12-01,4.8470
2015-12-03,5.3317
2015-12-04,7.0767
2015-12-06,7.7553
2015-12-08,8.3369
2015-12-08,4.4717
2015-12-09,6.9797
2015-12-10,4.7633
2015-12-11,6.9797
2015-12-12,5.3466
2015-12-13,7.8522
2015-12-15,8.0461
2015-12-17,5.0409
2015-12-18,7.4644
2015-12-19,5.6226
2015-12-20,7.5824
2015-12-21,5.5410
2015-12-22,8.0461
2015-12-24,7.6583
2015-12-24,4.3745
2015-12-25,6.7859
2015-12-26,5.0549
2015-12-27,7.8522
2015-12-28,6.0270
2015-12-29,7.9491
2015-12-31,7.9491
2016-01-02,5.0292
2016-01-04,5.8674
2016-01-05,7.7029
2016-01-07,8.0095
2016-01-09,9.0339
2016-01-09,5.4484
2016-01-10,7.5438
2016-01-11,5.6363
2016-01-12,8.1026
2016-01-13,6.5756
2016-01-14,8.3820
2016-01-16,8.9408
2016-01-18,5.6811
2016-01-19,8.1026
2016-01-20,6.8919
2016-01-21,8.1026
2016-01-23,8.3820
2016-01-25,9.7790
2016-01-25,6.1999
2016-01-26,8.4751
2016-01-27,6.7635
2016-01-28,9.5927
2016-01-29,7.6090
2016-01-30,9.9653
2016-02-01,10.7940
2016-02-03,7.4730
2016-02-05,8.3956
2016-02-06,10.3330
2016-02-08,10.2410
2016-02-10,10.1480
2016-02-10,6.5215
2016-02-11,8.9491
2016-02-12,6.9808
2016-02-13,9.5027
2016-02-14,7.8075
2016-02-15,9.7794
2016-02-17,10.2410
2016-02-19,8.0265
2016-02-20,10.0560
2016-02-21,8.3033
2016-02-22,10.4250
2016-02-24,11.0710
2016-02-26,12.4550
2016-02-26,7.8993
2016-02-27,10.8870
2016-02-28,8.3586
2016-02-29,10.8870
2016-03-02,12.2830
2016-03-04,12.6420
2016-03-06,8.5176
2016-03-08,7.9544
2016-03-09,12.2030
2016-03-11,11.3870
2016-03-13,13.0900
2016-03-13,8.5871
2016-03-14,11.8350
2016-03-15,9.5814
2016-03-16,12.5520
2016-03-17,9.8526
2016-03-18,12.8210
2016-03-20,13.3590
2016-03-21,5.7632
2016-03-22,9.2349
2016-03-23,12.5520
2016-03-24,10.4900
2016-03-25,13.0900
2016-03-27,13.8970
2016-03-29,14.5250
2016-03-29,9.5814
2016-03-30,13.4490
2016-03-31,10.6660
2016-04-01,13.8480
2016-04-02,11.4090
2016-04-03,14.8930
2016-04-05,14.1960
2016-04-06,11.4820
2016-04-07,9.6674
2016-04-09,10.8000
2016-04-10,13.4120
2016-04-11,11.1480
2016-04-12,14.2830
2016-04-14,14.6320
2016-04-14,9.1212
2016-04-15,12.7160
2016-04-16,9.8161
2016-04-17,12.7160
2016-04-18,10.1030
2016-04-19,12.6290
2016-04-21,13.4120
2016-04-22,11.8650
2016-04-23,9.5803
2016-04-24,11.9320
2016-04-25,10.5380
2016-04-26,13.5510
2016-04-27,11.4090
2016-04-28,14.3700
2016-04-30,14.3700
2016-04-30,9.1212
2016-05-01,12.4730
2016-05-02,9.8832
2016-05-03,12.8120
2016-05-04,10.1820
2016-05-05,13.2360
2016-05-07,13.4910
2016-05-08,12.1840
2016-05-09,9.4181
2016-05-11,10.3510
2016-05-12,13.2350
2016-05-13,10.3510
2016-05-14,12.6420
2016-05-16,14.0000
2016-05-16,8.9379
2016-05-17,11.5390
2016-05-18,10.1410
2016-05-19,13.1510
2016-05-20,10.3510
2016-05-21,12.8120
2016-05-23,13.5760
2016-05-24,11.9640
2016-05-25,9.6726
2016-05-26,12.2180
2016-05-27,10.4360
2016-05-28,12.5470
2016-06-14,11.4670
2016-06-15,14.2620
2016-06-17,14.7430
2016-06-17,9.8108
2016-06-18,12.3340
2016-06-19,10.0990
2016-06-20,14.5510
2016-06-21,11.6600
2016-06-22,13.4910
2016-06-24,15.1290
2016-06-25,13.1050
2016-06-26,10.6960
2016-06-27,13.3940
2016-06-28,11.0820
2016-06-29,12.9850
2016-06-30,11.0820
2016-07-01,14.1860
2016-07-03,15.1450
2016-07-03,10.3060
2016-07-04,12.3650
2016-07-05,10.5950
2016-07-06,13.1320
2016-07-07,11.3110
2016-07-08,13.6110
2016-07-10,14.9530
2016-07-11,13.5150
2016-07-12,11.0230
2016-07-14,11.6940
2016-07-15,14.1590
2016-07-16,11.4060
2016-07-17,14.0900
2016-07-19,14.3780
2016-07-19,9.8243
2016-07-20,12.4610
2016-07-21,11.0760
2016-07-22,14.0900
2016-07-23,11.1190
2016-07-24,13.9940
2016-07-26,14.4740
2016-07-27,13.4190
2016-07-28,11.0230
2016-07-29,13.1320
2016-07-30,11.6940
2016-07-31,13.6770
2016-08-01,11.2140
2016-08-02,14.0170
2016-08-04,14.8870
2016-08-04,9.9479
2016-08-05,13.2440
2016-08-06,11.5900
2016-08-07,13.8240
2016-08-08,11.2140
2016-08-09,14.3070
2016-08-11,14.5970
2016-08-12,12.7800
2016-08-13,10.6340
2016-08-15,11.0210
2016-08-16,14.3910
2016-08-17,11.8910
2016-08-18,14.0170
2016-08-20,14.1140
2016-08-20,9.3684
2016-08-21,12.5670
2016-08-22,10.4310
2016-08-23,13.3410
2016-08-24,10.7310
2016-08-25,13.3410
2016-08-27,14.3070
2016-08-28,11.7940
2016-08-29,9.8605
2016-08-30,12.3740
2016-08-31,7.2364
2016-09-01,13.1280
2016-09-02,10.7210
2016-09-03,14.0050
2016-09-05,14.4880
2016-09-05,8.8808
2016-09-06,11.6870
2016-09-07,9.9484
2016-09-08,13.2320
2016-09-09,9.9484
2016-09-10,12.2660
2016-09-12,13.3210
2016-09-13,11.4940
2016-09-14,8.7893
2016-09-16,10.2380
2016-09-17,13.0320
2016-09-18,10.1420
2016-09-19,13.0390
2016-09-21,13.3290
2016-09-21,8.1085
2016-09-22,11.7840
2016-09-23,8.7842
2016-09-24,11.6870
2016-09-25,8.9825
2016-09-26,12.3630
2016-09-28,13.1360
2016-09-29,10.9140
2016-09-30,8.1132
2016-10-01,11.2580
2016-10-02,8.9287
2016-10-03,11.4740
2016-10-04,8.5405
2016-10-05,11.5490
2016-10-07,12.1310
2016-10-07,7.0008
2016-10-08,10.3850
2016-10-09,7.9732
2016-10-10,10.1900
2016-10-11,7.9582
2016-10-12,10.9670
2016-10-14,11.6460
2016-10-15,9.0258
2016-10-16,6.8907
2016-10-18,7.5700
2016-10-19,9.6261
2016-10-20,7.3759
2016-10-21,10.3850
2016-10-23,11.4520
2016-10-23,6.1257
2016-10-24,9.1229
2016-10-25,6.5147
2016-10-26,9.1229
2016-10-27,6.4054
2016-10-28,9.1229
2016-10-30,9.8993
2016-10-31,8.1523
2016-11-01,6.0282
2016-11-02,8.6533
2016-11-03,6.7088
2016-11-04,9.0522
2016-11-05,6.7088
2016-11-06,9.7228
2016-11-08,9.7228
2016-11-08,5.0615
2016-11-09,8.1672
2016-11-10,5.7428
2016-11-11,8.9450
2016-11-12,6.4171
2016-11-13,8.9450
2016-11-14,5.9309
2016-11-15,9.1395
2016-11-16,6.2226
2016-11-17,5.1531
2016-11-19,5.7365
2016-11-20,7.7868
2016-11-22,8.2644
2016-11-24,8.3616
2016-11-24,4.3801
2016-11-25,7.0004
2016-11-26,5.1588
2016-11-27,7.5838
2016-11-28,5.5481
2016-11-29,7.9727
2016-12-01,8.5308
2016-12-02,5.5774
2016-12-03,5.1379
2016-12-04,7.7553
2016-12-05,5.9134
2016-12-06,7.8522
2016-12-07,5.6382
2016-12-08,8.1430
2016-12-10,8.3369
2016-12-10,4.4717
2016-12-11,6.7859
2016-12-12,4.9577
2016-12-13,7.7553
2016-12-14,5.8326
2016-12-15,8.3369
2016-12-17,8.4338
2016-12-19,5.1379
2016-12-21,5.9134
2016-12-22,7.6796
2016-12-24,7.7553
2016-12-26,8.1430
2016-12-26,4.6661
2016-12-27,7.1736
2016-12-28,5.3466
2016-12-29,7.5614
2016-12-30,5.7354
2016-12-31,7.8522
2017-01-02,8.3820
2017-01-03,9.0339
2017-01-04,5.3086
2017-01-05,7.1713
2017-01-06,5.3086
2017-01-07,7.1713
2017-01-08,5.4949
2017-01-09,7.9163
2017-01-11,8.3820
2017-01-11,5.1666
2017-01-12,7.5438
2017-01-13,6.1999
2017-01-14,8.6614
2017-01-16,8.5683
2017-01-18,9.0339
2017-01-20,6.1468
2017-01-22,6.8919
2017-01-23,8.7362
2017-01-25,8.9408
2017-01-27,9.4996
2017-01-27,6.0120
2017-01-28,8.7545
2017-01-29,7.0453
2017-01-30,9.3133
2017-01-31,7.4211
2017-02-01,9.5027
2017-02-03,10.0560
2017-02-05,6.9194
2017-02-06,9.6872
2017-02-07,7.0727
2017-02-08,9.7364
2017-02-10,10.1480
2017-02-12,10.6100
2017-02-12,6.8889
2017-02-13,9.7794
2017-02-14,7.8075
2017-02-15,10.6100
2017-02-17,10.0560
2017-02-19,11.3480
2017-02-21,7.9343
2017-02-23,7.1645
2017-02-24,10.7020
2017-02-26,11.6250
2017-02-28,12.7320
2017-02-28,8.2667
2017-03-01,11.4760
2017-03-02,9.1295
2017-03-03,11.9250
2017-03-05,12.7320
2017-03-07,12.7320
2017-03-09,8.6073
2017-03-10,11.3870
2017-03-11,4.7377
2017-03-17,10.5800
2017-03-18,9.1295
2017-03-19,11.8350
2017-03-21,12.0140
2017-03-23,12.8210
2017-03-25,8.7866
2017-03-27,7.6832
2017-03-28,12.4630
2017-03-29,10.4900
2017-04-01,12.8900
2017-04-02,11.4960
2017-04-03,9.1212
2017-04-04,12.0190
2017-04-05,10.0160
2017-04-06,13.1510
2017-04-08,12.9770
2017-04-09,11.7770
2017-04-10,8.9706
2017-04-11,11.1480
2017-04-12,9.4932
2017-04-13,12.3670
2017-04-14,10.3640
2017-04-15,12.8900
2017-04-17,12.9770
2017-04-17,7.9919
2017-04-18,10.2770
2017-04-19,8.6000
2017-04-20,11.4960
2017-04-21,9.0577
2017-04-22,12.0190
2017-04-24,13.1510
2017-04-25,12.1260
2017-04-26,9.1448
2017-04-28,10.8000
2017-04-29,13.0300
2017-04-30,10.6250
2017-05-01,13.1510
2017-05-03,13.5760
2017-05-03,8.8519
2017-05-04,10.5210
2017-05-05,9.0238
2017-05-06,12.3030
2017-05-07,9.5878
2017-05-08,12.6420
2017-05-10,12.4730
2017-05-11,11.5920
2017-05-12,8.9939
2017-05-13,11.4540
2017-05-14,9.5030
2017-05-15,12.2180
2017-05-16,10.1820
2017-05-17,12.7270
2017-05-19,13.0670
2017-05-19,8.7660
2017-05-20,11.4540
2017-05-21,9.3676
2017-05-22,11.8790
2017-05-23,9.8423
2017-05-24,12.3880
2017-05-26,12.5570
2017-05-27,10.8610
2017-05-28,9.1636
2017-05-30,10.0120
2017-05-31,12.7270
2017-06-01,12.2380
2017-06-02,14.7430
2017-06-04,15.3220
2017-06-04,10.0990
2017-06-05,13.2020
2017-06-06,11.0610
2017-06-07,14.0690
2017-06-08,11.7340
2017-06-09,14.8400
2017-06-11,14.7430
2017-06-12,8.9170
2017-06-13,10.8890
2017-06-14,13.0090
2017-06-15,11.2740
2017-06-16,13.7540
2017-06-18,13.7800
2017-06-20,14.6470
2017-06-20,9.6184
2017-06-21,13.1050
2017-06-22,11.1570
2017-06-23,13.8760
2017-06-24,11.2540
2017-06-25,14.4540
2017-06-27,14.6470
2017-06-28,7.6705
2017-06-29,10.8890
2017-07-01,11.4060
2017-07-02,13.9660
2017-07-04,13.4190
2017-07-06,14.2820
2017-07-06,9.8243
2017-07-07,12.1730
2017-07-08,11.0760
2017-07-09,13.6110
2017-07-10,11.4060
2017-07-11,13.9940
2017-07-13,14.5700
2017-07-14,12.4610
2017-07-15,10.2560
2017-07-16,12.0770
2017-07-17,10.7350
2017-07-18,13.7730
2017-07-19,11.5980
2017-07-20,14.3780
2017-07-22,14.5700
2017-07-22,10.0170
2017-07-23,12.5570
2017-07-24,11.1730
2017-07-25,13.5150
2017-07-26,11.5020
2017-07-27,14.4740
2017-07-29,14.0900
2017-07-30,12.3650
2017-07-31,10.4480
2017-08-02,11.2140
2017-08-03,13.0380
2017-08-04,11.5040
2017-08-05,14.2110
2017-08-07,14.5970
2017-08-07,9.9479
2017-08-08,13.3410
2017-08-09,11.5900
2017-08-10,14.7910
2017-08-11,11.1170
2017-08-12,14.2110
2017-08-14,14.3070
2017-08-15,12.6640
2017-08-16,10.3440
2017-08-17,13.2440
2017-08-18,11.5040
2017-08-19,13.8110
2017-08-20,11.4070
2017-08-21,14.3070
2017-08-23,14.0170
2017-08-23,9.3684
2017-08-24,12.4710
2017-08-25,10.4310
2017-08-26,13.7270
2017-08-27,11.0210
2017-08-28,14.3070
2017-08-30,14.2110
2017-08-31,13.2440
2017-09-01,10.4310
2017-09-03,11.1070
2017-09-04,13.4180
2017-09-05,11.1070
2017-09-06,14.3910
2017-09-08,14.1020
2017-09-08,9.2669
2017-09-09,12.1700
2017-09-10,9.5565
2017-09-11,12.7490
2017-09-12,10.1420
2017-09-13,13.4250
2017-09-15,13.7150
2017-09-16,11.7840
2017-09-17,9.1757
2017-09-18,12.2660
2017-09-19,9.3689
2017-09-20,12.9350
2017-09-21,9.8518
2017-09-22,12.7490
2017-09-24,13.1360
2017-09-24,7.8189
2017-09-25,10.8180
2017-09-26,8.3981
2017-09-27,11.9770
2017-09-28,9.4654
2017-09-29,12.9430
2017-10-01,12.7140
2017-10-02,10.5790
2017-10-03,7.7641
2017-10-05,8.4435
2017-10-06,10.7930
2017-10-07,8.4593
2017-10-08,11.6460
2017-10-10,8.2649
2017-10-10,6.4174
2017-10-11,9.4140
2017-10-12,7.0008
2017-10-13,9.9963
2017-10-14,7.3759
2017-10-15,10.2870
2017-10-17,11.0640
2017-10-18,7.0606
2017-10-19,6.5995
2017-10-20,9.0258
2017-10-21,7.0848
2017-10-22,9.7234
2017-10-24,9.8993
2017-10-26,10.1900
2017-10-26,5.3478
2017-10-27,8.2494
2017-10-28,5.8340
2017-10-29,9.0258
2017-10-30,6.5147
2017-10-31,9.6081
2017-11-02,9.6256
2017-11-03,5.6071
2017-11-04,5.6392
2017-11-06,6.2226
2017-11-07,8.5561
2017-11-09,8.8478
2017-11-11,9.7228
2017-11-11,5.0615
2017-11-12,7.7783
2017-11-13,5.4508
2017-11-14,8.1672
2017-11-15,5.7428
2017-11-16,7.9727
2017-11-18,8.5561
2017-11-19,6.2838
2017-11-20,5.0559
2017-11-21,7.1949
2017-11-22,5.2503
2017-11-23,7.0004
2017-11-25,7.5838
2017-11-27,8.1672
2017-11-27,4.2828
2017-11-28,7.0004
2017-11-29,5.0615
2017-11-30,7.6810
2017-12-01,5.3466
2017-12-02,7.4644
2017-12-04,7.6583
2017-12-05,5.9621
2017-12-06,4.6532
2017-12-08,5.3317
2017-12-09,7.2706
2017-12-11,7.7553
2017-12-13,7.7553
2017-12-13,4.2772
2017-12-14,6.6889
2017-12-15,4.8605
2017-12-16,7.0767
2017-12-17,5.2494
2017-12-18,7.0767
2017-12-20,7.7553
2017-12-21,5.8659
2017-12-22,4.7501
2017-12-23,6.6889
2017-12-24,5.5256
2017-12-25,7.0767
2017-12-27,7.6583
2017-12-29,7.7553
2017-12-29,4.4717
2017-12-30,6.4950
2017-12-31,4.9577
2018-01-01,6.6125
2018-01-02,5.5423
2018-01-03,7.4507
2018-01-05,7.9163
2018-01-06,5.8203
2018-01-07,5.0292
2018-01-09,5.7743
2018-01-10,7.1713
2018-01-12,7.3575
2018-01-14,8.0095
2018-01-14,4.8848
2018-01-15,6.7987
2018-01-16,5.2605
2018-01-17,7.8232
2018-01-18,6.1060
2018-01-19,8.4751
2018-01-21,9.0339
2018-01-22,7.2985
2018-01-23,5.9605
2018-01-24,8.1957
2018-01-25,6.7987
2018-01-26,8.8477
2018-01-28,9.1271
2018-01-30,9.6859
2018-01-30,6.2938
2018-01-31,8.8477
2018-02-01,6.7971
2018-02-02,8.8568
2018-02-03,7.2564
2018-02-04,9.2259
2018-02-06,9.7794
2018-02-07,7.0318
2018-02-08,7.4730
2018-02-10,8.3956
2018-02-11,10.2410
2018-02-13,10.7940
2018-02-15,10.9790
2018-02-15,7.0727
2018-02-16,9.9640
2018-02-17,7.5319
2018-02-18,10.2410
2018-02-20,11.4400
2018-02-22,11.3480
2018-02-24,8.0265
2018-02-25,10.1480
2018-02-26,6.7215
2018-02-27,11.0710
2018-03-01,10.9380
2018-03-03,11.2070
2018-03-03,7.4121
2018-03-04,10.3110
2018-03-05,8.4064
2018-03-06,10.7590
2018-03-07,8.5871
2018-03-08,11.4760
2018-03-10,12.3730
2018-03-12,8.6073
2018-03-14,6.0786
2018-03-15,12.2030
2018-03-17,12.2830
2018-03-19,12.7320
2018-03-19,8.1352
2018-03-20,10.9380
2018-03-21,8.9487
2018-03-22,11.4760
2018-03-24,12.1040
2018-03-26,12.3730
2018-03-28,8.3383
2018-03-29,11.6560
2018-03-30,5.1847
2018-03-31,12.5640
2018-04-02,12.2800
2018-04-04,12.9770
2018-04-04,8.5131
2018-04-05,11.0610
2018-04-06,9.0343
2018-04-07,10.9740
2018-04-09,12.0190
2018-04-11,12.8030
2018-04-12,11.4090
2018-04-13,8.9706
2018-04-15,9.7545
2018-04-16,12.0750
2018-04-17,10.1640
2018-04-18,12.6290
2018-04-20,12.6290
2018-04-20,8.1656
2018-04-21,11.2350
2018-04-22,9.1212
2018-04-23,12.6290
2018-04-24,10.1900
2018-04-25,12.2800
2018-04-27,12.8900
2018-04-28,11.3220
2018-04-29,8.8835
2018-04-30,12.2800
2018-05-01,10.0970
2018-05-02,12.5470
2018-05-03,10.4850
2018-05-04,12.6420
2018-05-06,12.7270
2018-05-06,8.3363
2018-05-07,11.4540
2018-05-08,9.1098
2018-05-09,10.9450
2018-05-10,9.0787
2018-05-11,12.1330
2018-05-13,12.6420
2018-05-14,11.2000
2018-05-15,9.0787
2018-05-17,10.0120
2018-05-18,12.5470
2018-05-19,10.4850
2018-05-20,12.7270
2018-05-22,13.2360
2018-05-22,8.8519
2018-05-23,11.5390
2018-05-24,9.4535
2018-05-25,12.1330
2018-05-26,10.0120
2018-05-27,12.3880
2018-05-29,12.6420
2018-05-30,11.2000
2018-05-31,8.7393
2018-06-01,13.0090
2018-06-02,10.6000
2018-06-03,13.3700
2018-06-04,11.3500
2018-06-05,13.9730
2018-06-07,14.6470
2018-06-07,9.9070
2018-06-08,13.0090
2018-06-09,10.6760
2018-06-10,13.3940
2018-06-11,11.4670
2018-06-12,14.7430
2018-06-14,15.5140
2018-06-15,13.1050
2018-06-16,10.4070
2018-06-18,10.9850
2018-06-19,13.8510
2018-06-20,11.3500
2018-06-21,13.7800
2018-06-23,13.4910
2018-06-23,9.1375
2018-06-24,12.0450
2018-06-25,10.1960
2018-06-26,13.3940
2018-06-27,10.7730
2018-06-28,13.6830
2018-06-30,13.9730
2018-07-01,11.5020
2018-07-02,9.8728
2018-07-03,12.3650
2018-07-04,10.3520
2018-07-05,12.6170
2018-07-06,10.6910
2018-07-07,13.2280
2018-07-09,13.5150
2018-07-09,9.2464
2018-07-10,12.0770
2018-07-11,9.7280
2018-07-12,13.1320
2018-07-13,11.3110
2018-07-14,14.1860
2018-07-16,13.9940
2018-07-17,12.4610
2018-07-18,10.1600
2018-07-20,11.0230
2018-07-21,13.3880
2018-07-22,11.4620
2018-07-23,13.8990
2018-07-25,14.0900
2018-07-25,9.7280
2018-07-26,11.8860
2018-07-27,10.5950
2018-07-28,13.1320
2018-07-29,11.4060
2018-07-30,13.4190
2018-08-01,14.3070
2018-08-02,11.9870
2018-08-03,10.3440
2018-08-04,11.8910
2018-08-05,11.5040
2018-08-06,14.1010
2018-08-07,11.4930
2018-08-08,13.4370
2018-08-10,14.7910
2018-08-10,9.7547
2018-08-11,12.3740
2018-08-12,10.2380
2018-08-13,12.6640
2018-08-14,10.6340
2018-08-15,13.8240
2018-08-17,14.1140
2018-08-18,11.8910
2018-08-19,9.8605
2018-08-21,11.0210
2018-08-22,13.8110
2018-08-23,11.0100
2018-08-24,13.0510
2018-08-26,13.3410
2018-08-26,8.9821
2018-08-27,11.7940
2018-08-28,9.8513
2018-08-29,12.9540
2018-08-30,10.4410
2018-08-31,13.0510
2018-09-02,13.7150
2018-09-03,11.3010
2018-09-04,9.5620
2018-09-05,11.8800
2018-09-06,10.0450
2018-09-07,12.6450
2018-09-08,10.1360
2018-09-09,12.5560
2018-09-11,13.6190
2018-09-11,8.4947
2018-09-12,11.1070
2018-09-13,9.2669
2018-09-14,12.4600
2018-09-15,9.6586
2018-09-16,12.9430
2018-09-18,13.2320
2018-09-19,11.0110
2018-09-20,8.4996
2018-09-22,9.5620
2018-09-23,11.6800
2018-09-24,9.3634
2018-09-25,12.1700
2018-09-27,12.9430
2018-09-27,7.5294
2018-09-28,10.0450
2018-09-29,7.9155
2018-09-30,11.2040
2018-10-01,8.7346
2018-10-02,11.6460
2018-10-04,12.1310
2018-10-05,10.0930
2018-10-06,7.4730
2018-10-07,10.0930
2018-10-08,7.9582
2018-10-09,10.7930
2018-10-10,8.7510
2018-10-11,11.4520
2018-10-12,15.8190
2018-10-13,11.5490
2018-10-13,6.6119
2018-10-14,9.8022
2018-10-15,7.1953
2018-10-16,10.9670
2018-10-17,7.9732
2018-10-18,11.7430
2018-10-20,11.9370
2018-10-21,3.7721
2018-10-22,6.9877
2018-10-24,7.4730
2018-10-25,9.8206
2018-10-27,10.4820
2018-10-29,10.6760
2018-10-29,5.7368
2018-10-30,8.7346
2018-10-31,6.3202
2018-11-01,9.6256
2018-11-02,7.0082
2018-11-03,9.9173
2018-11-04,8.7602
2018-11-05,10.3060
2018-11-06,7.1539
2018-11-07,5.8337
2018-11-08,8.4589
2018-11-09,6.5143
2018-11-10,8.7602
2018-11-12,9.5284
2018-11-14,9.6256
2018-11-14,4.9641
2018-11-15,7.5838
2018-11-16,5.3535
2018-11-17,7.9727
2018-11-18,5.9375
2018-11-19,8.3616
2018-11-20,15.5740
2018-11-21,8.9450
2018-11-22,6.5739
2018-11-23,5.1531
2018-11-25,5.9309
2018-11-26,7.8842
2018-11-28,8.7506
2018-11-30,8.8478
2018-11-30,4.7694
2018-12-01,7.2706
2018-12-02,5.2494
2018-12-03,7.7553
2018-12-04,5.7354
2018-12-05,8.0461
2018-12-06,13.2210
2018-12-07,8.8216
2018-12-08,6.4429
2018-12-09,5.1379
2018-12-10,7.3675
2018-12-11,5.6226
2018-12-12,8.1657
2018-12-14,8.2400
2018-12-16,8.6277
2018-12-16,4.7633
2018-12-17,7.7553
2018-12-18,5.5410
2018-12-19,7.5614
2018-12-20,5.6382
2018-12-21,8.0461
2018-12-23,8.7247
2018-12-24,6.8275
2018-12-25,5.5256
2018-12-27,6.6889
2018-12-28,8.5545
2018-12-30,8.4338
2019-01-01,8.4751
2019-01-01,5.0726
2019-01-02,7.8232
2019-01-03,5.9181
2019-01-04,8.5683
2019-01-05,6.7635
2019-01-06,8.8477
2019-01-08,9.6859
2019-01-09,7.7604
2019-01-10,6.1468
2019-01-11,8.1957
2019-01-12,6.7987
2019-01-13,8.6423
2019-01-14,6.5193
2019-01-15,9.5927
2019-01-17,10.5240
2019-01-17,6.2938
2019-01-18,8.8477
2019-01-19,6.9514
2019-01-20,9.2202
2019-01-21,7.3271
2019-01-22,9.4065
2019-01-23,14.3720
2019-01-24,9.8721
2019-01-25,8.3147
2019-01-26,6.8919
2019-01-28,7.4507
2019-01-29,9.1120
2019-01-31,9.6859
2019-02-02,9.9640
2019-02-03,8.9491
2019-02-04,7.1645
2019-02-05,9.7794
2019-02-06,7.9912
2019-02-07,10.4250
2019-02-09,11.5320
2019-02-10,9.5300
2019-02-11,8.0265
2019-02-12,10.7020
2019-02-13,8.3586
2019-02-14,10.6550
2019-02-16,10.8870
2019-02-18,11.8090
2019-02-18,7.7156
2019-02-19,11.1630
2019-02-20,8.9097
2019-02-21,11.9010
2019-02-23,12.9160
2019-02-25,13.3780
2019-02-26,10.3630
2019-02-27,8.8568
2019-03-01,7.9558
2019-03-02,11.3890
2019-03-04,12.4630
2019-03-06,12.8210
2019-03-07,10.7590
2019-03-08,9.4007
2019-03-09,12.2830
2019-03-11,13.5390
2019-03-13,13.8970
2019-03-15,9.9522
2019-03-16,13.0010
2019-03-17,7.4121
2019-03-18,12.7320
2019-03-20,13.0010
2019-03-22,14.2560
2019-03-22,9.3103
2019-03-23,12.7320
2019-03-24,10.1240
2019-03-25,13.1800
2019-03-26,10.5800
2019-03-27,13.3590
2019-03-29,13.0010
2019-03-30,11.7450
2019-03-31,9.2349
2019-04-02,10.1030
2019-04-03,12.7160
2019-04-04,10.5110
2019-04-05,13.7610
2019-04-07,14.3700
2019-04-07,9.1212
2019-04-08,12.4540
2019-04-09,9.4687
2019-04-10,12.7160
2019-04-11,10.8870
2019-04-12,13.9350
2019-04-14,14.3700
2019-04-15,12.6290
2019-04-16,10.1030
2019-04-17,12.4540
2019-04-18,11.1480
2019-04-19,12.6830
2019-04-20,10.3370
2019-04-21,13.0640
2019-04-23,14.1960
2019-04-23,9.0343
2019-04-24,12.8030
2019-04-25,9.7293
2019-04-26,12.5410
2019-04-27,10.6250
2019-04-28,13.6740
2019-04-30,13.8480
2019-05-01,11.8790
2019-05-02,8.9939
2019-05-04,10.0120
2019-05-05,12.5470
2019-05-06,10.0550
2019-05-07,12.8970
2019-05-09,13.5760
2019-05-09,9.0238
2019-05-10,11.6240
2019-05-11,9.7114
2019-05-12,12.6420
2019-05-13,10.2670
2019-05-14,12.8970
2019-05-16,14.5940
2019-05-17,12.6420
2019-05-18,9.3333
2019-05-19,11.4540
2019-05-20,9.8423
2019-05-21,12.2900
2019-05-22,10.4850
2019-05-23,12.7270
2019-05-25,13.0670
2019-05-25,8.6801
2019-05-26,11.4540
2019-05-27,9.5395
2019-05-28,12.3030
2019-05-29,10.2670
2019-05-30,12.6420
2019-05-31,12.7190
2019-06-01,15.7070
2019-06-02,13.0090
2019-06-03,10.8890
2019-06-05,12.0450
2019-06-06,14.7160
2019-06-08,14.6470
2019-06-10,14.9360
2019-06-10,9.8108
2019-06-11,12.7200
2019-06-12,10.2920
2019-06-13,13.0090
2019-06-14,11.7560
2019-06-15,13.7800
2019-06-17,14.1650
2019-06-18,12.5270
2019-06-19,10.6960
2019-06-20,12.8160
2019-06-21,11.1780
2019-06-22,13.7540
2019-06-23,11.6380
2019-06-24,14.2620
2019-06-26,14.5510
2019-06-26,9.9070
2019-06-27,13.1050
2019-06-28,10.8690
2019-06-29,12.7200
2019-06-30,11.0820
2019-07-01,13.8990
2019-07-02,16.8550
2019-07-03,14.6650
2019-07-04,12.0770
2019-07-05,10.1600
2019-07-07,10.6400
2019-07-08,13.7730
2019-07-09,11.6540
2019-07-10,13.8030
2019-07-12,14.2820
2019-07-12,10.1130
2019-07-13,12.2690
2019-07-14,10.5950
2019-07-15,13.0360
2019-07-16,11.3110
2019-07-17,14.0900
2019-07-19,14.3780
2019-07-20,12.8440
2019-07-21,11.1190
2019-07-22,13.0360
2019-07-23,11.3110
2019-07-24,13.3880
2019-07-25,11.5580
2019-07-26,13.5150
2019-07-28,14.5700
2019-07-28,10.0170
2019-07-29,12.3650
2019-07-30,10.4980
2019-07-31,13.1320
2019-08-01,11.3110
2019-08-02,13.6310
2019-08-04,14.8870
2019-08-05,12.6640
2019-08-06,10.4410
2019-08-08,11.2140
2019-08-09,13.8110
2019-08-10,11.3970
2019-08-11,13.7270
2019-08-13,14.5970
2019-08-13,9.7547
2019-08-14,12.3740
2019-08-15,10.3340
2019-08-16,13.2440
2019-08-17,11.0210
2019-08-18,13.6310
2019-08-20,14.6940
2019-08-21,12.5670
2019-08-22,10.2470
2019-08-23,12.8570
2019-08-24,11.8910
2019-08-25,13.6180
2019-08-26,11.1070
2019-08-27,13.6310
2019-08-29,14.5010
2019-08-29,9.2718
2019-08-30,12.2770
2019-08-31,9.8513
2019-09-01,12.8460
2019-09-02,10.4310
2019-09-03,13.4250
2019-09-05,14.4880
2019-09-06,12.4600
2019-09-07,9.7552
2019-09-09,10.6240
2019-09-10,12.6450
2019-09-11,10.2320
2019-09-12,12.7490
2019-09-14,13.3290
2019-09-14,8.6877
2019-09-15,11.5900
2019-09-16,8.9773
2019-09-17,11.9770
2019-09-18,10.1420
2019-09-19,12.7490
2019-09-21,13.8120
2019-09-22,11.3010
2019-09-23,8.8859
2019-09-24,11.5900
2019-09-25,9.8518
2019-09-26,11.4870
2019-09-27,9.4600
2019-09-28,12.3630
2019-09-30,12.6530
2019-09-30,7.6259
2019-10-01,10.1900
2019-10-02,7.9732
2019-10-03,10.8700
2019-10-04,8.3621
2019-10-05,11.6460
2019-10-07,12.1310
2019-10-08,9.9963
2019-10-09,7.5700
2019-10-11,7.9582
2019-10-12,10.6960
2019-10-13,8.2649
2019-10-14,11.0640
2019-10-16,11.3550
2019-10-16,6.5147
2019-10-17,9.1229
2019-10-18,7.0008
2019-10-19,10.0930
2019-10-20,7.3898
2019-10-21,10.3850
2019-10-23,10.6760
2019-10-24,8.3464
2019-10-25,6.1143
2019-10-26,9.0258
2019-10-27,7.0848
2019-10-28,9.3344
2019-10-30,9.8993
2019-11-01,10.1120
2019-11-01,5.4508
2019-11-02,7.6810
2019-11-03,5.8401
2019-11-04,8.6533
2019-11-05,6.6188
2019-11-06,9.0422
2019-11-08,9.6256
2019-11-09,8.0700
2019-11-10,5.6392
2019-11-12,6.6115
2019-11-13,9.0422
2019-11-15,9.3339
2019-11-17,9.4312
2019-11-17,4.8668
2019-11-18,7.3894
2019-11-19,5.2561
2019-11-20,8.1672
2019-11-21,5.7428
2019-11-22,8.1672
2019-11-24,8.5561
2019-11-25,7.0004
2019-11-26,5.0559
2019-11-27,7.2921
2019-11-28,5.7365
2019-11-29,7.9727
2019-12-01,8.0461
2019-12-03,8.1430
2019-12-03,4.3745
2019-12-04,6.8828
2019-12-05,4.8605
2019-12-06,7.1736
2019-12-07,5.4438
2019-12-08,7.3675
2019-12-10,8.1430
2019-12-11,6.1544
2019-12-12,4.9440
2019-12-13,6.6889
2019-12-14,5.2348
2019-12-15,6.9797
2019-12-17,7.6583
2019-12-19,7.7553
2019-12-19,4.3745
2019-12-20,7.1736
2019-12-21,5.0549
2019-12-22,7.2706
2019-12-23,5.4438
2019-12-24,7.2706
2019-12-26,8.0461
2019-12-28,4.9440
2019-12-29,7.2706
2019-12-30,5.5256
2019-12-31,7.1736
